delay_us,autocorr_H_db,crosscorr_HV_db
-9.999593e+00,-1.400000e+02,-1.400000e+02
-9.995524e+00,-1.400000e+02,-1.400000e+02
-9.991455e+00,-1.400000e+02,-1.400000e+02
-9.987386e+00,-1.400000e+02,-1.400000e+02
-9.983317e+00,-1.400000e+02,-1.400000e+02
-9.979248e+00,-1.400000e+02,-1.400000e+02
-9.975179e+00,-1.400000e+02,-1.400000e+02
-9.971110e+00,-1.400000e+02,-1.400000e+02
-9.967041e+00,-1.400000e+02,-1.400000e+02
-9.962972e+00,-1.400000e+02,-1.400000e+02
-9.958903e+00,-1.400000e+02,-1.400000e+02
-9.954834e+00,-1.400000e+02,-1.400000e+02
-9.950765e+00,-1.400000e+02,-1.400000e+02
-9.946696e+00,-1.400000e+02,-1.400000e+02
-9.942627e+00,-1.400000e+02,-1.400000e+02
-9.938558e+00,-1.400000e+02,-1.400000e+02
-9.934489e+00,-1.400000e+02,-1.400000e+02
-9.930420e+00,-1.400000e+02,-1.400000e+02
-9.926351e+00,-1.400000e+02,-1.400000e+02
-9.922282e+00,-1.400000e+02,-1.400000e+02
-9.918213e+00,-1.400000e+02,-1.400000e+02
-9.914144e+00,-1.400000e+02,-1.400000e+02
-9.910075e+00,-1.400000e+02,-1.400000e+02
-9.906006e+00,-1.400000e+02,-1.400000e+02
-9.901937e+00,-1.400000e+02,-1.400000e+02
-9.897868e+00,-1.400000e+02,-1.400000e+02
-9.893799e+00,-1.400000e+02,-1.400000e+02
-9.889730e+00,-1.400000e+02,-1.400000e+02
-9.885661e+00,-1.400000e+02,-1.400000e+02
-9.881592e+00,-1.400000e+02,-1.400000e+02
-9.877523e+00,-1.400000e+02,-1.400000e+02
-9.873454e+00,-1.400000e+02,-1.400000e+02
-9.869385e+00,-1.400000e+02,-1.400000e+02
-9.865316e+00,-1.400000e+02,-1.400000e+02
-9.861247e+00,-1.400000e+02,-1.400000e+02
-9.857178e+00,-1.400000e+02,-1.400000e+02
-9.853109e+00,-1.400000e+02,-1.400000e+02
-9.849040e+00,-1.400000e+02,-1.400000e+02
-9.844971e+00,-1.400000e+02,-1.400000e+02
-9.840902e+00,-1.400000e+02,-1.400000e+02
-9.836833e+00,-1.400000e+02,-1.400000e+02
-9.832764e+00,-1.400000e+02,-1.400000e+02
-9.828695e+00,-1.400000e+02,-1.400000e+02
-9.824626e+00,-1.400000e+02,-1.400000e+02
-9.820557e+00,-1.400000e+02,-1.400000e+02
-9.816488e+00,-1.400000e+02,-1.400000e+02
-9.812419e+00,-1.400000e+02,-1.400000e+02
-9.808350e+00,-1.400000e+02,-1.400000e+02
-9.804281e+00,-1.400000e+02,-1.400000e+02
-9.800212e+00,-1.400000e+02,-1.400000e+02
-9.796143e+00,-1.400000e+02,-1.400000e+02
-9.792074e+00,-1.400000e+02,-1.400000e+02
-9.788005e+00,-1.400000e+02,-1.400000e+02
-9.783936e+00,-1.400000e+02,-1.400000e+02
-9.779867e+00,-1.400000e+02,-1.400000e+02
-9.775798e+00,-1.400000e+02,-1.400000e+02
-9.771729e+00,-1.400000e+02,-1.400000e+02
-9.767660e+00,-1.400000e+02,-1.400000e+02
-9.763590e+00,-1.400000e+02,-1.400000e+02
-9.759521e+00,-1.400000e+02,-1.400000e+02
-9.755452e+00,-1.400000e+02,-1.400000e+02
-9.751383e+00,-1.400000e+02,-1.400000e+02
-9.747314e+00,-1.400000e+02,-1.400000e+02
-9.743245e+00,-1.400000e+02,-1.400000e+02
-9.739176e+00,-1.400000e+02,-1.400000e+02
-9.735107e+00,-1.400000e+02,-1.400000e+02
-9.731038e+00,-1.400000e+02,-1.400000e+02
-9.726969e+00,-1.400000e+02,-1.400000e+02
-9.722900e+00,-1.400000e+02,-1.400000e+02
-9.718831e+00,-1.400000e+02,-1.400000e+02
-9.714762e+00,-1.400000e+02,-1.400000e+02
-9.710693e+00,-1.400000e+02,-1.400000e+02
-9.706624e+00,-1.400000e+02,-1.400000e+02
-9.702555e+00,-1.400000e+02,-1.400000e+02
-9.698486e+00,-1.400000e+02,-1.400000e+02
-9.694417e+00,-1.400000e+02,-1.400000e+02
-9.690348e+00,-1.400000e+02,-1.400000e+02
-9.686279e+00,-1.400000e+02,-1.400000e+02
-9.682210e+00,-1.400000e+02,-1.400000e+02
-9.678141e+00,-1.400000e+02,-1.400000e+02
-9.674072e+00,-1.400000e+02,-1.400000e+02
-9.670003e+00,-1.400000e+02,-1.400000e+02
-9.665934e+00,-1.400000e+02,-1.400000e+02
-9.661865e+00,-1.400000e+02,-1.400000e+02
-9.657796e+00,-1.400000e+02,-1.400000e+02
-9.653727e+00,-1.400000e+02,-1.400000e+02
-9.649658e+00,-1.400000e+02,-1.400000e+02
-9.645589e+00,-1.400000e+02,-1.400000e+02
-9.641520e+00,-1.400000e+02,-1.400000e+02
-9.637451e+00,-1.400000e+02,-1.400000e+02
-9.633382e+00,-1.400000e+02,-1.400000e+02
-9.629313e+00,-1.400000e+02,-1.400000e+02
-9.625244e+00,-1.400000e+02,-1.400000e+02
-9.621175e+00,-1.400000e+02,-1.400000e+02
-9.617106e+00,-1.400000e+02,-1.400000e+02
-9.613037e+00,-1.400000e+02,-1.400000e+02
-9.608968e+00,-1.400000e+02,-1.400000e+02
-9.604899e+00,-1.400000e+02,-1.400000e+02
-9.600830e+00,-1.400000e+02,-1.400000e+02
-9.596761e+00,-1.400000e+02,-1.400000e+02
-9.592692e+00,-1.400000e+02,-1.400000e+02
-9.588623e+00,-1.400000e+02,-1.400000e+02
-9.584554e+00,-1.400000e+02,-1.400000e+02
-9.580485e+00,-1.400000e+02,-1.400000e+02
-9.576416e+00,-1.400000e+02,-1.400000e+02
-9.572347e+00,-1.400000e+02,-1.400000e+02
-9.568278e+00,-1.400000e+02,-1.400000e+02
-9.564209e+00,-1.400000e+02,-1.400000e+02
-9.560140e+00,-1.400000e+02,-1.400000e+02
-9.556071e+00,-1.400000e+02,-1.400000e+02
-9.552002e+00,-1.400000e+02,-1.400000e+02
-9.547933e+00,-1.400000e+02,-1.400000e+02
-9.543864e+00,-1.400000e+02,-1.400000e+02
-9.539795e+00,-1.400000e+02,-1.400000e+02
-9.535726e+00,-1.400000e+02,-1.400000e+02
-9.531657e+00,-1.400000e+02,-1.400000e+02
-9.527588e+00,-1.400000e+02,-1.400000e+02
-9.523519e+00,-1.400000e+02,-1.400000e+02
-9.519450e+00,-1.400000e+02,-1.400000e+02
-9.515381e+00,-1.400000e+02,-1.400000e+02
-9.511312e+00,-1.400000e+02,-1.400000e+02
-9.507243e+00,-1.400000e+02,-1.400000e+02
-9.503174e+00,-1.400000e+02,-1.400000e+02
-9.499105e+00,-1.400000e+02,-1.400000e+02
-9.495036e+00,-1.400000e+02,-1.400000e+02
-9.490967e+00,-1.400000e+02,-1.400000e+02
-9.486898e+00,-1.400000e+02,-1.400000e+02
-9.482829e+00,-1.400000e+02,-1.400000e+02
-9.478760e+00,-1.400000e+02,-1.400000e+02
-9.474691e+00,-1.400000e+02,-1.400000e+02
-9.470622e+00,-1.400000e+02,-1.400000e+02
-9.466553e+00,-1.400000e+02,-1.400000e+02
-9.462484e+00,-1.400000e+02,-1.400000e+02
-9.458415e+00,-1.400000e+02,-1.400000e+02
-9.454346e+00,-1.400000e+02,-1.400000e+02
-9.450277e+00,-1.400000e+02,-1.400000e+02
-9.446208e+00,-1.400000e+02,-1.400000e+02
-9.442139e+00,-1.400000e+02,-1.400000e+02
-9.438070e+00,-1.400000e+02,-1.400000e+02
-9.434001e+00,-1.400000e+02,-1.400000e+02
-9.429932e+00,-1.400000e+02,-1.400000e+02
-9.425863e+00,-1.400000e+02,-1.400000e+02
-9.421794e+00,-1.400000e+02,-1.400000e+02
-9.417725e+00,-1.400000e+02,-1.400000e+02
-9.413656e+00,-1.400000e+02,-1.400000e+02
-9.409587e+00,-1.400000e+02,-1.400000e+02
-9.405518e+00,-1.400000e+02,-1.400000e+02
-9.401449e+00,-1.400000e+02,-1.400000e+02
-9.397380e+00,-1.400000e+02,-1.400000e+02
-9.393311e+00,-1.400000e+02,-1.400000e+02
-9.389242e+00,-1.400000e+02,-1.400000e+02
-9.385173e+00,-1.400000e+02,-1.400000e+02
-9.381104e+00,-1.400000e+02,-1.400000e+02
-9.377035e+00,-1.400000e+02,-1.400000e+02
-9.372965e+00,-1.400000e+02,-1.400000e+02
-9.368896e+00,-1.400000e+02,-1.400000e+02
-9.364827e+00,-1.400000e+02,-1.400000e+02
-9.360758e+00,-1.400000e+02,-1.400000e+02
-9.356689e+00,-1.400000e+02,-1.400000e+02
-9.352620e+00,-1.400000e+02,-1.400000e+02
-9.348551e+00,-1.400000e+02,-1.400000e+02
-9.344482e+00,-1.400000e+02,-1.400000e+02
-9.340413e+00,-1.400000e+02,-1.400000e+02
-9.336344e+00,-1.400000e+02,-1.400000e+02
-9.332275e+00,-1.400000e+02,-1.400000e+02
-9.328206e+00,-1.400000e+02,-1.400000e+02
-9.324137e+00,-1.400000e+02,-1.400000e+02
-9.320068e+00,-1.400000e+02,-1.400000e+02
-9.315999e+00,-1.400000e+02,-1.400000e+02
-9.311930e+00,-1.400000e+02,-1.400000e+02
-9.307861e+00,-1.400000e+02,-1.400000e+02
-9.303792e+00,-1.400000e+02,-1.400000e+02
-9.299723e+00,-1.400000e+02,-1.400000e+02
-9.295654e+00,-1.400000e+02,-1.400000e+02
-9.291585e+00,-1.400000e+02,-1.400000e+02
-9.287516e+00,-1.400000e+02,-1.400000e+02
-9.283447e+00,-1.400000e+02,-1.400000e+02
-9.279378e+00,-1.400000e+02,-1.400000e+02
-9.275309e+00,-1.400000e+02,-1.400000e+02
-9.271240e+00,-1.400000e+02,-1.400000e+02
-9.267171e+00,-1.400000e+02,-1.400000e+02
-9.263102e+00,-1.400000e+02,-1.400000e+02
-9.259033e+00,-1.400000e+02,-1.400000e+02
-9.254964e+00,-1.400000e+02,-1.400000e+02
-9.250895e+00,-1.400000e+02,-1.400000e+02
-9.246826e+00,-1.400000e+02,-1.400000e+02
-9.242757e+00,-1.400000e+02,-1.400000e+02
-9.238688e+00,-1.400000e+02,-1.400000e+02
-9.234619e+00,-1.400000e+02,-1.400000e+02
-9.230550e+00,-1.400000e+02,-1.400000e+02
-9.226481e+00,-1.400000e+02,-1.400000e+02
-9.222412e+00,-1.400000e+02,-1.400000e+02
-9.218343e+00,-1.400000e+02,-1.400000e+02
-9.214274e+00,-1.400000e+02,-1.400000e+02
-9.210205e+00,-1.400000e+02,-1.400000e+02
-9.206136e+00,-1.400000e+02,-1.400000e+02
-9.202067e+00,-1.400000e+02,-1.400000e+02
-9.197998e+00,-1.400000e+02,-1.400000e+02
-9.193929e+00,-1.400000e+02,-1.400000e+02
-9.189860e+00,-1.400000e+02,-1.400000e+02
-9.185791e+00,-1.400000e+02,-1.400000e+02
-9.181722e+00,-1.400000e+02,-1.400000e+02
-9.177653e+00,-1.400000e+02,-1.400000e+02
-9.173584e+00,-1.400000e+02,-1.400000e+02
-9.169515e+00,-1.400000e+02,-1.400000e+02
-9.165446e+00,-1.400000e+02,-1.400000e+02
-9.161377e+00,-1.400000e+02,-1.400000e+02
-9.157308e+00,-1.400000e+02,-1.400000e+02
-9.153239e+00,-1.400000e+02,-1.400000e+02
-9.149170e+00,-1.400000e+02,-1.400000e+02
-9.145101e+00,-1.400000e+02,-1.400000e+02
-9.141032e+00,-1.400000e+02,-1.400000e+02
-9.136963e+00,-1.400000e+02,-1.400000e+02
-9.132894e+00,-1.400000e+02,-1.400000e+02
-9.128825e+00,-1.400000e+02,-1.400000e+02
-9.124756e+00,-1.400000e+02,-1.400000e+02
-9.120687e+00,-1.400000e+02,-1.400000e+02
-9.116618e+00,-1.400000e+02,-1.400000e+02
-9.112549e+00,-1.400000e+02,-1.400000e+02
-9.108480e+00,-1.400000e+02,-1.400000e+02
-9.104411e+00,-1.400000e+02,-1.400000e+02
-9.100342e+00,-1.400000e+02,-1.400000e+02
-9.096273e+00,-1.400000e+02,-1.400000e+02
-9.092204e+00,-1.400000e+02,-1.400000e+02
-9.088135e+00,-1.400000e+02,-1.400000e+02
-9.084066e+00,-1.400000e+02,-1.400000e+02
-9.079997e+00,-1.400000e+02,-1.400000e+02
-9.075928e+00,-1.400000e+02,-1.400000e+02
-9.071859e+00,-1.400000e+02,-1.400000e+02
-9.067790e+00,-1.400000e+02,-1.400000e+02
-9.063721e+00,-1.400000e+02,-1.400000e+02
-9.059652e+00,-1.400000e+02,-1.400000e+02
-9.055583e+00,-1.400000e+02,-1.400000e+02
-9.051514e+00,-1.400000e+02,-1.400000e+02
-9.047445e+00,-1.400000e+02,-1.400000e+02
-9.043376e+00,-1.400000e+02,-1.400000e+02
-9.039307e+00,-1.400000e+02,-1.400000e+02
-9.035238e+00,-1.400000e+02,-1.400000e+02
-9.031169e+00,-1.400000e+02,-1.400000e+02
-9.027100e+00,-1.400000e+02,-1.400000e+02
-9.023031e+00,-1.400000e+02,-1.400000e+02
-9.018962e+00,-1.400000e+02,-1.400000e+02
-9.014893e+00,-1.400000e+02,-1.400000e+02
-9.010824e+00,-1.400000e+02,-1.400000e+02
-9.006755e+00,-1.400000e+02,-1.400000e+02
-9.002686e+00,-1.400000e+02,-1.400000e+02
-8.998617e+00,-1.400000e+02,-1.400000e+02
-8.994548e+00,-1.400000e+02,-1.400000e+02
-8.990479e+00,-1.400000e+02,-1.400000e+02
-8.986410e+00,-1.400000e+02,-1.400000e+02
-8.982340e+00,-1.400000e+02,-1.400000e+02
-8.978271e+00,-1.400000e+02,-1.400000e+02
-8.974202e+00,-1.400000e+02,-1.400000e+02
-8.970133e+00,-1.400000e+02,-1.400000e+02
-8.966064e+00,-1.400000e+02,-1.400000e+02
-8.961995e+00,-1.400000e+02,-1.400000e+02
-8.957926e+00,-1.400000e+02,-1.400000e+02
-8.953857e+00,-1.400000e+02,-1.400000e+02
-8.949788e+00,-1.400000e+02,-1.400000e+02
-8.945719e+00,-1.400000e+02,-1.400000e+02
-8.941650e+00,-1.400000e+02,-1.400000e+02
-8.937581e+00,-1.400000e+02,-1.400000e+02
-8.933512e+00,-1.400000e+02,-1.400000e+02
-8.929443e+00,-1.400000e+02,-1.400000e+02
-8.925374e+00,-1.400000e+02,-1.400000e+02
-8.921305e+00,-1.400000e+02,-1.400000e+02
-8.917236e+00,-1.400000e+02,-1.400000e+02
-8.913167e+00,-1.400000e+02,-1.400000e+02
-8.909098e+00,-1.400000e+02,-1.400000e+02
-8.905029e+00,-1.400000e+02,-1.400000e+02
-8.900960e+00,-1.400000e+02,-1.400000e+02
-8.896891e+00,-1.400000e+02,-1.400000e+02
-8.892822e+00,-1.400000e+02,-1.400000e+02
-8.888753e+00,-1.400000e+02,-1.400000e+02
-8.884684e+00,-1.400000e+02,-1.400000e+02
-8.880615e+00,-1.400000e+02,-1.400000e+02
-8.876546e+00,-1.400000e+02,-1.400000e+02
-8.872477e+00,-1.400000e+02,-1.400000e+02
-8.868408e+00,-1.400000e+02,-1.400000e+02
-8.864339e+00,-1.400000e+02,-1.400000e+02
-8.860270e+00,-1.400000e+02,-1.400000e+02
-8.856201e+00,-1.400000e+02,-1.400000e+02
-8.852132e+00,-1.400000e+02,-1.400000e+02
-8.848063e+00,-1.400000e+02,-1.400000e+02
-8.843994e+00,-1.400000e+02,-1.400000e+02
-8.839925e+00,-1.400000e+02,-1.400000e+02
-8.835856e+00,-1.400000e+02,-1.400000e+02
-8.831787e+00,-1.400000e+02,-1.400000e+02
-8.827718e+00,-1.400000e+02,-1.400000e+02
-8.823649e+00,-1.400000e+02,-1.400000e+02
-8.819580e+00,-1.400000e+02,-1.400000e+02
-8.815511e+00,-1.400000e+02,-1.400000e+02
-8.811442e+00,-1.400000e+02,-1.400000e+02
-8.807373e+00,-1.400000e+02,-1.400000e+02
-8.803304e+00,-1.400000e+02,-1.400000e+02
-8.799235e+00,-1.400000e+02,-1.400000e+02
-8.795166e+00,-1.400000e+02,-1.400000e+02
-8.791097e+00,-1.400000e+02,-1.400000e+02
-8.787028e+00,-1.400000e+02,-1.400000e+02
-8.782959e+00,-1.400000e+02,-1.400000e+02
-8.778890e+00,-1.400000e+02,-1.400000e+02
-8.774821e+00,-1.400000e+02,-1.400000e+02
-8.770752e+00,-1.400000e+02,-1.400000e+02
-8.766683e+00,-1.400000e+02,-1.400000e+02
-8.762614e+00,-1.400000e+02,-1.400000e+02
-8.758545e+00,-1.400000e+02,-1.400000e+02
-8.754476e+00,-1.400000e+02,-1.400000e+02
-8.750407e+00,-1.400000e+02,-1.400000e+02
-8.746338e+00,-1.400000e+02,-1.400000e+02
-8.742269e+00,-1.400000e+02,-1.400000e+02
-8.738200e+00,-1.400000e+02,-1.400000e+02
-8.734131e+00,-1.400000e+02,-1.400000e+02
-8.730062e+00,-1.400000e+02,-1.400000e+02
-8.725993e+00,-1.400000e+02,-1.400000e+02
-8.721924e+00,-1.400000e+02,-1.400000e+02
-8.717855e+00,-1.400000e+02,-1.400000e+02
-8.713786e+00,-1.400000e+02,-1.400000e+02
-8.709717e+00,-1.400000e+02,-1.400000e+02
-8.705648e+00,-1.400000e+02,-1.400000e+02
-8.701579e+00,-1.400000e+02,-1.400000e+02
-8.697510e+00,-1.400000e+02,-1.400000e+02
-8.693441e+00,-1.400000e+02,-1.400000e+02
-8.689372e+00,-1.400000e+02,-1.400000e+02
-8.685303e+00,-1.400000e+02,-1.400000e+02
-8.681234e+00,-1.400000e+02,-1.400000e+02
-8.677165e+00,-1.400000e+02,-1.400000e+02
-8.673096e+00,-1.400000e+02,-1.400000e+02
-8.669027e+00,-1.400000e+02,-1.400000e+02
-8.664958e+00,-1.400000e+02,-1.400000e+02
-8.660889e+00,-1.400000e+02,-1.400000e+02
-8.656820e+00,-1.400000e+02,-1.400000e+02
-8.652751e+00,-1.400000e+02,-1.400000e+02
-8.648682e+00,-1.400000e+02,-1.400000e+02
-8.644613e+00,-1.400000e+02,-1.400000e+02
-8.640544e+00,-1.400000e+02,-1.400000e+02
-8.636475e+00,-1.400000e+02,-1.400000e+02
-8.632406e+00,-1.400000e+02,-1.400000e+02
-8.628337e+00,-1.400000e+02,-1.400000e+02
-8.624268e+00,-1.400000e+02,-1.400000e+02
-8.620199e+00,-1.400000e+02,-1.400000e+02
-8.616130e+00,-1.400000e+02,-1.400000e+02
-8.612061e+00,-1.400000e+02,-1.400000e+02
-8.607992e+00,-1.400000e+02,-1.400000e+02
-8.603923e+00,-1.400000e+02,-1.400000e+02
-8.599854e+00,-1.400000e+02,-1.400000e+02
-8.595785e+00,-1.400000e+02,-1.400000e+02
-8.591715e+00,-1.400000e+02,-1.400000e+02
-8.587646e+00,-1.400000e+02,-1.400000e+02
-8.583577e+00,-1.400000e+02,-1.400000e+02
-8.579508e+00,-1.400000e+02,-1.400000e+02
-8.575439e+00,-1.400000e+02,-1.400000e+02
-8.571370e+00,-1.400000e+02,-1.400000e+02
-8.567301e+00,-1.400000e+02,-1.400000e+02
-8.563232e+00,-1.400000e+02,-1.400000e+02
-8.559163e+00,-1.400000e+02,-1.400000e+02
-8.555094e+00,-1.400000e+02,-1.400000e+02
-8.551025e+00,-1.400000e+02,-1.400000e+02
-8.546956e+00,-1.400000e+02,-1.400000e+02
-8.542887e+00,-1.400000e+02,-1.400000e+02
-8.538818e+00,-1.400000e+02,-1.400000e+02
-8.534749e+00,-1.400000e+02,-1.400000e+02
-8.530680e+00,-1.400000e+02,-1.400000e+02
-8.526611e+00,-1.400000e+02,-1.400000e+02
-8.522542e+00,-1.400000e+02,-1.400000e+02
-8.518473e+00,-1.400000e+02,-1.400000e+02
-8.514404e+00,-1.400000e+02,-1.400000e+02
-8.510335e+00,-1.400000e+02,-1.400000e+02
-8.506266e+00,-1.400000e+02,-1.400000e+02
-8.502197e+00,-1.400000e+02,-1.400000e+02
-8.498128e+00,-1.400000e+02,-1.400000e+02
-8.494059e+00,-1.400000e+02,-1.400000e+02
-8.489990e+00,-1.400000e+02,-1.400000e+02
-8.485921e+00,-1.400000e+02,-1.400000e+02
-8.481852e+00,-1.400000e+02,-1.400000e+02
-8.477783e+00,-1.400000e+02,-1.400000e+02
-8.473714e+00,-1.400000e+02,-1.400000e+02
-8.469645e+00,-1.400000e+02,-1.400000e+02
-8.465576e+00,-1.400000e+02,-1.400000e+02
-8.461507e+00,-1.400000e+02,-1.400000e+02
-8.457438e+00,-1.400000e+02,-1.400000e+02
-8.453369e+00,-1.400000e+02,-1.400000e+02
-8.449300e+00,-1.400000e+02,-1.400000e+02
-8.445231e+00,-1.400000e+02,-1.400000e+02
-8.441162e+00,-1.400000e+02,-1.400000e+02
-8.437093e+00,-1.400000e+02,-1.400000e+02
-8.433024e+00,-1.400000e+02,-1.400000e+02
-8.428955e+00,-1.400000e+02,-1.400000e+02
-8.424886e+00,-1.400000e+02,-1.400000e+02
-8.420817e+00,-1.400000e+02,-1.400000e+02
-8.416748e+00,-1.400000e+02,-1.400000e+02
-8.412679e+00,-1.400000e+02,-1.400000e+02
-8.408610e+00,-1.400000e+02,-1.400000e+02
-8.404541e+00,-1.400000e+02,-1.400000e+02
-8.400472e+00,-1.400000e+02,-1.400000e+02
-8.396403e+00,-1.400000e+02,-1.400000e+02
-8.392334e+00,-1.400000e+02,-1.400000e+02
-8.388265e+00,-1.400000e+02,-1.400000e+02
-8.384196e+00,-1.400000e+02,-1.400000e+02
-8.380127e+00,-1.400000e+02,-1.400000e+02
-8.376058e+00,-1.400000e+02,-1.400000e+02
-8.371989e+00,-1.400000e+02,-1.400000e+02
-8.367920e+00,-1.400000e+02,-1.400000e+02
-8.363851e+00,-1.400000e+02,-1.400000e+02
-8.359782e+00,-1.400000e+02,-1.400000e+02
-8.355713e+00,-1.400000e+02,-1.400000e+02
-8.351644e+00,-1.400000e+02,-1.400000e+02
-8.347575e+00,-1.400000e+02,-1.400000e+02
-8.343506e+00,-1.400000e+02,-1.400000e+02
-8.339437e+00,-1.400000e+02,-1.400000e+02
-8.335368e+00,-1.400000e+02,-1.400000e+02
-8.331299e+00,-1.400000e+02,-1.400000e+02
-8.327230e+00,-1.400000e+02,-1.400000e+02
-8.323161e+00,-1.400000e+02,-1.400000e+02
-8.319092e+00,-1.400000e+02,-1.400000e+02
-8.315023e+00,-1.400000e+02,-1.400000e+02
-8.310954e+00,-1.400000e+02,-1.400000e+02
-8.306885e+00,-1.400000e+02,-1.400000e+02
-8.302816e+00,-1.400000e+02,-1.400000e+02
-8.298747e+00,-1.400000e+02,-1.400000e+02
-8.294678e+00,-1.400000e+02,-1.400000e+02
-8.290609e+00,-1.400000e+02,-1.400000e+02
-8.286540e+00,-1.400000e+02,-1.400000e+02
-8.282471e+00,-1.400000e+02,-1.400000e+02
-8.278402e+00,-1.400000e+02,-1.400000e+02
-8.274333e+00,-1.400000e+02,-1.400000e+02
-8.270264e+00,-1.400000e+02,-1.400000e+02
-8.266195e+00,-1.400000e+02,-1.400000e+02
-8.262126e+00,-1.400000e+02,-1.400000e+02
-8.258057e+00,-1.400000e+02,-1.400000e+02
-8.253988e+00,-1.400000e+02,-1.400000e+02
-8.249919e+00,-1.400000e+02,-1.400000e+02
-8.245850e+00,-1.400000e+02,-1.400000e+02
-8.241781e+00,-1.400000e+02,-1.400000e+02
-8.237712e+00,-1.400000e+02,-1.400000e+02
-8.233643e+00,-1.400000e+02,-1.400000e+02
-8.229574e+00,-1.400000e+02,-1.400000e+02
-8.225505e+00,-1.400000e+02,-1.400000e+02
-8.221436e+00,-1.400000e+02,-1.400000e+02
-8.217367e+00,-1.400000e+02,-1.400000e+02
-8.213298e+00,-1.400000e+02,-1.400000e+02
-8.209229e+00,-1.400000e+02,-1.400000e+02
-8.205160e+00,-1.400000e+02,-1.400000e+02
-8.201090e+00,-1.400000e+02,-1.400000e+02
-8.197021e+00,-1.400000e+02,-1.400000e+02
-8.192952e+00,-1.400000e+02,-1.400000e+02
-8.188883e+00,-1.400000e+02,-1.400000e+02
-8.184814e+00,-1.400000e+02,-1.400000e+02
-8.180745e+00,-1.400000e+02,-1.400000e+02
-8.176676e+00,-1.400000e+02,-1.400000e+02
-8.172607e+00,-1.400000e+02,-1.400000e+02
-8.168538e+00,-1.400000e+02,-1.400000e+02
-8.164469e+00,-1.400000e+02,-1.400000e+02
-8.160400e+00,-1.400000e+02,-1.400000e+02
-8.156331e+00,-1.400000e+02,-1.400000e+02
-8.152262e+00,-1.400000e+02,-1.400000e+02
-8.148193e+00,-1.400000e+02,-1.400000e+02
-8.144124e+00,-1.400000e+02,-1.400000e+02
-8.140055e+00,-1.400000e+02,-1.400000e+02
-8.135986e+00,-1.400000e+02,-1.400000e+02
-8.131917e+00,-1.400000e+02,-1.400000e+02
-8.127848e+00,-1.400000e+02,-1.400000e+02
-8.123779e+00,-1.400000e+02,-1.400000e+02
-8.119710e+00,-1.400000e+02,-1.400000e+02
-8.115641e+00,-1.400000e+02,-1.400000e+02
-8.111572e+00,-1.400000e+02,-1.400000e+02
-8.107503e+00,-1.400000e+02,-1.400000e+02
-8.103434e+00,-1.400000e+02,-1.400000e+02
-8.099365e+00,-1.400000e+02,-1.400000e+02
-8.095296e+00,-1.400000e+02,-1.400000e+02
-8.091227e+00,-1.400000e+02,-1.400000e+02
-8.087158e+00,-1.400000e+02,-1.400000e+02
-8.083089e+00,-1.400000e+02,-1.400000e+02
-8.079020e+00,-1.400000e+02,-1.400000e+02
-8.074951e+00,-1.400000e+02,-1.400000e+02
-8.070882e+00,-1.400000e+02,-1.400000e+02
-8.066813e+00,-1.400000e+02,-1.400000e+02
-8.062744e+00,-1.400000e+02,-1.400000e+02
-8.058675e+00,-1.400000e+02,-1.400000e+02
-8.054606e+00,-1.400000e+02,-1.400000e+02
-8.050537e+00,-1.400000e+02,-1.400000e+02
-8.046468e+00,-1.400000e+02,-1.400000e+02
-8.042399e+00,-1.400000e+02,-1.400000e+02
-8.038330e+00,-1.400000e+02,-1.400000e+02
-8.034261e+00,-1.400000e+02,-1.400000e+02
-8.030192e+00,-1.400000e+02,-1.400000e+02
-8.026123e+00,-1.400000e+02,-1.400000e+02
-8.022054e+00,-1.400000e+02,-1.400000e+02
-8.017985e+00,-1.400000e+02,-1.400000e+02
-8.013916e+00,-1.400000e+02,-1.400000e+02
-8.009847e+00,-1.400000e+02,-1.400000e+02
-8.005778e+00,-1.400000e+02,-1.400000e+02
-8.001709e+00,-1.400000e+02,-1.400000e+02
-7.997640e+00,-1.400000e+02,-1.400000e+02
-7.993571e+00,-1.400000e+02,-1.400000e+02
-7.989502e+00,-1.400000e+02,-1.400000e+02
-7.985433e+00,-1.400000e+02,-1.400000e+02
-7.981364e+00,-1.400000e+02,-1.400000e+02
-7.977295e+00,-1.400000e+02,-1.400000e+02
-7.973226e+00,-1.400000e+02,-1.400000e+02
-7.969157e+00,-1.400000e+02,-1.400000e+02
-7.965088e+00,-1.400000e+02,-1.400000e+02
-7.961019e+00,-1.400000e+02,-1.400000e+02
-7.956950e+00,-1.400000e+02,-1.400000e+02
-7.952881e+00,-1.400000e+02,-1.400000e+02
-7.948812e+00,-1.400000e+02,-1.400000e+02
-7.944743e+00,-1.400000e+02,-1.400000e+02
-7.940674e+00,-1.400000e+02,-1.400000e+02
-7.936605e+00,-1.400000e+02,-1.400000e+02
-7.932536e+00,-1.400000e+02,-1.400000e+02
-7.928467e+00,-1.400000e+02,-1.400000e+02
-7.924398e+00,-1.400000e+02,-1.400000e+02
-7.920329e+00,-1.400000e+02,-1.400000e+02
-7.916260e+00,-1.400000e+02,-1.400000e+02
-7.912191e+00,-1.400000e+02,-1.400000e+02
-7.908122e+00,-1.400000e+02,-1.400000e+02
-7.904053e+00,-1.400000e+02,-1.400000e+02
-7.899984e+00,-1.400000e+02,-1.400000e+02
-7.895915e+00,-1.400000e+02,-1.400000e+02
-7.891846e+00,-1.400000e+02,-1.400000e+02
-7.887777e+00,-1.400000e+02,-1.400000e+02
-7.883708e+00,-1.400000e+02,-1.400000e+02
-7.879639e+00,-1.400000e+02,-1.400000e+02
-7.875570e+00,-1.400000e+02,-1.400000e+02
-7.871501e+00,-1.400000e+02,-1.400000e+02
-7.867432e+00,-1.400000e+02,-1.400000e+02
-7.863363e+00,-1.400000e+02,-1.400000e+02
-7.859294e+00,-1.400000e+02,-1.400000e+02
-7.855225e+00,-1.400000e+02,-1.400000e+02
-7.851156e+00,-1.400000e+02,-1.400000e+02
-7.847087e+00,-1.400000e+02,-1.400000e+02
-7.843018e+00,-1.400000e+02,-1.400000e+02
-7.838949e+00,-1.400000e+02,-1.400000e+02
-7.834880e+00,-1.400000e+02,-1.400000e+02
-7.830811e+00,-1.400000e+02,-1.400000e+02
-7.826742e+00,-1.400000e+02,-1.400000e+02
-7.822673e+00,-1.400000e+02,-1.400000e+02
-7.818604e+00,-1.400000e+02,-1.400000e+02
-7.814535e+00,-1.400000e+02,-1.400000e+02
-7.810465e+00,-1.400000e+02,-1.400000e+02
-7.806396e+00,-1.400000e+02,-1.400000e+02
-7.802327e+00,-1.400000e+02,-1.400000e+02
-7.798258e+00,-1.400000e+02,-1.400000e+02
-7.794189e+00,-1.400000e+02,-1.400000e+02
-7.790120e+00,-1.400000e+02,-1.400000e+02
-7.786051e+00,-1.400000e+02,-1.400000e+02
-7.781982e+00,-1.400000e+02,-1.400000e+02
-7.777913e+00,-1.400000e+02,-1.400000e+02
-7.773844e+00,-1.400000e+02,-1.400000e+02
-7.769775e+00,-1.400000e+02,-1.400000e+02
-7.765706e+00,-1.400000e+02,-1.400000e+02
-7.761637e+00,-1.400000e+02,-1.400000e+02
-7.757568e+00,-1.400000e+02,-1.400000e+02
-7.753499e+00,-1.400000e+02,-1.400000e+02
-7.749430e+00,-1.400000e+02,-1.400000e+02
-7.745361e+00,-1.400000e+02,-1.400000e+02
-7.741292e+00,-1.400000e+02,-1.400000e+02
-7.737223e+00,-1.400000e+02,-1.400000e+02
-7.733154e+00,-1.400000e+02,-1.400000e+02
-7.729085e+00,-1.400000e+02,-1.400000e+02
-7.725016e+00,-1.400000e+02,-1.400000e+02
-7.720947e+00,-1.400000e+02,-1.400000e+02
-7.716878e+00,-1.400000e+02,-1.400000e+02
-7.712809e+00,-1.400000e+02,-1.400000e+02
-7.708740e+00,-1.400000e+02,-1.400000e+02
-7.704671e+00,-1.400000e+02,-1.400000e+02
-7.700602e+00,-1.400000e+02,-1.400000e+02
-7.696533e+00,-1.400000e+02,-1.400000e+02
-7.692464e+00,-1.400000e+02,-1.400000e+02
-7.688395e+00,-1.400000e+02,-1.400000e+02
-7.684326e+00,-1.400000e+02,-1.400000e+02
-7.680257e+00,-1.400000e+02,-1.400000e+02
-7.676188e+00,-1.400000e+02,-1.400000e+02
-7.672119e+00,-1.400000e+02,-1.400000e+02
-7.668050e+00,-1.400000e+02,-1.400000e+02
-7.663981e+00,-1.400000e+02,-1.400000e+02
-7.659912e+00,-1.400000e+02,-1.400000e+02
-7.655843e+00,-1.400000e+02,-1.400000e+02
-7.651774e+00,-1.400000e+02,-1.400000e+02
-7.647705e+00,-1.400000e+02,-1.400000e+02
-7.643636e+00,-1.400000e+02,-1.400000e+02
-7.639567e+00,-1.400000e+02,-1.400000e+02
-7.635498e+00,-1.400000e+02,-1.400000e+02
-7.631429e+00,-1.400000e+02,-1.400000e+02
-7.627360e+00,-1.400000e+02,-1.400000e+02
-7.623291e+00,-1.400000e+02,-1.400000e+02
-7.619222e+00,-1.400000e+02,-1.400000e+02
-7.615153e+00,-1.400000e+02,-1.400000e+02
-7.611084e+00,-1.400000e+02,-1.400000e+02
-7.607015e+00,-1.400000e+02,-1.400000e+02
-7.602946e+00,-1.400000e+02,-1.400000e+02
-7.598877e+00,-1.400000e+02,-1.400000e+02
-7.594808e+00,-1.400000e+02,-1.400000e+02
-7.590739e+00,-1.400000e+02,-1.400000e+02
-7.586670e+00,-1.400000e+02,-1.400000e+02
-7.582601e+00,-1.400000e+02,-1.400000e+02
-7.578532e+00,-1.400000e+02,-1.400000e+02
-7.574463e+00,-1.400000e+02,-1.400000e+02
-7.570394e+00,-1.400000e+02,-1.400000e+02
-7.566325e+00,-1.400000e+02,-1.400000e+02
-7.562256e+00,-1.400000e+02,-1.400000e+02
-7.558187e+00,-1.400000e+02,-1.400000e+02
-7.554118e+00,-1.400000e+02,-1.400000e+02
-7.550049e+00,-1.400000e+02,-1.400000e+02
-7.545980e+00,-1.400000e+02,-1.400000e+02
-7.541911e+00,-1.400000e+02,-1.400000e+02
-7.537842e+00,-1.400000e+02,-1.400000e+02
-7.533773e+00,-1.400000e+02,-1.400000e+02
-7.529704e+00,-1.400000e+02,-1.400000e+02
-7.525635e+00,-1.400000e+02,-1.400000e+02
-7.521566e+00,-1.400000e+02,-1.400000e+02
-7.517497e+00,-1.400000e+02,-1.400000e+02
-7.513428e+00,-1.400000e+02,-1.400000e+02
-7.509359e+00,-1.400000e+02,-1.400000e+02
-7.505290e+00,-1.400000e+02,-1.400000e+02
-7.501221e+00,-1.400000e+02,-1.400000e+02
-7.497152e+00,-1.400000e+02,-1.400000e+02
-7.493083e+00,-1.400000e+02,-1.400000e+02
-7.489014e+00,-1.400000e+02,-1.400000e+02
-7.484945e+00,-1.400000e+02,-1.400000e+02
-7.480876e+00,-1.400000e+02,-1.400000e+02
-7.476807e+00,-1.400000e+02,-1.400000e+02
-7.472738e+00,-1.400000e+02,-1.400000e+02
-7.468669e+00,-1.400000e+02,-1.400000e+02
-7.464600e+00,-1.400000e+02,-1.400000e+02
-7.460531e+00,-1.400000e+02,-1.400000e+02
-7.456462e+00,-1.400000e+02,-1.400000e+02
-7.452393e+00,-1.400000e+02,-1.400000e+02
-7.448324e+00,-1.400000e+02,-1.400000e+02
-7.444255e+00,-1.400000e+02,-1.400000e+02
-7.440186e+00,-1.400000e+02,-1.400000e+02
-7.436117e+00,-1.400000e+02,-1.400000e+02
-7.432048e+00,-1.400000e+02,-1.400000e+02
-7.427979e+00,-1.400000e+02,-1.400000e+02
-7.423910e+00,-1.400000e+02,-1.400000e+02
-7.419840e+00,-1.400000e+02,-1.400000e+02
-7.415771e+00,-1.400000e+02,-1.400000e+02
-7.411702e+00,-1.400000e+02,-1.400000e+02
-7.407633e+00,-1.400000e+02,-1.400000e+02
-7.403564e+00,-1.400000e+02,-1.400000e+02
-7.399495e+00,-1.400000e+02,-1.400000e+02
-7.395426e+00,-1.400000e+02,-1.400000e+02
-7.391357e+00,-1.400000e+02,-1.400000e+02
-7.387288e+00,-1.400000e+02,-1.400000e+02
-7.383219e+00,-1.400000e+02,-1.400000e+02
-7.379150e+00,-1.400000e+02,-1.400000e+02
-7.375081e+00,-1.400000e+02,-1.400000e+02
-7.371012e+00,-1.400000e+02,-1.400000e+02
-7.366943e+00,-1.400000e+02,-1.400000e+02
-7.362874e+00,-1.400000e+02,-1.400000e+02
-7.358805e+00,-1.400000e+02,-1.400000e+02
-7.354736e+00,-1.400000e+02,-1.400000e+02
-7.350667e+00,-1.400000e+02,-1.400000e+02
-7.346598e+00,-1.400000e+02,-1.400000e+02
-7.342529e+00,-1.400000e+02,-1.400000e+02
-7.338460e+00,-1.400000e+02,-1.400000e+02
-7.334391e+00,-1.400000e+02,-1.400000e+02
-7.330322e+00,-1.400000e+02,-1.400000e+02
-7.326253e+00,-1.400000e+02,-1.400000e+02
-7.322184e+00,-1.400000e+02,-1.400000e+02
-7.318115e+00,-1.400000e+02,-1.400000e+02
-7.314046e+00,-1.400000e+02,-1.400000e+02
-7.309977e+00,-1.400000e+02,-1.400000e+02
-7.305908e+00,-1.400000e+02,-1.400000e+02
-7.301839e+00,-1.400000e+02,-1.400000e+02
-7.297770e+00,-1.400000e+02,-1.400000e+02
-7.293701e+00,-1.400000e+02,-1.400000e+02
-7.289632e+00,-1.400000e+02,-1.400000e+02
-7.285563e+00,-1.400000e+02,-1.400000e+02
-7.281494e+00,-1.400000e+02,-1.400000e+02
-7.277425e+00,-1.400000e+02,-1.400000e+02
-7.273356e+00,-1.400000e+02,-1.400000e+02
-7.269287e+00,-1.400000e+02,-1.400000e+02
-7.265218e+00,-1.400000e+02,-1.400000e+02
-7.261149e+00,-1.400000e+02,-1.400000e+02
-7.257080e+00,-1.400000e+02,-1.400000e+02
-7.253011e+00,-1.400000e+02,-1.400000e+02
-7.248942e+00,-1.400000e+02,-1.400000e+02
-7.244873e+00,-1.400000e+02,-1.400000e+02
-7.240804e+00,-1.400000e+02,-1.400000e+02
-7.236735e+00,-1.400000e+02,-1.400000e+02
-7.232666e+00,-1.400000e+02,-1.400000e+02
-7.228597e+00,-1.400000e+02,-1.400000e+02
-7.224528e+00,-1.400000e+02,-1.400000e+02
-7.220459e+00,-1.400000e+02,-1.400000e+02
-7.216390e+00,-1.400000e+02,-1.400000e+02
-7.212321e+00,-1.400000e+02,-1.400000e+02
-7.208252e+00,-1.400000e+02,-1.400000e+02
-7.204183e+00,-1.400000e+02,-1.400000e+02
-7.200114e+00,-1.400000e+02,-1.400000e+02
-7.196045e+00,-1.400000e+02,-1.400000e+02
-7.191976e+00,-1.400000e+02,-1.400000e+02
-7.187907e+00,-1.400000e+02,-1.400000e+02
-7.183838e+00,-1.400000e+02,-1.400000e+02
-7.179769e+00,-1.400000e+02,-1.400000e+02
-7.175700e+00,-1.400000e+02,-1.400000e+02
-7.171631e+00,-1.400000e+02,-1.400000e+02
-7.167562e+00,-1.400000e+02,-1.400000e+02
-7.163493e+00,-1.400000e+02,-1.400000e+02
-7.159424e+00,-1.400000e+02,-1.400000e+02
-7.155355e+00,-1.400000e+02,-1.400000e+02
-7.151286e+00,-1.400000e+02,-1.400000e+02
-7.147217e+00,-1.400000e+02,-1.400000e+02
-7.143148e+00,-1.400000e+02,-1.400000e+02
-7.139079e+00,-1.400000e+02,-1.400000e+02
-7.135010e+00,-1.400000e+02,-1.400000e+02
-7.130941e+00,-1.400000e+02,-1.400000e+02
-7.126872e+00,-1.400000e+02,-1.400000e+02
-7.122803e+00,-1.400000e+02,-1.400000e+02
-7.118734e+00,-1.400000e+02,-1.400000e+02
-7.114665e+00,-1.400000e+02,-1.400000e+02
-7.110596e+00,-1.400000e+02,-1.400000e+02
-7.106527e+00,-1.400000e+02,-1.400000e+02
-7.102458e+00,-1.400000e+02,-1.400000e+02
-7.098389e+00,-1.400000e+02,-1.400000e+02
-7.094320e+00,-1.400000e+02,-1.400000e+02
-7.090251e+00,-1.400000e+02,-1.400000e+02
-7.086182e+00,-1.400000e+02,-1.400000e+02
-7.082113e+00,-1.400000e+02,-1.400000e+02
-7.078044e+00,-1.400000e+02,-1.400000e+02
-7.073975e+00,-1.400000e+02,-1.400000e+02
-7.069906e+00,-1.400000e+02,-1.400000e+02
-7.065837e+00,-1.400000e+02,-1.400000e+02
-7.061768e+00,-1.400000e+02,-1.400000e+02
-7.057699e+00,-1.400000e+02,-1.400000e+02
-7.053630e+00,-1.400000e+02,-1.400000e+02
-7.049561e+00,-1.400000e+02,-1.400000e+02
-7.045492e+00,-1.400000e+02,-1.400000e+02
-7.041423e+00,-1.400000e+02,-1.400000e+02
-7.037354e+00,-1.400000e+02,-1.400000e+02
-7.033285e+00,-1.400000e+02,-1.400000e+02
-7.029215e+00,-1.400000e+02,-1.400000e+02
-7.025146e+00,-1.400000e+02,-1.400000e+02
-7.021077e+00,-1.400000e+02,-1.400000e+02
-7.017008e+00,-1.400000e+02,-1.400000e+02
-7.012939e+00,-1.400000e+02,-1.400000e+02
-7.008870e+00,-1.400000e+02,-1.400000e+02
-7.004801e+00,-1.400000e+02,-1.400000e+02
-7.000732e+00,-1.400000e+02,-1.400000e+02
-6.996663e+00,-1.400000e+02,-1.400000e+02
-6.992594e+00,-1.400000e+02,-1.400000e+02
-6.988525e+00,-1.400000e+02,-1.400000e+02
-6.984456e+00,-1.400000e+02,-1.400000e+02
-6.980387e+00,-1.400000e+02,-1.400000e+02
-6.976318e+00,-1.400000e+02,-1.400000e+02
-6.972249e+00,-1.400000e+02,-1.400000e+02
-6.968180e+00,-1.400000e+02,-1.400000e+02
-6.964111e+00,-1.400000e+02,-1.400000e+02
-6.960042e+00,-1.400000e+02,-1.400000e+02
-6.955973e+00,-1.400000e+02,-1.400000e+02
-6.951904e+00,-1.400000e+02,-1.400000e+02
-6.947835e+00,-1.400000e+02,-1.400000e+02
-6.943766e+00,-1.400000e+02,-1.400000e+02
-6.939697e+00,-1.400000e+02,-1.400000e+02
-6.935628e+00,-1.400000e+02,-1.400000e+02
-6.931559e+00,-1.400000e+02,-1.400000e+02
-6.927490e+00,-1.400000e+02,-1.400000e+02
-6.923421e+00,-1.400000e+02,-1.400000e+02
-6.919352e+00,-1.400000e+02,-1.400000e+02
-6.915283e+00,-1.400000e+02,-1.400000e+02
-6.911214e+00,-1.400000e+02,-1.400000e+02
-6.907145e+00,-1.400000e+02,-1.400000e+02
-6.903076e+00,-1.400000e+02,-1.400000e+02
-6.899007e+00,-1.400000e+02,-1.400000e+02
-6.894938e+00,-1.400000e+02,-1.400000e+02
-6.890869e+00,-1.400000e+02,-1.400000e+02
-6.886800e+00,-1.400000e+02,-1.400000e+02
-6.882731e+00,-1.400000e+02,-1.400000e+02
-6.878662e+00,-1.400000e+02,-1.400000e+02
-6.874593e+00,-1.400000e+02,-1.400000e+02
-6.870524e+00,-1.400000e+02,-1.400000e+02
-6.866455e+00,-1.400000e+02,-1.400000e+02
-6.862386e+00,-1.400000e+02,-1.400000e+02
-6.858317e+00,-1.400000e+02,-1.400000e+02
-6.854248e+00,-1.400000e+02,-1.400000e+02
-6.850179e+00,-1.400000e+02,-1.400000e+02
-6.846110e+00,-1.400000e+02,-1.400000e+02
-6.842041e+00,-1.400000e+02,-1.400000e+02
-6.837972e+00,-1.400000e+02,-1.400000e+02
-6.833903e+00,-1.400000e+02,-1.400000e+02
-6.829834e+00,-1.400000e+02,-1.400000e+02
-6.825765e+00,-1.400000e+02,-1.400000e+02
-6.821696e+00,-1.400000e+02,-1.400000e+02
-6.817627e+00,-1.400000e+02,-1.400000e+02
-6.813558e+00,-1.400000e+02,-1.400000e+02
-6.809489e+00,-1.400000e+02,-1.400000e+02
-6.805420e+00,-1.400000e+02,-1.400000e+02
-6.801351e+00,-1.400000e+02,-1.400000e+02
-6.797282e+00,-1.400000e+02,-1.400000e+02
-6.793213e+00,-1.400000e+02,-1.400000e+02
-6.789144e+00,-1.400000e+02,-1.400000e+02
-6.785075e+00,-1.400000e+02,-1.400000e+02
-6.781006e+00,-1.400000e+02,-1.400000e+02
-6.776937e+00,-1.400000e+02,-1.400000e+02
-6.772868e+00,-1.400000e+02,-1.400000e+02
-6.768799e+00,-1.400000e+02,-1.400000e+02
-6.764730e+00,-1.400000e+02,-1.400000e+02
-6.760661e+00,-1.400000e+02,-1.400000e+02
-6.756592e+00,-1.400000e+02,-1.400000e+02
-6.752523e+00,-1.400000e+02,-1.400000e+02
-6.748454e+00,-1.400000e+02,-1.400000e+02
-6.744385e+00,-1.400000e+02,-1.400000e+02
-6.740316e+00,-1.400000e+02,-1.400000e+02
-6.736247e+00,-1.400000e+02,-1.400000e+02
-6.732178e+00,-1.400000e+02,-1.400000e+02
-6.728109e+00,-1.400000e+02,-1.400000e+02
-6.724040e+00,-1.400000e+02,-1.400000e+02
-6.719971e+00,-1.400000e+02,-1.400000e+02
-6.715902e+00,-1.400000e+02,-1.400000e+02
-6.711833e+00,-1.400000e+02,-1.400000e+02
-6.707764e+00,-1.400000e+02,-1.400000e+02
-6.703695e+00,-1.400000e+02,-1.400000e+02
-6.699626e+00,-1.400000e+02,-1.400000e+02
-6.695557e+00,-1.400000e+02,-1.400000e+02
-6.691488e+00,-1.400000e+02,-1.400000e+02
-6.687419e+00,-1.400000e+02,-1.400000e+02
-6.683350e+00,-1.400000e+02,-1.400000e+02
-6.679281e+00,-1.400000e+02,-1.400000e+02
-6.675212e+00,-1.400000e+02,-1.400000e+02
-6.671143e+00,-1.400000e+02,-1.400000e+02
-6.667074e+00,-1.400000e+02,-1.400000e+02
-6.663005e+00,-1.400000e+02,-1.400000e+02
-6.658936e+00,-1.400000e+02,-1.400000e+02
-6.654867e+00,-1.400000e+02,-1.400000e+02
-6.650798e+00,-1.400000e+02,-1.400000e+02
-6.646729e+00,-1.400000e+02,-1.400000e+02
-6.642660e+00,-1.400000e+02,-1.400000e+02
-6.638590e+00,-1.400000e+02,-1.400000e+02
-6.634521e+00,-1.400000e+02,-1.400000e+02
-6.630452e+00,-1.400000e+02,-1.400000e+02
-6.626383e+00,-1.400000e+02,-1.400000e+02
-6.622314e+00,-1.400000e+02,-1.400000e+02
-6.618245e+00,-1.400000e+02,-1.400000e+02
-6.614176e+00,-1.400000e+02,-1.400000e+02
-6.610107e+00,-1.400000e+02,-1.400000e+02
-6.606038e+00,-1.400000e+02,-1.400000e+02
-6.601969e+00,-1.400000e+02,-1.400000e+02
-6.597900e+00,-1.400000e+02,-1.400000e+02
-6.593831e+00,-1.400000e+02,-1.400000e+02
-6.589762e+00,-1.400000e+02,-1.400000e+02
-6.585693e+00,-1.400000e+02,-1.400000e+02
-6.581624e+00,-1.400000e+02,-1.400000e+02
-6.577555e+00,-1.400000e+02,-1.400000e+02
-6.573486e+00,-1.400000e+02,-1.400000e+02
-6.569417e+00,-1.400000e+02,-1.400000e+02
-6.565348e+00,-1.400000e+02,-1.400000e+02
-6.561279e+00,-1.400000e+02,-1.400000e+02
-6.557210e+00,-1.400000e+02,-1.400000e+02
-6.553141e+00,-1.400000e+02,-1.400000e+02
-6.549072e+00,-1.400000e+02,-1.400000e+02
-6.545003e+00,-1.400000e+02,-1.400000e+02
-6.540934e+00,-1.400000e+02,-1.400000e+02
-6.536865e+00,-1.400000e+02,-1.400000e+02
-6.532796e+00,-1.400000e+02,-1.400000e+02
-6.528727e+00,-1.400000e+02,-1.400000e+02
-6.524658e+00,-1.400000e+02,-1.400000e+02
-6.520589e+00,-1.400000e+02,-1.400000e+02
-6.516520e+00,-1.400000e+02,-1.400000e+02
-6.512451e+00,-1.400000e+02,-1.400000e+02
-6.508382e+00,-1.400000e+02,-1.400000e+02
-6.504313e+00,-1.400000e+02,-1.400000e+02
-6.500244e+00,-1.400000e+02,-1.400000e+02
-6.496175e+00,-1.400000e+02,-1.400000e+02
-6.492106e+00,-1.400000e+02,-1.400000e+02
-6.488037e+00,-1.400000e+02,-1.400000e+02
-6.483968e+00,-1.400000e+02,-1.400000e+02
-6.479899e+00,-1.400000e+02,-1.400000e+02
-6.475830e+00,-1.400000e+02,-1.400000e+02
-6.471761e+00,-1.400000e+02,-1.400000e+02
-6.467692e+00,-1.400000e+02,-1.400000e+02
-6.463623e+00,-1.400000e+02,-1.400000e+02
-6.459554e+00,-1.400000e+02,-1.400000e+02
-6.455485e+00,-1.400000e+02,-1.400000e+02
-6.451416e+00,-1.400000e+02,-1.400000e+02
-6.447347e+00,-1.400000e+02,-1.400000e+02
-6.443278e+00,-1.400000e+02,-1.400000e+02
-6.439209e+00,-1.400000e+02,-1.400000e+02
-6.435140e+00,-1.400000e+02,-1.400000e+02
-6.431071e+00,-1.400000e+02,-1.400000e+02
-6.427002e+00,-1.400000e+02,-1.400000e+02
-6.422933e+00,-1.400000e+02,-1.400000e+02
-6.418864e+00,-1.400000e+02,-1.400000e+02
-6.414795e+00,-1.400000e+02,-1.400000e+02
-6.410726e+00,-1.400000e+02,-1.400000e+02
-6.406657e+00,-1.400000e+02,-1.400000e+02
-6.402588e+00,-1.400000e+02,-1.400000e+02
-6.398519e+00,-1.400000e+02,-1.400000e+02
-6.394450e+00,-1.400000e+02,-1.400000e+02
-6.390381e+00,-1.400000e+02,-1.400000e+02
-6.386312e+00,-1.400000e+02,-1.400000e+02
-6.382243e+00,-1.400000e+02,-1.400000e+02
-6.378174e+00,-1.400000e+02,-1.400000e+02
-6.374105e+00,-1.400000e+02,-1.400000e+02
-6.370036e+00,-1.400000e+02,-1.400000e+02
-6.365967e+00,-1.400000e+02,-1.400000e+02
-6.361898e+00,-1.400000e+02,-1.400000e+02
-6.357829e+00,-1.400000e+02,-1.400000e+02
-6.353760e+00,-1.400000e+02,-1.400000e+02
-6.349691e+00,-1.400000e+02,-1.400000e+02
-6.345622e+00,-1.400000e+02,-1.400000e+02
-6.341553e+00,-1.400000e+02,-1.400000e+02
-6.337484e+00,-1.400000e+02,-1.400000e+02
-6.333415e+00,-1.400000e+02,-1.400000e+02
-6.329346e+00,-1.400000e+02,-1.400000e+02
-6.325277e+00,-1.400000e+02,-1.400000e+02
-6.321208e+00,-1.400000e+02,-1.400000e+02
-6.317139e+00,-1.400000e+02,-1.400000e+02
-6.313070e+00,-1.400000e+02,-1.400000e+02
-6.309001e+00,-1.400000e+02,-1.400000e+02
-6.304932e+00,-1.400000e+02,-1.400000e+02
-6.300863e+00,-1.400000e+02,-1.400000e+02
-6.296794e+00,-1.400000e+02,-1.400000e+02
-6.292725e+00,-1.400000e+02,-1.400000e+02
-6.288656e+00,-1.400000e+02,-1.400000e+02
-6.284587e+00,-1.400000e+02,-1.400000e+02
-6.280518e+00,-1.400000e+02,-1.400000e+02
-6.276449e+00,-1.400000e+02,-1.400000e+02
-6.272380e+00,-1.400000e+02,-1.400000e+02
-6.268311e+00,-1.400000e+02,-1.400000e+02
-6.264242e+00,-1.400000e+02,-1.400000e+02
-6.260173e+00,-1.400000e+02,-1.400000e+02
-6.256104e+00,-1.400000e+02,-1.400000e+02
-6.252035e+00,-1.400000e+02,-1.400000e+02
-6.247965e+00,-1.400000e+02,-1.400000e+02
-6.243896e+00,-1.400000e+02,-1.400000e+02
-6.239827e+00,-1.400000e+02,-1.400000e+02
-6.235758e+00,-1.400000e+02,-1.400000e+02
-6.231689e+00,-1.400000e+02,-1.400000e+02
-6.227620e+00,-1.400000e+02,-1.400000e+02
-6.223551e+00,-1.400000e+02,-1.400000e+02
-6.219482e+00,-1.400000e+02,-1.400000e+02
-6.215413e+00,-1.400000e+02,-1.400000e+02
-6.211344e+00,-1.400000e+02,-1.400000e+02
-6.207275e+00,-1.400000e+02,-1.400000e+02
-6.203206e+00,-1.400000e+02,-1.400000e+02
-6.199137e+00,-1.400000e+02,-1.400000e+02
-6.195068e+00,-1.400000e+02,-1.400000e+02
-6.190999e+00,-1.400000e+02,-1.400000e+02
-6.186930e+00,-1.400000e+02,-1.400000e+02
-6.182861e+00,-1.400000e+02,-1.400000e+02
-6.178792e+00,-1.400000e+02,-1.400000e+02
-6.174723e+00,-1.400000e+02,-1.400000e+02
-6.170654e+00,-1.400000e+02,-1.400000e+02
-6.166585e+00,-1.400000e+02,-1.400000e+02
-6.162516e+00,-1.400000e+02,-1.400000e+02
-6.158447e+00,-1.400000e+02,-1.400000e+02
-6.154378e+00,-1.400000e+02,-1.400000e+02
-6.150309e+00,-1.400000e+02,-1.400000e+02
-6.146240e+00,-1.400000e+02,-1.400000e+02
-6.142171e+00,-1.400000e+02,-1.400000e+02
-6.138102e+00,-1.400000e+02,-1.400000e+02
-6.134033e+00,-1.400000e+02,-1.400000e+02
-6.129964e+00,-1.400000e+02,-1.400000e+02
-6.125895e+00,-1.400000e+02,-1.400000e+02
-6.121826e+00,-1.400000e+02,-1.400000e+02
-6.117757e+00,-1.400000e+02,-1.400000e+02
-6.113688e+00,-1.400000e+02,-1.400000e+02
-6.109619e+00,-1.400000e+02,-1.400000e+02
-6.105550e+00,-1.400000e+02,-1.400000e+02
-6.101481e+00,-1.400000e+02,-1.400000e+02
-6.097412e+00,-1.400000e+02,-1.400000e+02
-6.093343e+00,-1.400000e+02,-1.400000e+02
-6.089274e+00,-1.400000e+02,-1.400000e+02
-6.085205e+00,-1.400000e+02,-1.400000e+02
-6.081136e+00,-1.400000e+02,-1.400000e+02
-6.077067e+00,-1.400000e+02,-1.400000e+02
-6.072998e+00,-1.400000e+02,-1.400000e+02
-6.068929e+00,-1.400000e+02,-1.400000e+02
-6.064860e+00,-1.400000e+02,-1.400000e+02
-6.060791e+00,-1.400000e+02,-1.400000e+02
-6.056722e+00,-1.400000e+02,-1.400000e+02
-6.052653e+00,-1.400000e+02,-1.400000e+02
-6.048584e+00,-1.400000e+02,-1.400000e+02
-6.044515e+00,-1.400000e+02,-1.400000e+02
-6.040446e+00,-1.400000e+02,-1.400000e+02
-6.036377e+00,-1.400000e+02,-1.400000e+02
-6.032308e+00,-1.400000e+02,-1.400000e+02
-6.028239e+00,-1.400000e+02,-1.400000e+02
-6.024170e+00,-1.400000e+02,-1.400000e+02
-6.020101e+00,-1.400000e+02,-1.400000e+02
-6.016032e+00,-1.400000e+02,-1.400000e+02
-6.011963e+00,-1.400000e+02,-1.400000e+02
-6.007894e+00,-1.400000e+02,-1.400000e+02
-6.003825e+00,-1.400000e+02,-1.400000e+02
-5.999756e+00,-1.400000e+02,-1.400000e+02
-5.995687e+00,-1.400000e+02,-1.400000e+02
-5.991618e+00,-1.400000e+02,-1.400000e+02
-5.987549e+00,-1.400000e+02,-1.400000e+02
-5.983480e+00,-1.400000e+02,-1.400000e+02
-5.979411e+00,-1.400000e+02,-1.400000e+02
-5.975342e+00,-1.400000e+02,-1.400000e+02
-5.971273e+00,-1.400000e+02,-1.400000e+02
-5.967204e+00,-1.400000e+02,-1.400000e+02
-5.963135e+00,-1.400000e+02,-1.400000e+02
-5.959066e+00,-1.400000e+02,-1.400000e+02
-5.954997e+00,-1.400000e+02,-1.400000e+02
-5.950928e+00,-1.400000e+02,-1.400000e+02
-5.946859e+00,-1.400000e+02,-1.400000e+02
-5.942790e+00,-1.400000e+02,-1.400000e+02
-5.938721e+00,-1.400000e+02,-1.400000e+02
-5.934652e+00,-1.400000e+02,-1.400000e+02
-5.930583e+00,-1.400000e+02,-1.400000e+02
-5.926514e+00,-1.400000e+02,-1.400000e+02
-5.922445e+00,-1.400000e+02,-1.400000e+02
-5.918376e+00,-1.400000e+02,-1.400000e+02
-5.914307e+00,-1.400000e+02,-1.400000e+02
-5.910238e+00,-1.400000e+02,-1.400000e+02
-5.906169e+00,-1.400000e+02,-1.400000e+02
-5.902100e+00,-1.400000e+02,-1.400000e+02
-5.898031e+00,-1.400000e+02,-1.400000e+02
-5.893962e+00,-1.400000e+02,-1.400000e+02
-5.889893e+00,-1.400000e+02,-1.400000e+02
-5.885824e+00,-1.400000e+02,-1.400000e+02
-5.881755e+00,-1.400000e+02,-1.400000e+02
-5.877686e+00,-1.400000e+02,-1.400000e+02
-5.873617e+00,-1.400000e+02,-1.400000e+02
-5.869548e+00,-1.400000e+02,-1.400000e+02
-5.865479e+00,-1.400000e+02,-1.400000e+02
-5.861410e+00,-1.400000e+02,-1.400000e+02
-5.857340e+00,-1.400000e+02,-1.400000e+02
-5.853271e+00,-1.400000e+02,-1.400000e+02
-5.849202e+00,-1.400000e+02,-1.400000e+02
-5.845133e+00,-1.400000e+02,-1.400000e+02
-5.841064e+00,-1.400000e+02,-1.400000e+02
-5.836995e+00,-1.400000e+02,-1.400000e+02
-5.832926e+00,-1.400000e+02,-1.400000e+02
-5.828857e+00,-1.400000e+02,-1.400000e+02
-5.824788e+00,-1.400000e+02,-1.400000e+02
-5.820719e+00,-1.400000e+02,-1.400000e+02
-5.816650e+00,-1.400000e+02,-1.400000e+02
-5.812581e+00,-1.400000e+02,-1.400000e+02
-5.808512e+00,-1.400000e+02,-1.400000e+02
-5.804443e+00,-1.400000e+02,-1.400000e+02
-5.800374e+00,-1.400000e+02,-1.400000e+02
-5.796305e+00,-1.400000e+02,-1.400000e+02
-5.792236e+00,-1.400000e+02,-1.400000e+02
-5.788167e+00,-1.400000e+02,-1.400000e+02
-5.784098e+00,-1.400000e+02,-1.400000e+02
-5.780029e+00,-1.400000e+02,-1.400000e+02
-5.775960e+00,-1.400000e+02,-1.400000e+02
-5.771891e+00,-1.400000e+02,-1.400000e+02
-5.767822e+00,-1.400000e+02,-1.400000e+02
-5.763753e+00,-1.400000e+02,-1.400000e+02
-5.759684e+00,-1.400000e+02,-1.400000e+02
-5.755615e+00,-1.400000e+02,-1.400000e+02
-5.751546e+00,-1.400000e+02,-1.400000e+02
-5.747477e+00,-1.400000e+02,-1.400000e+02
-5.743408e+00,-1.400000e+02,-1.400000e+02
-5.739339e+00,-1.400000e+02,-1.400000e+02
-5.735270e+00,-1.400000e+02,-1.400000e+02
-5.731201e+00,-1.400000e+02,-1.400000e+02
-5.727132e+00,-1.400000e+02,-1.400000e+02
-5.723063e+00,-1.400000e+02,-1.400000e+02
-5.718994e+00,-1.400000e+02,-1.400000e+02
-5.714925e+00,-1.400000e+02,-1.400000e+02
-5.710856e+00,-1.400000e+02,-1.400000e+02
-5.706787e+00,-1.400000e+02,-1.400000e+02
-5.702718e+00,-1.400000e+02,-1.400000e+02
-5.698649e+00,-1.400000e+02,-1.400000e+02
-5.694580e+00,-1.400000e+02,-1.400000e+02
-5.690511e+00,-1.400000e+02,-1.400000e+02
-5.686442e+00,-1.400000e+02,-1.400000e+02
-5.682373e+00,-1.400000e+02,-1.400000e+02
-5.678304e+00,-1.400000e+02,-1.400000e+02
-5.674235e+00,-1.400000e+02,-1.400000e+02
-5.670166e+00,-1.400000e+02,-1.400000e+02
-5.666097e+00,-1.400000e+02,-1.400000e+02
-5.662028e+00,-1.400000e+02,-1.400000e+02
-5.657959e+00,-1.400000e+02,-1.400000e+02
-5.653890e+00,-1.400000e+02,-1.400000e+02
-5.649821e+00,-1.400000e+02,-1.400000e+02
-5.645752e+00,-1.400000e+02,-1.400000e+02
-5.641683e+00,-1.400000e+02,-1.400000e+02
-5.637614e+00,-1.400000e+02,-1.400000e+02
-5.633545e+00,-1.400000e+02,-1.400000e+02
-5.629476e+00,-1.400000e+02,-1.400000e+02
-5.625407e+00,-1.400000e+02,-1.400000e+02
-5.621338e+00,-1.400000e+02,-1.400000e+02
-5.617269e+00,-1.400000e+02,-1.400000e+02
-5.613200e+00,-1.400000e+02,-1.400000e+02
-5.609131e+00,-1.400000e+02,-1.400000e+02
-5.605062e+00,-1.400000e+02,-1.400000e+02
-5.600993e+00,-1.400000e+02,-1.400000e+02
-5.596924e+00,-1.400000e+02,-1.400000e+02
-5.592855e+00,-1.400000e+02,-1.400000e+02
-5.588786e+00,-1.400000e+02,-1.400000e+02
-5.584717e+00,-1.400000e+02,-1.400000e+02
-5.580648e+00,-1.400000e+02,-1.400000e+02
-5.576579e+00,-1.400000e+02,-1.400000e+02
-5.572510e+00,-1.400000e+02,-1.400000e+02
-5.568441e+00,-1.400000e+02,-1.400000e+02
-5.564372e+00,-1.400000e+02,-1.400000e+02
-5.560303e+00,-1.400000e+02,-1.400000e+02
-5.556234e+00,-1.400000e+02,-1.400000e+02
-5.552165e+00,-1.400000e+02,-1.400000e+02
-5.548096e+00,-1.400000e+02,-1.400000e+02
-5.544027e+00,-1.400000e+02,-1.400000e+02
-5.539958e+00,-1.400000e+02,-1.400000e+02
-5.535889e+00,-1.400000e+02,-1.400000e+02
-5.531820e+00,-1.400000e+02,-1.400000e+02
-5.527751e+00,-1.400000e+02,-1.400000e+02
-5.523682e+00,-1.400000e+02,-1.400000e+02
-5.519613e+00,-1.400000e+02,-1.400000e+02
-5.515544e+00,-1.400000e+02,-1.400000e+02
-5.511475e+00,-1.400000e+02,-1.400000e+02
-5.507406e+00,-1.400000e+02,-1.400000e+02
-5.503337e+00,-1.400000e+02,-1.400000e+02
-5.499268e+00,-1.400000e+02,-1.400000e+02
-5.495199e+00,-1.400000e+02,-1.400000e+02
-5.491130e+00,-1.400000e+02,-1.400000e+02
-5.487061e+00,-1.400000e+02,-1.400000e+02
-5.482992e+00,-1.400000e+02,-1.400000e+02
-5.478923e+00,-1.400000e+02,-1.400000e+02
-5.474854e+00,-1.400000e+02,-1.400000e+02
-5.470785e+00,-1.400000e+02,-1.400000e+02
-5.466715e+00,-1.400000e+02,-1.400000e+02
-5.462646e+00,-1.400000e+02,-1.400000e+02
-5.458577e+00,-1.400000e+02,-1.400000e+02
-5.454508e+00,-1.400000e+02,-1.400000e+02
-5.450439e+00,-1.400000e+02,-1.400000e+02
-5.446370e+00,-1.400000e+02,-1.400000e+02
-5.442301e+00,-1.400000e+02,-1.400000e+02
-5.438232e+00,-1.400000e+02,-1.400000e+02
-5.434163e+00,-1.400000e+02,-1.400000e+02
-5.430094e+00,-1.400000e+02,-1.400000e+02
-5.426025e+00,-1.400000e+02,-1.400000e+02
-5.421956e+00,-1.400000e+02,-1.400000e+02
-5.417887e+00,-1.400000e+02,-1.400000e+02
-5.413818e+00,-1.400000e+02,-1.400000e+02
-5.409749e+00,-1.400000e+02,-1.400000e+02
-5.405680e+00,-1.400000e+02,-1.400000e+02
-5.401611e+00,-1.400000e+02,-1.400000e+02
-5.397542e+00,-1.400000e+02,-1.400000e+02
-5.393473e+00,-1.400000e+02,-1.400000e+02
-5.389404e+00,-1.400000e+02,-1.400000e+02
-5.385335e+00,-1.400000e+02,-1.400000e+02
-5.381266e+00,-1.400000e+02,-1.400000e+02
-5.377197e+00,-1.400000e+02,-1.400000e+02
-5.373128e+00,-1.400000e+02,-1.400000e+02
-5.369059e+00,-1.400000e+02,-1.400000e+02
-5.364990e+00,-1.400000e+02,-1.400000e+02
-5.360921e+00,-1.400000e+02,-1.400000e+02
-5.356852e+00,-1.400000e+02,-1.400000e+02
-5.352783e+00,-1.400000e+02,-1.400000e+02
-5.348714e+00,-1.400000e+02,-1.400000e+02
-5.344645e+00,-1.400000e+02,-1.400000e+02
-5.340576e+00,-1.400000e+02,-1.400000e+02
-5.336507e+00,-1.400000e+02,-1.400000e+02
-5.332438e+00,-1.400000e+02,-1.400000e+02
-5.328369e+00,-1.400000e+02,-1.400000e+02
-5.324300e+00,-1.400000e+02,-1.400000e+02
-5.320231e+00,-1.400000e+02,-1.400000e+02
-5.316162e+00,-1.400000e+02,-1.400000e+02
-5.312093e+00,-1.400000e+02,-1.400000e+02
-5.308024e+00,-1.400000e+02,-1.400000e+02
-5.303955e+00,-1.400000e+02,-1.400000e+02
-5.299886e+00,-1.400000e+02,-1.400000e+02
-5.295817e+00,-1.400000e+02,-1.400000e+02
-5.291748e+00,-1.400000e+02,-1.400000e+02
-5.287679e+00,-1.400000e+02,-1.400000e+02
-5.283610e+00,-1.400000e+02,-1.400000e+02
-5.279541e+00,-1.400000e+02,-1.400000e+02
-5.275472e+00,-1.400000e+02,-1.400000e+02
-5.271403e+00,-1.400000e+02,-1.400000e+02
-5.267334e+00,-1.400000e+02,-1.400000e+02
-5.263265e+00,-1.400000e+02,-1.400000e+02
-5.259196e+00,-1.400000e+02,-1.400000e+02
-5.255127e+00,-1.400000e+02,-1.400000e+02
-5.251058e+00,-1.400000e+02,-1.400000e+02
-5.246989e+00,-1.400000e+02,-1.400000e+02
-5.242920e+00,-1.400000e+02,-1.400000e+02
-5.238851e+00,-1.400000e+02,-1.400000e+02
-5.234782e+00,-1.400000e+02,-1.400000e+02
-5.230713e+00,-1.400000e+02,-1.400000e+02
-5.226644e+00,-1.400000e+02,-1.400000e+02
-5.222575e+00,-1.400000e+02,-1.400000e+02
-5.218506e+00,-1.400000e+02,-1.400000e+02
-5.214437e+00,-1.400000e+02,-1.400000e+02
-5.210368e+00,-1.400000e+02,-1.400000e+02
-5.206299e+00,-1.400000e+02,-1.400000e+02
-5.202230e+00,-1.400000e+02,-1.400000e+02
-5.198161e+00,-1.400000e+02,-1.400000e+02
-5.194092e+00,-1.400000e+02,-1.400000e+02
-5.190023e+00,-1.400000e+02,-1.400000e+02
-5.185954e+00,-1.400000e+02,-1.400000e+02
-5.181885e+00,-1.400000e+02,-1.400000e+02
-5.177816e+00,-1.400000e+02,-1.400000e+02
-5.173747e+00,-1.400000e+02,-1.400000e+02
-5.169678e+00,-1.400000e+02,-1.400000e+02
-5.165609e+00,-1.400000e+02,-1.400000e+02
-5.161540e+00,-1.400000e+02,-1.400000e+02
-5.157471e+00,-1.400000e+02,-1.400000e+02
-5.153402e+00,-1.400000e+02,-1.400000e+02
-5.149333e+00,-1.400000e+02,-1.400000e+02
-5.145264e+00,-1.400000e+02,-1.400000e+02
-5.141195e+00,-1.400000e+02,-1.400000e+02
-5.137126e+00,-1.400000e+02,-1.400000e+02
-5.133057e+00,-1.400000e+02,-1.400000e+02
-5.128988e+00,-1.400000e+02,-1.400000e+02
-5.124919e+00,-1.400000e+02,-1.400000e+02
-5.120850e+00,-1.400000e+02,-1.400000e+02
-5.116781e+00,-1.400000e+02,-1.400000e+02
-5.112712e+00,-1.400000e+02,-1.400000e+02
-5.108643e+00,-1.400000e+02,-1.400000e+02
-5.104574e+00,-1.400000e+02,-1.400000e+02
-5.100505e+00,-1.400000e+02,-1.400000e+02
-5.096436e+00,-1.400000e+02,-1.400000e+02
-5.092367e+00,-1.400000e+02,-1.400000e+02
-5.088298e+00,-1.400000e+02,-1.400000e+02
-5.084229e+00,-1.400000e+02,-1.400000e+02
-5.080160e+00,-1.400000e+02,-1.400000e+02
-5.076090e+00,-1.400000e+02,-1.400000e+02
-5.072021e+00,-1.400000e+02,-1.400000e+02
-5.067952e+00,-1.400000e+02,-1.400000e+02
-5.063883e+00,-1.400000e+02,-1.400000e+02
-5.059814e+00,-1.400000e+02,-1.400000e+02
-5.055745e+00,-1.400000e+02,-1.400000e+02
-5.051676e+00,-1.400000e+02,-1.400000e+02
-5.047607e+00,-1.400000e+02,-1.400000e+02
-5.043538e+00,-1.400000e+02,-1.400000e+02
-5.039469e+00,-1.400000e+02,-1.400000e+02
-5.035400e+00,-1.400000e+02,-1.400000e+02
-5.031331e+00,-1.400000e+02,-1.400000e+02
-5.027262e+00,-1.400000e+02,-1.400000e+02
-5.023193e+00,-1.400000e+02,-1.400000e+02
-5.019124e+00,-1.400000e+02,-1.400000e+02
-5.015055e+00,-1.400000e+02,-1.400000e+02
-5.010986e+00,-1.400000e+02,-1.400000e+02
-5.006917e+00,-1.400000e+02,-1.400000e+02
-5.002848e+00,-1.400000e+02,-1.400000e+02
-4.998779e+00,-1.400000e+02,-1.400000e+02
-4.994710e+00,-1.400000e+02,-1.400000e+02
-4.990641e+00,-1.400000e+02,-1.400000e+02
-4.986572e+00,-1.400000e+02,-1.400000e+02
-4.982503e+00,-1.400000e+02,-1.400000e+02
-4.978434e+00,-1.400000e+02,-1.400000e+02
-4.974365e+00,-1.400000e+02,-1.400000e+02
-4.970296e+00,-1.400000e+02,-1.400000e+02
-4.966227e+00,-1.400000e+02,-1.400000e+02
-4.962158e+00,-1.400000e+02,-1.400000e+02
-4.958089e+00,-1.400000e+02,-1.400000e+02
-4.954020e+00,-1.400000e+02,-1.400000e+02
-4.949951e+00,-1.400000e+02,-1.400000e+02
-4.945882e+00,-1.400000e+02,-1.400000e+02
-4.941813e+00,-1.400000e+02,-1.400000e+02
-4.937744e+00,-1.400000e+02,-1.400000e+02
-4.933675e+00,-1.400000e+02,-1.400000e+02
-4.929606e+00,-1.400000e+02,-1.400000e+02
-4.925537e+00,-1.400000e+02,-1.400000e+02
-4.921468e+00,-1.400000e+02,-1.400000e+02
-4.917399e+00,-1.400000e+02,-1.400000e+02
-4.913330e+00,-1.400000e+02,-1.400000e+02
-4.909261e+00,-1.400000e+02,-1.400000e+02
-4.905192e+00,-1.400000e+02,-1.400000e+02
-4.901123e+00,-1.400000e+02,-1.400000e+02
-4.897054e+00,-1.400000e+02,-1.400000e+02
-4.892985e+00,-1.400000e+02,-1.400000e+02
-4.888916e+00,-1.400000e+02,-1.400000e+02
-4.884847e+00,-1.400000e+02,-1.400000e+02
-4.880778e+00,-1.400000e+02,-1.400000e+02
-4.876709e+00,-1.400000e+02,-1.400000e+02
-4.872640e+00,-1.400000e+02,-1.400000e+02
-4.868571e+00,-1.400000e+02,-1.400000e+02
-4.864502e+00,-1.400000e+02,-1.400000e+02
-4.860433e+00,-1.400000e+02,-1.400000e+02
-4.856364e+00,-1.400000e+02,-1.400000e+02
-4.852295e+00,-1.400000e+02,-1.400000e+02
-4.848226e+00,-1.400000e+02,-1.400000e+02
-4.844157e+00,-1.400000e+02,-1.400000e+02
-4.840088e+00,-1.400000e+02,-1.400000e+02
-4.836019e+00,-1.400000e+02,-1.400000e+02
-4.831950e+00,-1.400000e+02,-1.400000e+02
-4.827881e+00,-1.400000e+02,-1.400000e+02
-4.823812e+00,-1.400000e+02,-1.400000e+02
-4.819743e+00,-1.400000e+02,-1.400000e+02
-4.815674e+00,-1.400000e+02,-1.400000e+02
-4.811605e+00,-1.400000e+02,-1.400000e+02
-4.807536e+00,-1.400000e+02,-1.400000e+02
-4.803467e+00,-1.400000e+02,-1.400000e+02
-4.799398e+00,-1.400000e+02,-1.400000e+02
-4.795329e+00,-1.400000e+02,-1.400000e+02
-4.791260e+00,-1.400000e+02,-1.400000e+02
-4.787191e+00,-1.400000e+02,-1.400000e+02
-4.783122e+00,-1.400000e+02,-1.400000e+02
-4.779053e+00,-1.400000e+02,-1.400000e+02
-4.774984e+00,-1.400000e+02,-1.400000e+02
-4.770915e+00,-1.400000e+02,-1.400000e+02
-4.766846e+00,-1.400000e+02,-1.400000e+02
-4.762777e+00,-1.400000e+02,-1.400000e+02
-4.758708e+00,-1.400000e+02,-1.400000e+02
-4.754639e+00,-1.400000e+02,-1.400000e+02
-4.750570e+00,-1.400000e+02,-1.400000e+02
-4.746501e+00,-1.400000e+02,-1.400000e+02
-4.742432e+00,-1.400000e+02,-1.400000e+02
-4.738363e+00,-1.400000e+02,-1.400000e+02
-4.734294e+00,-1.400000e+02,-1.400000e+02
-4.730225e+00,-1.400000e+02,-1.400000e+02
-4.726156e+00,-1.400000e+02,-1.400000e+02
-4.722087e+00,-1.400000e+02,-1.400000e+02
-4.718018e+00,-1.400000e+02,-1.400000e+02
-4.713949e+00,-1.400000e+02,-1.400000e+02
-4.709880e+00,-1.400000e+02,-1.400000e+02
-4.705811e+00,-1.400000e+02,-1.400000e+02
-4.701742e+00,-1.400000e+02,-1.400000e+02
-4.697673e+00,-1.400000e+02,-1.400000e+02
-4.693604e+00,-1.400000e+02,-1.400000e+02
-4.689535e+00,-1.400000e+02,-1.400000e+02
-4.685465e+00,-1.400000e+02,-1.400000e+02
-4.681396e+00,-1.400000e+02,-1.400000e+02
-4.677327e+00,-1.400000e+02,-1.400000e+02
-4.673258e+00,-1.400000e+02,-1.400000e+02
-4.669189e+00,-1.400000e+02,-1.400000e+02
-4.665120e+00,-1.400000e+02,-1.400000e+02
-4.661051e+00,-1.400000e+02,-1.400000e+02
-4.656982e+00,-1.400000e+02,-1.400000e+02
-4.652913e+00,-1.400000e+02,-1.400000e+02
-4.648844e+00,-1.400000e+02,-1.400000e+02
-4.644775e+00,-1.400000e+02,-1.400000e+02
-4.640706e+00,-1.400000e+02,-1.400000e+02
-4.636637e+00,-1.400000e+02,-1.400000e+02
-4.632568e+00,-1.400000e+02,-1.400000e+02
-4.628499e+00,-1.400000e+02,-1.400000e+02
-4.624430e+00,-1.400000e+02,-1.400000e+02
-4.620361e+00,-1.400000e+02,-1.400000e+02
-4.616292e+00,-1.400000e+02,-1.400000e+02
-4.612223e+00,-1.400000e+02,-1.400000e+02
-4.608154e+00,-1.400000e+02,-1.400000e+02
-4.604085e+00,-1.400000e+02,-1.400000e+02
-4.600016e+00,-1.400000e+02,-1.400000e+02
-4.595947e+00,-1.400000e+02,-1.400000e+02
-4.591878e+00,-1.400000e+02,-1.400000e+02
-4.587809e+00,-1.400000e+02,-1.400000e+02
-4.583740e+00,-1.400000e+02,-1.400000e+02
-4.579671e+00,-1.400000e+02,-1.400000e+02
-4.575602e+00,-1.400000e+02,-1.400000e+02
-4.571533e+00,-1.400000e+02,-1.400000e+02
-4.567464e+00,-1.400000e+02,-1.400000e+02
-4.563395e+00,-1.400000e+02,-1.400000e+02
-4.559326e+00,-1.400000e+02,-1.400000e+02
-4.555257e+00,-1.400000e+02,-1.400000e+02
-4.551188e+00,-1.400000e+02,-1.400000e+02
-4.547119e+00,-1.400000e+02,-1.400000e+02
-4.543050e+00,-1.400000e+02,-1.400000e+02
-4.538981e+00,-1.400000e+02,-1.400000e+02
-4.534912e+00,-1.400000e+02,-1.400000e+02
-4.530843e+00,-1.400000e+02,-1.400000e+02
-4.526774e+00,-1.400000e+02,-1.400000e+02
-4.522705e+00,-1.400000e+02,-1.400000e+02
-4.518636e+00,-1.400000e+02,-1.400000e+02
-4.514567e+00,-1.400000e+02,-1.400000e+02
-4.510498e+00,-1.400000e+02,-1.400000e+02
-4.506429e+00,-1.400000e+02,-1.400000e+02
-4.502360e+00,-1.400000e+02,-1.400000e+02
-4.498291e+00,-1.400000e+02,-1.400000e+02
-4.494222e+00,-1.400000e+02,-1.400000e+02
-4.490153e+00,-1.400000e+02,-1.400000e+02
-4.486084e+00,-1.400000e+02,-1.400000e+02
-4.482015e+00,-1.400000e+02,-1.400000e+02
-4.477946e+00,-1.400000e+02,-1.400000e+02
-4.473877e+00,-1.400000e+02,-1.400000e+02
-4.469808e+00,-1.400000e+02,-1.400000e+02
-4.465739e+00,-1.400000e+02,-1.400000e+02
-4.461670e+00,-1.400000e+02,-1.400000e+02
-4.457601e+00,-1.400000e+02,-1.400000e+02
-4.453532e+00,-1.400000e+02,-1.400000e+02
-4.449463e+00,-1.400000e+02,-1.400000e+02
-4.445394e+00,-1.400000e+02,-1.400000e+02
-4.441325e+00,-1.400000e+02,-1.400000e+02
-4.437256e+00,-1.400000e+02,-1.400000e+02
-4.433187e+00,-1.400000e+02,-1.400000e+02
-4.429118e+00,-1.400000e+02,-1.400000e+02
-4.425049e+00,-1.400000e+02,-1.400000e+02
-4.420980e+00,-1.400000e+02,-1.400000e+02
-4.416911e+00,-1.400000e+02,-1.400000e+02
-4.412842e+00,-1.400000e+02,-1.400000e+02
-4.408773e+00,-1.400000e+02,-1.400000e+02
-4.404704e+00,-1.400000e+02,-1.400000e+02
-4.400635e+00,-1.400000e+02,-1.400000e+02
-4.396566e+00,-1.400000e+02,-1.400000e+02
-4.392497e+00,-1.400000e+02,-1.400000e+02
-4.388428e+00,-1.400000e+02,-1.400000e+02
-4.384359e+00,-1.400000e+02,-1.400000e+02
-4.380290e+00,-1.400000e+02,-1.400000e+02
-4.376221e+00,-1.400000e+02,-1.400000e+02
-4.372152e+00,-1.400000e+02,-1.400000e+02
-4.368083e+00,-1.400000e+02,-1.400000e+02
-4.364014e+00,-1.400000e+02,-1.400000e+02
-4.359945e+00,-1.400000e+02,-1.400000e+02
-4.355876e+00,-1.400000e+02,-1.400000e+02
-4.351807e+00,-1.400000e+02,-1.400000e+02
-4.347738e+00,-1.400000e+02,-1.400000e+02
-4.343669e+00,-1.400000e+02,-1.400000e+02
-4.339600e+00,-1.400000e+02,-1.400000e+02
-4.335531e+00,-1.400000e+02,-1.400000e+02
-4.331462e+00,-1.400000e+02,-1.400000e+02
-4.327393e+00,-1.400000e+02,-1.400000e+02
-4.323324e+00,-1.400000e+02,-1.400000e+02
-4.319255e+00,-1.400000e+02,-1.400000e+02
-4.315186e+00,-1.400000e+02,-1.400000e+02
-4.311117e+00,-1.400000e+02,-1.400000e+02
-4.307048e+00,-1.400000e+02,-1.400000e+02
-4.302979e+00,-1.400000e+02,-1.400000e+02
-4.298910e+00,-1.400000e+02,-1.400000e+02
-4.294840e+00,-1.400000e+02,-1.400000e+02
-4.290771e+00,-1.400000e+02,-1.400000e+02
-4.286702e+00,-1.400000e+02,-1.400000e+02
-4.282633e+00,-1.400000e+02,-1.400000e+02
-4.278564e+00,-1.400000e+02,-1.400000e+02
-4.274495e+00,-1.400000e+02,-1.400000e+02
-4.270426e+00,-1.400000e+02,-1.400000e+02
-4.266357e+00,-1.400000e+02,-1.400000e+02
-4.262288e+00,-1.400000e+02,-1.400000e+02
-4.258219e+00,-1.400000e+02,-1.400000e+02
-4.254150e+00,-1.400000e+02,-1.400000e+02
-4.250081e+00,-1.400000e+02,-1.400000e+02
-4.246012e+00,-1.400000e+02,-1.400000e+02
-4.241943e+00,-1.400000e+02,-1.400000e+02
-4.237874e+00,-1.400000e+02,-1.400000e+02
-4.233805e+00,-1.400000e+02,-1.400000e+02
-4.229736e+00,-1.400000e+02,-1.400000e+02
-4.225667e+00,-1.400000e+02,-1.400000e+02
-4.221598e+00,-1.400000e+02,-1.400000e+02
-4.217529e+00,-1.400000e+02,-1.400000e+02
-4.213460e+00,-1.400000e+02,-1.400000e+02
-4.209391e+00,-1.400000e+02,-1.400000e+02
-4.205322e+00,-1.400000e+02,-1.400000e+02
-4.201253e+00,-1.400000e+02,-1.400000e+02
-4.197184e+00,-1.400000e+02,-1.400000e+02
-4.193115e+00,-1.400000e+02,-1.400000e+02
-4.189046e+00,-1.400000e+02,-1.400000e+02
-4.184977e+00,-1.400000e+02,-1.400000e+02
-4.180908e+00,-1.400000e+02,-1.400000e+02
-4.176839e+00,-1.400000e+02,-1.400000e+02
-4.172770e+00,-1.400000e+02,-1.400000e+02
-4.168701e+00,-1.400000e+02,-1.400000e+02
-4.164632e+00,-1.400000e+02,-1.400000e+02
-4.160563e+00,-1.400000e+02,-1.400000e+02
-4.156494e+00,-1.400000e+02,-1.400000e+02
-4.152425e+00,-1.400000e+02,-1.400000e+02
-4.148356e+00,-1.400000e+02,-1.400000e+02
-4.144287e+00,-1.400000e+02,-1.400000e+02
-4.140218e+00,-1.400000e+02,-1.400000e+02
-4.136149e+00,-1.400000e+02,-1.400000e+02
-4.132080e+00,-1.400000e+02,-1.400000e+02
-4.128011e+00,-1.400000e+02,-1.400000e+02
-4.123942e+00,-1.400000e+02,-1.400000e+02
-4.119873e+00,-1.400000e+02,-1.400000e+02
-4.115804e+00,-1.400000e+02,-1.400000e+02
-4.111735e+00,-1.400000e+02,-1.400000e+02
-4.107666e+00,-1.400000e+02,-1.400000e+02
-4.103597e+00,-1.400000e+02,-1.400000e+02
-4.099528e+00,-1.400000e+02,-1.400000e+02
-4.095459e+00,-1.400000e+02,-1.400000e+02
-4.091390e+00,-1.400000e+02,-1.400000e+02
-4.087321e+00,-1.400000e+02,-1.400000e+02
-4.083252e+00,-1.400000e+02,-1.400000e+02
-4.079183e+00,-1.400000e+02,-1.400000e+02
-4.075114e+00,-1.400000e+02,-1.400000e+02
-4.071045e+00,-1.400000e+02,-1.400000e+02
-4.066976e+00,-1.400000e+02,-1.400000e+02
-4.062907e+00,-1.400000e+02,-1.400000e+02
-4.058838e+00,-1.400000e+02,-1.400000e+02
-4.054769e+00,-1.400000e+02,-1.400000e+02
-4.050700e+00,-1.400000e+02,-1.400000e+02
-4.046631e+00,-1.400000e+02,-1.400000e+02
-4.042562e+00,-1.400000e+02,-1.400000e+02
-4.038493e+00,-1.400000e+02,-1.400000e+02
-4.034424e+00,-1.400000e+02,-1.400000e+02
-4.030355e+00,-1.400000e+02,-1.400000e+02
-4.026286e+00,-1.400000e+02,-1.400000e+02
-4.022217e+00,-1.400000e+02,-1.400000e+02
-4.018148e+00,-1.400000e+02,-1.400000e+02
-4.014079e+00,-1.400000e+02,-1.400000e+02
-4.010010e+00,-1.400000e+02,-1.400000e+02
-4.005941e+00,-1.400000e+02,-1.400000e+02
-4.001872e+00,-1.400000e+02,-1.400000e+02
-3.997803e+00,-1.400000e+02,-1.400000e+02
-3.993734e+00,-1.400000e+02,-1.400000e+02
-3.989665e+00,-1.400000e+02,-1.400000e+02
-3.985596e+00,-1.400000e+02,-1.400000e+02
-3.981527e+00,-1.400000e+02,-1.400000e+02
-3.977458e+00,-1.400000e+02,-1.400000e+02
-3.973389e+00,-1.400000e+02,-1.400000e+02
-3.969320e+00,-1.400000e+02,-1.400000e+02
-3.965251e+00,-1.400000e+02,-1.400000e+02
-3.961182e+00,-1.400000e+02,-1.400000e+02
-3.957113e+00,-1.400000e+02,-1.400000e+02
-3.953044e+00,-1.400000e+02,-1.400000e+02
-3.948975e+00,-1.400000e+02,-1.400000e+02
-3.944906e+00,-1.400000e+02,-1.400000e+02
-3.940837e+00,-1.400000e+02,-1.400000e+02
-3.936768e+00,-1.400000e+02,-1.400000e+02
-3.932699e+00,-1.400000e+02,-1.400000e+02
-3.928630e+00,-1.400000e+02,-1.400000e+02
-3.924561e+00,-1.400000e+02,-1.400000e+02
-3.920492e+00,-1.400000e+02,-1.400000e+02
-3.916423e+00,-1.400000e+02,-1.400000e+02
-3.912354e+00,-1.400000e+02,-1.400000e+02
-3.908285e+00,-1.400000e+02,-1.400000e+02
-3.904215e+00,-1.400000e+02,-1.400000e+02
-3.900146e+00,-1.400000e+02,-1.400000e+02
-3.896077e+00,-1.400000e+02,-1.400000e+02
-3.892008e+00,-1.400000e+02,-1.400000e+02
-3.887939e+00,-1.400000e+02,-1.400000e+02
-3.883870e+00,-1.400000e+02,-1.400000e+02
-3.879801e+00,-1.400000e+02,-1.400000e+02
-3.875732e+00,-1.400000e+02,-1.400000e+02
-3.871663e+00,-1.400000e+02,-1.400000e+02
-3.867594e+00,-1.400000e+02,-1.400000e+02
-3.863525e+00,-1.400000e+02,-1.400000e+02
-3.859456e+00,-1.400000e+02,-1.400000e+02
-3.855387e+00,-1.400000e+02,-1.400000e+02
-3.851318e+00,-1.400000e+02,-1.400000e+02
-3.847249e+00,-1.400000e+02,-1.400000e+02
-3.843180e+00,-1.400000e+02,-1.400000e+02
-3.839111e+00,-1.400000e+02,-1.400000e+02
-3.835042e+00,-1.400000e+02,-1.400000e+02
-3.830973e+00,-1.400000e+02,-1.400000e+02
-3.826904e+00,-1.400000e+02,-1.400000e+02
-3.822835e+00,-1.400000e+02,-1.400000e+02
-3.818766e+00,-1.400000e+02,-1.400000e+02
-3.814697e+00,-1.400000e+02,-1.400000e+02
-3.810628e+00,-1.400000e+02,-1.400000e+02
-3.806559e+00,-1.400000e+02,-1.400000e+02
-3.802490e+00,-1.400000e+02,-1.400000e+02
-3.798421e+00,-1.400000e+02,-1.400000e+02
-3.794352e+00,-1.400000e+02,-1.400000e+02
-3.790283e+00,-1.400000e+02,-1.400000e+02
-3.786214e+00,-1.400000e+02,-1.400000e+02
-3.782145e+00,-1.400000e+02,-1.400000e+02
-3.778076e+00,-1.400000e+02,-1.400000e+02
-3.774007e+00,-1.400000e+02,-1.400000e+02
-3.769938e+00,-1.400000e+02,-1.400000e+02
-3.765869e+00,-1.400000e+02,-1.400000e+02
-3.761800e+00,-1.400000e+02,-1.400000e+02
-3.757731e+00,-1.400000e+02,-1.400000e+02
-3.753662e+00,-1.400000e+02,-1.400000e+02
-3.749593e+00,-1.400000e+02,-1.400000e+02
-3.745524e+00,-1.400000e+02,-1.400000e+02
-3.741455e+00,-1.400000e+02,-1.400000e+02
-3.737386e+00,-1.400000e+02,-1.400000e+02
-3.733317e+00,-1.400000e+02,-1.400000e+02
-3.729248e+00,-1.400000e+02,-1.400000e+02
-3.725179e+00,-1.400000e+02,-1.400000e+02
-3.721110e+00,-1.400000e+02,-1.400000e+02
-3.717041e+00,-1.400000e+02,-1.400000e+02
-3.712972e+00,-1.400000e+02,-1.400000e+02
-3.708903e+00,-1.400000e+02,-1.400000e+02
-3.704834e+00,-1.400000e+02,-1.400000e+02
-3.700765e+00,-1.400000e+02,-1.400000e+02
-3.696696e+00,-1.400000e+02,-1.400000e+02
-3.692627e+00,-1.400000e+02,-1.400000e+02
-3.688558e+00,-1.400000e+02,-1.400000e+02
-3.684489e+00,-1.400000e+02,-1.400000e+02
-3.680420e+00,-1.400000e+02,-1.400000e+02
-3.676351e+00,-1.400000e+02,-1.400000e+02
-3.672282e+00,-1.400000e+02,-1.400000e+02
-3.668213e+00,-1.400000e+02,-1.400000e+02
-3.664144e+00,-1.400000e+02,-1.400000e+02
-3.660075e+00,-1.400000e+02,-1.400000e+02
-3.656006e+00,-1.400000e+02,-1.400000e+02
-3.651937e+00,-1.400000e+02,-1.400000e+02
-3.647868e+00,-1.400000e+02,-1.400000e+02
-3.643799e+00,-1.400000e+02,-1.400000e+02
-3.639730e+00,-1.400000e+02,-1.400000e+02
-3.635661e+00,-1.400000e+02,-1.400000e+02
-3.631592e+00,-1.400000e+02,-1.400000e+02
-3.627523e+00,-1.400000e+02,-1.400000e+02
-3.623454e+00,-1.400000e+02,-1.400000e+02
-3.619385e+00,-1.400000e+02,-1.400000e+02
-3.615316e+00,-1.400000e+02,-1.400000e+02
-3.611247e+00,-1.400000e+02,-1.400000e+02
-3.607178e+00,-1.400000e+02,-1.400000e+02
-3.603109e+00,-1.400000e+02,-1.400000e+02
-3.599040e+00,-1.400000e+02,-1.400000e+02
-3.594971e+00,-1.400000e+02,-1.400000e+02
-3.590902e+00,-1.400000e+02,-1.400000e+02
-3.586833e+00,-1.400000e+02,-1.400000e+02
-3.582764e+00,-1.400000e+02,-1.400000e+02
-3.578695e+00,-1.400000e+02,-1.400000e+02
-3.574626e+00,-1.400000e+02,-1.400000e+02
-3.570557e+00,-1.400000e+02,-1.400000e+02
-3.566488e+00,-1.400000e+02,-1.400000e+02
-3.562419e+00,-1.400000e+02,-1.400000e+02
-3.558350e+00,-1.400000e+02,-1.400000e+02
-3.554281e+00,-1.400000e+02,-1.400000e+02
-3.550212e+00,-1.400000e+02,-1.400000e+02
-3.546143e+00,-1.400000e+02,-1.400000e+02
-3.542074e+00,-1.400000e+02,-1.400000e+02
-3.538005e+00,-1.400000e+02,-1.400000e+02
-3.533936e+00,-1.400000e+02,-1.400000e+02
-3.529867e+00,-1.400000e+02,-1.400000e+02
-3.525798e+00,-1.400000e+02,-1.400000e+02
-3.521729e+00,-1.400000e+02,-1.400000e+02
-3.517660e+00,-1.400000e+02,-1.400000e+02
-3.513590e+00,-1.400000e+02,-1.400000e+02
-3.509521e+00,-1.400000e+02,-1.400000e+02
-3.505452e+00,-1.400000e+02,-1.400000e+02
-3.501383e+00,-1.400000e+02,-1.400000e+02
-3.497314e+00,-1.400000e+02,-1.400000e+02
-3.493245e+00,-1.400000e+02,-1.400000e+02
-3.489176e+00,-1.400000e+02,-1.400000e+02
-3.485107e+00,-1.400000e+02,-1.400000e+02
-3.481038e+00,-1.400000e+02,-1.400000e+02
-3.476969e+00,-1.400000e+02,-1.400000e+02
-3.472900e+00,-1.400000e+02,-1.400000e+02
-3.468831e+00,-1.400000e+02,-1.400000e+02
-3.464762e+00,-1.400000e+02,-1.400000e+02
-3.460693e+00,-1.400000e+02,-1.400000e+02
-3.456624e+00,-1.400000e+02,-1.400000e+02
-3.452555e+00,-1.400000e+02,-1.400000e+02
-3.448486e+00,-1.400000e+02,-1.400000e+02
-3.444417e+00,-1.400000e+02,-1.400000e+02
-3.440348e+00,-1.400000e+02,-1.400000e+02
-3.436279e+00,-1.400000e+02,-1.400000e+02
-3.432210e+00,-1.400000e+02,-1.400000e+02
-3.428141e+00,-1.400000e+02,-1.400000e+02
-3.424072e+00,-1.400000e+02,-1.400000e+02
-3.420003e+00,-1.400000e+02,-1.400000e+02
-3.415934e+00,-1.400000e+02,-1.400000e+02
-3.411865e+00,-1.400000e+02,-1.400000e+02
-3.407796e+00,-1.400000e+02,-1.400000e+02
-3.403727e+00,-1.400000e+02,-1.400000e+02
-3.399658e+00,-1.400000e+02,-1.400000e+02
-3.395589e+00,-1.400000e+02,-1.400000e+02
-3.391520e+00,-1.400000e+02,-1.400000e+02
-3.387451e+00,-1.400000e+02,-1.400000e+02
-3.383382e+00,-1.400000e+02,-1.400000e+02
-3.379313e+00,-1.400000e+02,-1.400000e+02
-3.375244e+00,-1.400000e+02,-1.400000e+02
-3.371175e+00,-1.400000e+02,-1.400000e+02
-3.367106e+00,-1.400000e+02,-1.400000e+02
-3.363037e+00,-1.400000e+02,-1.400000e+02
-3.358968e+00,-1.400000e+02,-1.400000e+02
-3.354899e+00,-1.400000e+02,-1.400000e+02
-3.350830e+00,-1.400000e+02,-1.400000e+02
-3.346761e+00,-1.400000e+02,-1.400000e+02
-3.342692e+00,-1.400000e+02,-1.400000e+02
-3.338623e+00,-1.400000e+02,-1.400000e+02
-3.334554e+00,-1.400000e+02,-1.400000e+02
-3.330485e+00,-1.400000e+02,-1.400000e+02
-3.326416e+00,-1.400000e+02,-1.400000e+02
-3.322347e+00,-1.400000e+02,-1.400000e+02
-3.318278e+00,-1.400000e+02,-1.400000e+02
-3.314209e+00,-1.400000e+02,-1.400000e+02
-3.310140e+00,-1.400000e+02,-1.400000e+02
-3.306071e+00,-1.400000e+02,-1.400000e+02
-3.302002e+00,-1.400000e+02,-1.400000e+02
-3.297933e+00,-1.400000e+02,-1.400000e+02
-3.293864e+00,-1.400000e+02,-1.400000e+02
-3.289795e+00,-1.400000e+02,-1.400000e+02
-3.285726e+00,-1.400000e+02,-1.400000e+02
-3.281657e+00,-1.400000e+02,-1.400000e+02
-3.277588e+00,-1.400000e+02,-1.400000e+02
-3.273519e+00,-1.400000e+02,-1.400000e+02
-3.269450e+00,-1.400000e+02,-1.400000e+02
-3.265381e+00,-1.400000e+02,-1.400000e+02
-3.261312e+00,-1.400000e+02,-1.400000e+02
-3.257243e+00,-1.400000e+02,-1.400000e+02
-3.253174e+00,-1.400000e+02,-1.400000e+02
-3.249105e+00,-1.400000e+02,-1.400000e+02
-3.245036e+00,-1.400000e+02,-1.400000e+02
-3.240967e+00,-1.400000e+02,-1.400000e+02
-3.236898e+00,-1.400000e+02,-1.400000e+02
-3.232829e+00,-1.400000e+02,-1.400000e+02
-3.228760e+00,-1.400000e+02,-1.400000e+02
-3.224691e+00,-1.400000e+02,-1.400000e+02
-3.220622e+00,-1.400000e+02,-1.400000e+02
-3.216553e+00,-1.400000e+02,-1.400000e+02
-3.212484e+00,-1.400000e+02,-1.400000e+02
-3.208415e+00,-1.400000e+02,-1.400000e+02
-3.204346e+00,-1.400000e+02,-1.400000e+02
-3.200277e+00,-1.400000e+02,-1.400000e+02
-3.196208e+00,-1.400000e+02,-1.400000e+02
-3.192139e+00,-1.400000e+02,-1.400000e+02
-3.188070e+00,-1.400000e+02,-1.400000e+02
-3.184001e+00,-1.400000e+02,-1.400000e+02
-3.179932e+00,-1.400000e+02,-1.400000e+02
-3.175863e+00,-1.400000e+02,-1.400000e+02
-3.171794e+00,-1.400000e+02,-1.400000e+02
-3.167725e+00,-1.400000e+02,-1.400000e+02
-3.163656e+00,-1.400000e+02,-1.400000e+02
-3.159587e+00,-1.400000e+02,-1.400000e+02
-3.155518e+00,-1.400000e+02,-1.400000e+02
-3.151449e+00,-1.400000e+02,-1.400000e+02
-3.147380e+00,-1.400000e+02,-1.400000e+02
-3.143311e+00,-1.400000e+02,-1.400000e+02
-3.139242e+00,-1.400000e+02,-1.400000e+02
-3.135173e+00,-1.400000e+02,-1.400000e+02
-3.131104e+00,-1.400000e+02,-1.400000e+02
-3.127035e+00,-1.400000e+02,-1.400000e+02
-3.122965e+00,-1.400000e+02,-1.400000e+02
-3.118896e+00,-1.400000e+02,-1.400000e+02
-3.114827e+00,-1.400000e+02,-1.400000e+02
-3.110758e+00,-1.400000e+02,-1.400000e+02
-3.106689e+00,-1.400000e+02,-1.400000e+02
-3.102620e+00,-1.400000e+02,-1.400000e+02
-3.098551e+00,-1.400000e+02,-1.400000e+02
-3.094482e+00,-1.400000e+02,-1.400000e+02
-3.090413e+00,-1.400000e+02,-1.400000e+02
-3.086344e+00,-1.400000e+02,-1.400000e+02
-3.082275e+00,-1.400000e+02,-1.400000e+02
-3.078206e+00,-1.400000e+02,-1.400000e+02
-3.074137e+00,-1.400000e+02,-1.400000e+02
-3.070068e+00,-1.400000e+02,-1.400000e+02
-3.065999e+00,-1.400000e+02,-1.400000e+02
-3.061930e+00,-1.400000e+02,-1.400000e+02
-3.057861e+00,-1.400000e+02,-1.400000e+02
-3.053792e+00,-1.400000e+02,-1.400000e+02
-3.049723e+00,-1.400000e+02,-1.400000e+02
-3.045654e+00,-1.400000e+02,-1.400000e+02
-3.041585e+00,-1.400000e+02,-1.400000e+02
-3.037516e+00,-1.400000e+02,-1.400000e+02
-3.033447e+00,-1.400000e+02,-1.400000e+02
-3.029378e+00,-1.400000e+02,-1.400000e+02
-3.025309e+00,-1.400000e+02,-1.400000e+02
-3.021240e+00,-1.400000e+02,-1.400000e+02
-3.017171e+00,-1.400000e+02,-1.400000e+02
-3.013102e+00,-1.400000e+02,-1.400000e+02
-3.009033e+00,-1.400000e+02,-1.400000e+02
-3.004964e+00,-1.400000e+02,-1.400000e+02
-3.000895e+00,-1.400000e+02,-1.400000e+02
-2.996826e+00,-1.400000e+02,-1.400000e+02
-2.992757e+00,-1.400000e+02,-1.400000e+02
-2.988688e+00,-1.400000e+02,-1.400000e+02
-2.984619e+00,-1.400000e+02,-1.400000e+02
-2.980550e+00,-1.400000e+02,-1.400000e+02
-2.976481e+00,-1.400000e+02,-1.400000e+02
-2.972412e+00,-1.400000e+02,-1.400000e+02
-2.968343e+00,-1.400000e+02,-1.400000e+02
-2.964274e+00,-1.400000e+02,-1.400000e+02
-2.960205e+00,-1.400000e+02,-1.400000e+02
-2.956136e+00,-1.400000e+02,-1.400000e+02
-2.952067e+00,-1.400000e+02,-1.400000e+02
-2.947998e+00,-1.400000e+02,-1.400000e+02
-2.943929e+00,-1.400000e+02,-1.400000e+02
-2.939860e+00,-1.400000e+02,-1.400000e+02
-2.935791e+00,-1.400000e+02,-1.400000e+02
-2.931722e+00,-1.400000e+02,-1.400000e+02
-2.927653e+00,-1.400000e+02,-1.400000e+02
-2.923584e+00,-1.400000e+02,-1.400000e+02
-2.919515e+00,-1.400000e+02,-1.400000e+02
-2.915446e+00,-1.400000e+02,-1.400000e+02
-2.911377e+00,-1.400000e+02,-1.400000e+02
-2.907308e+00,-1.400000e+02,-1.400000e+02
-2.903239e+00,-1.400000e+02,-1.400000e+02
-2.899170e+00,-1.400000e+02,-1.400000e+02
-2.895101e+00,-1.400000e+02,-1.400000e+02
-2.891032e+00,-1.400000e+02,-1.400000e+02
-2.886963e+00,-1.400000e+02,-1.400000e+02
-2.882894e+00,-1.400000e+02,-1.400000e+02
-2.878825e+00,-1.400000e+02,-1.400000e+02
-2.874756e+00,-1.400000e+02,-1.400000e+02
-2.870687e+00,-1.400000e+02,-1.400000e+02
-2.866618e+00,-1.400000e+02,-1.400000e+02
-2.862549e+00,-1.400000e+02,-1.400000e+02
-2.858480e+00,-1.400000e+02,-1.400000e+02
-2.854411e+00,-1.400000e+02,-1.400000e+02
-2.850342e+00,-1.400000e+02,-1.400000e+02
-2.846273e+00,-1.400000e+02,-1.400000e+02
-2.842204e+00,-1.400000e+02,-1.400000e+02
-2.838135e+00,-1.400000e+02,-1.400000e+02
-2.834066e+00,-1.400000e+02,-1.400000e+02
-2.829997e+00,-1.400000e+02,-1.400000e+02
-2.825928e+00,-1.400000e+02,-1.400000e+02
-2.821859e+00,-1.400000e+02,-1.400000e+02
-2.817790e+00,-1.400000e+02,-1.400000e+02
-2.813721e+00,-1.400000e+02,-1.400000e+02
-2.809652e+00,-1.400000e+02,-1.400000e+02
-2.805583e+00,-1.400000e+02,-1.400000e+02
-2.801514e+00,-1.400000e+02,-1.400000e+02
-2.797445e+00,-1.400000e+02,-1.400000e+02
-2.793376e+00,-1.400000e+02,-1.400000e+02
-2.789307e+00,-1.400000e+02,-1.400000e+02
-2.785238e+00,-1.400000e+02,-1.400000e+02
-2.781169e+00,-1.400000e+02,-1.400000e+02
-2.777100e+00,-1.400000e+02,-1.400000e+02
-2.773031e+00,-1.400000e+02,-1.400000e+02
-2.768962e+00,-1.400000e+02,-1.400000e+02
-2.764893e+00,-1.400000e+02,-1.400000e+02
-2.760824e+00,-1.400000e+02,-1.400000e+02
-2.756755e+00,-1.400000e+02,-1.400000e+02
-2.752686e+00,-1.400000e+02,-1.400000e+02
-2.748617e+00,-1.400000e+02,-1.400000e+02
-2.744548e+00,-1.400000e+02,-1.400000e+02
-2.740479e+00,-1.400000e+02,-1.400000e+02
-2.736410e+00,-1.400000e+02,-1.400000e+02
-2.732340e+00,-1.400000e+02,-1.400000e+02
-2.728271e+00,-1.400000e+02,-1.400000e+02
-2.724202e+00,-1.400000e+02,-1.400000e+02
-2.720133e+00,-1.400000e+02,-1.400000e+02
-2.716064e+00,-1.400000e+02,-1.400000e+02
-2.711995e+00,-1.400000e+02,-1.400000e+02
-2.707926e+00,-1.400000e+02,-1.400000e+02
-2.703857e+00,-1.400000e+02,-1.400000e+02
-2.699788e+00,-1.400000e+02,-1.400000e+02
-2.695719e+00,-1.400000e+02,-1.400000e+02
-2.691650e+00,-1.400000e+02,-1.400000e+02
-2.687581e+00,-1.400000e+02,-1.400000e+02
-2.683512e+00,-1.400000e+02,-1.400000e+02
-2.679443e+00,-1.400000e+02,-1.400000e+02
-2.675374e+00,-1.400000e+02,-1.400000e+02
-2.671305e+00,-1.400000e+02,-1.400000e+02
-2.667236e+00,-1.400000e+02,-1.400000e+02
-2.663167e+00,-1.400000e+02,-1.400000e+02
-2.659098e+00,-1.400000e+02,-1.400000e+02
-2.655029e+00,-1.400000e+02,-1.400000e+02
-2.650960e+00,-1.400000e+02,-1.400000e+02
-2.646891e+00,-1.400000e+02,-1.400000e+02
-2.642822e+00,-1.400000e+02,-1.400000e+02
-2.638753e+00,-1.400000e+02,-1.400000e+02
-2.634684e+00,-1.400000e+02,-1.400000e+02
-2.630615e+00,-1.400000e+02,-1.400000e+02
-2.626546e+00,-1.400000e+02,-1.400000e+02
-2.622477e+00,-1.400000e+02,-1.400000e+02
-2.618408e+00,-1.400000e+02,-1.400000e+02
-2.614339e+00,-1.400000e+02,-1.400000e+02
-2.610270e+00,-1.400000e+02,-1.400000e+02
-2.606201e+00,-1.400000e+02,-1.400000e+02
-2.602132e+00,-1.400000e+02,-1.400000e+02
-2.598063e+00,-1.400000e+02,-1.400000e+02
-2.593994e+00,-1.400000e+02,-1.400000e+02
-2.589925e+00,-1.400000e+02,-1.400000e+02
-2.585856e+00,-1.400000e+02,-1.400000e+02
-2.581787e+00,-1.400000e+02,-1.400000e+02
-2.577718e+00,-1.400000e+02,-1.400000e+02
-2.573649e+00,-1.400000e+02,-1.400000e+02
-2.569580e+00,-1.400000e+02,-1.400000e+02
-2.565511e+00,-1.400000e+02,-1.400000e+02
-2.561442e+00,-1.400000e+02,-1.400000e+02
-2.557373e+00,-1.400000e+02,-1.400000e+02
-2.553304e+00,-1.400000e+02,-1.400000e+02
-2.549235e+00,-1.400000e+02,-1.400000e+02
-2.545166e+00,-1.400000e+02,-1.400000e+02
-2.541097e+00,-1.400000e+02,-1.400000e+02
-2.537028e+00,-1.400000e+02,-1.400000e+02
-2.532959e+00,-1.400000e+02,-1.400000e+02
-2.528890e+00,-1.400000e+02,-1.400000e+02
-2.524821e+00,-1.400000e+02,-1.400000e+02
-2.520752e+00,-1.400000e+02,-1.400000e+02
-2.516683e+00,-1.400000e+02,-1.400000e+02
-2.512614e+00,-1.400000e+02,-1.400000e+02
-2.508545e+00,-1.400000e+02,-1.400000e+02
-2.504476e+00,-1.400000e+02,-1.400000e+02
-2.500407e+00,-1.400000e+02,-1.400000e+02
-2.496338e+00,-1.400000e+02,-1.400000e+02
-2.492269e+00,-1.400000e+02,-1.400000e+02
-2.488200e+00,-1.400000e+02,-1.400000e+02
-2.484131e+00,-1.400000e+02,-1.400000e+02
-2.480062e+00,-1.400000e+02,-1.400000e+02
-2.475993e+00,-1.400000e+02,-1.400000e+02
-2.471924e+00,-1.400000e+02,-1.400000e+02
-2.467855e+00,-1.400000e+02,-1.400000e+02
-2.463786e+00,-1.400000e+02,-1.400000e+02
-2.459717e+00,-1.400000e+02,-1.400000e+02
-2.455648e+00,-1.400000e+02,-1.400000e+02
-2.451579e+00,-1.400000e+02,-1.400000e+02
-2.447510e+00,-1.400000e+02,-1.400000e+02
-2.443441e+00,-1.400000e+02,-1.400000e+02
-2.439372e+00,-1.400000e+02,-1.400000e+02
-2.435303e+00,-1.400000e+02,-1.400000e+02
-2.431234e+00,-1.400000e+02,-1.400000e+02
-2.427165e+00,-1.400000e+02,-1.400000e+02
-2.423096e+00,-1.400000e+02,-1.400000e+02
-2.419027e+00,-1.400000e+02,-1.400000e+02
-2.414958e+00,-1.400000e+02,-1.400000e+02
-2.410889e+00,-1.400000e+02,-1.400000e+02
-2.406820e+00,-1.400000e+02,-1.400000e+02
-2.402751e+00,-1.400000e+02,-1.400000e+02
-2.398682e+00,-1.400000e+02,-1.400000e+02
-2.394613e+00,-1.400000e+02,-1.400000e+02
-2.390544e+00,-1.400000e+02,-1.400000e+02
-2.386475e+00,-1.400000e+02,-1.400000e+02
-2.382406e+00,-1.400000e+02,-1.400000e+02
-2.378337e+00,-1.400000e+02,-1.400000e+02
-2.374268e+00,-1.400000e+02,-1.400000e+02
-2.370199e+00,-1.400000e+02,-1.400000e+02
-2.366130e+00,-1.400000e+02,-1.400000e+02
-2.362061e+00,-1.400000e+02,-1.400000e+02
-2.357992e+00,-1.400000e+02,-1.400000e+02
-2.353923e+00,-1.400000e+02,-1.400000e+02
-2.349854e+00,-1.400000e+02,-1.400000e+02
-2.345785e+00,-1.400000e+02,-1.400000e+02
-2.341715e+00,-1.400000e+02,-1.400000e+02
-2.337646e+00,-1.400000e+02,-1.400000e+02
-2.333577e+00,-1.400000e+02,-1.400000e+02
-2.329508e+00,-1.400000e+02,-1.400000e+02
-2.325439e+00,-1.400000e+02,-1.400000e+02
-2.321370e+00,-1.400000e+02,-1.400000e+02
-2.317301e+00,-1.400000e+02,-1.400000e+02
-2.313232e+00,-1.400000e+02,-1.400000e+02
-2.309163e+00,-1.400000e+02,-1.400000e+02
-2.305094e+00,-1.400000e+02,-1.400000e+02
-2.301025e+00,-1.400000e+02,-1.400000e+02
-2.296956e+00,-1.400000e+02,-1.400000e+02
-2.292887e+00,-1.400000e+02,-1.400000e+02
-2.288818e+00,-1.400000e+02,-1.400000e+02
-2.284749e+00,-1.400000e+02,-1.400000e+02
-2.280680e+00,-1.400000e+02,-1.400000e+02
-2.276611e+00,-1.400000e+02,-1.400000e+02
-2.272542e+00,-1.400000e+02,-1.400000e+02
-2.268473e+00,-1.400000e+02,-1.400000e+02
-2.264404e+00,-1.400000e+02,-1.400000e+02
-2.260335e+00,-1.400000e+02,-1.400000e+02
-2.256266e+00,-1.400000e+02,-1.400000e+02
-2.252197e+00,-1.400000e+02,-1.400000e+02
-2.248128e+00,-1.400000e+02,-1.400000e+02
-2.244059e+00,-1.400000e+02,-1.400000e+02
-2.239990e+00,-1.400000e+02,-1.400000e+02
-2.235921e+00,-1.400000e+02,-1.400000e+02
-2.231852e+00,-1.400000e+02,-1.400000e+02
-2.227783e+00,-1.400000e+02,-1.400000e+02
-2.223714e+00,-1.400000e+02,-1.400000e+02
-2.219645e+00,-1.400000e+02,-1.400000e+02
-2.215576e+00,-1.400000e+02,-1.400000e+02
-2.211507e+00,-1.400000e+02,-1.400000e+02
-2.207438e+00,-1.400000e+02,-1.400000e+02
-2.203369e+00,-1.400000e+02,-1.400000e+02
-2.199300e+00,-1.400000e+02,-1.400000e+02
-2.195231e+00,-1.400000e+02,-1.400000e+02
-2.191162e+00,-1.400000e+02,-1.400000e+02
-2.187093e+00,-1.400000e+02,-1.400000e+02
-2.183024e+00,-1.400000e+02,-1.400000e+02
-2.178955e+00,-1.400000e+02,-1.400000e+02
-2.174886e+00,-1.400000e+02,-1.400000e+02
-2.170817e+00,-1.400000e+02,-1.400000e+02
-2.166748e+00,-1.400000e+02,-1.400000e+02
-2.162679e+00,-1.400000e+02,-1.400000e+02
-2.158610e+00,-1.400000e+02,-1.400000e+02
-2.154541e+00,-1.400000e+02,-1.400000e+02
-2.150472e+00,-1.400000e+02,-1.400000e+02
-2.146403e+00,-1.400000e+02,-1.400000e+02
-2.142334e+00,-1.400000e+02,-1.400000e+02
-2.138265e+00,-1.400000e+02,-1.400000e+02
-2.134196e+00,-1.400000e+02,-1.400000e+02
-2.130127e+00,-1.400000e+02,-1.400000e+02
-2.126058e+00,-1.400000e+02,-1.400000e+02
-2.121989e+00,-1.400000e+02,-1.400000e+02
-2.117920e+00,-1.400000e+02,-1.400000e+02
-2.113851e+00,-1.400000e+02,-1.400000e+02
-2.109782e+00,-1.400000e+02,-1.400000e+02
-2.105713e+00,-1.400000e+02,-1.400000e+02
-2.101644e+00,-1.400000e+02,-1.400000e+02
-2.097575e+00,-1.400000e+02,-1.400000e+02
-2.093506e+00,-1.400000e+02,-1.400000e+02
-2.089437e+00,-1.400000e+02,-1.400000e+02
-2.085368e+00,-1.400000e+02,-1.400000e+02
-2.081299e+00,-7.100335e+01,-6.020600e+01
-2.077230e+00,-6.717724e+01,-5.073514e+01
-2.073161e+00,-6.714902e+01,-4.651708e+01
-2.069092e+00,-6.888624e+01,-4.399291e+01
-2.065023e+00,-7.608917e+01,-4.241494e+01
-2.060954e+00,-7.557310e+01,-4.150746e+01
-2.056885e+00,-6.691852e+01,-4.114039e+01
-2.052816e+00,-6.761244e+01,-4.122832e+01
-2.048747e+00,-9.120934e+01,-4.166354e+01
-2.044678e+00,-6.671654e+01,-4.223103e+01
-2.040609e+00,-7.085789e+01,-4.254417e+01
-2.036540e+00,-6.964492e+01,-4.222867e+01
-2.032471e+00,-6.802952e+01,-4.133556e+01
-2.028402e+00,-7.145237e+01,-4.027255e+01
-2.024333e+00,-6.797621e+01,-3.938610e+01
-2.020264e+00,-6.990495e+01,-3.883980e+01
-2.016195e+00,-7.016765e+01,-3.867792e+01
-2.012126e+00,-6.717651e+01,-3.886824e+01
-2.008057e+00,-8.174027e+01,-3.928975e+01
-2.003988e+00,-6.636515e+01,-3.969387e+01
-1.999919e+00,-7.143232e+01,-3.975453e+01
-1.995850e+00,-7.207624e+01,-3.932505e+01
-1.991781e+00,-6.622051e+01,-3.860565e+01
-1.987712e+00,-7.219425e+01,-3.792241e+01
-1.983643e+00,-7.358564e+01,-3.749531e+01
-1.979574e+00,-6.639281e+01,-3.740786e+01
-1.975505e+00,-6.832738e+01,-3.763317e+01
-1.971436e+00,-8.994824e+01,-3.802760e+01
-1.967367e+00,-6.973864e+01,-3.832260e+01
-1.963298e+00,-6.622694e+01,-3.824583e+01
-1.959229e+00,-6.797307e+01,-3.777614e+01
-1.955160e+00,-7.740299e+01,-3.716884e+01
-1.951090e+00,-7.532094e+01,-3.670444e+01
-1.947021e+00,-6.793992e+01,-3.653649e+01
-1.942952e+00,-6.618077e+01,-3.668332e+01
-1.938883e+00,-6.716432e+01,-3.703227e+01
-1.934814e+00,-7.101734e+01,-3.733786e+01
-1.930745e+00,-8.261003e+01,-3.732590e+01
-1.926676e+00,-7.752769e+01,-3.694037e+01
-1.922607e+00,-7.034082e+01,-3.640820e+01
-1.918538e+00,-6.750691e+01,-3.600794e+01
-1.914469e+00,-6.634272e+01,-3.589616e+01
-1.910400e+00,-6.615438e+01,-3.608131e+01
-1.906331e+00,-6.664932e+01,-3.642408e+01
-1.902262e+00,-6.767675e+01,-3.665756e+01
-1.898193e+00,-6.915185e+01,-3.654640e+01
-1.894124e+00,-7.102543e+01,-3.612559e+01
-1.890055e+00,-7.326572e+01,-3.566176e+01
-1.885986e+00,-7.583666e+01,-3.540144e+01
-1.881917e+00,-7.865320e+01,-3.544369e+01
-1.877848e+00,-8.148233e+01,-3.572583e+01
-1.873779e+00,-8.378451e+01,-3.602928e+01
-1.869710e+00,-8.472870e+01,-3.607517e+01
-1.865641e+00,-8.384275e+01,-3.577293e+01
-1.861572e+00,-8.160166e+01,-3.532608e+01
-1.857503e+00,-7.883500e+01,-3.501328e+01
-1.853434e+00,-7.607855e+01,-3.498668e+01
-1.849365e+00,-7.356049e+01,-3.522433e+01
-1.845296e+00,-7.135912e+01,-3.553278e+01
-1.841227e+00,-6.950049e+01,-3.562742e+01
-1.837158e+00,-6.800109e+01,-3.537734e+01
-1.833089e+00,-6.688625e+01,-3.495800e+01
-1.829020e+00,-6.620124e+01,-3.465435e+01
-1.824951e+00,-6.602492e+01,-3.463153e+01
-1.820882e+00,-6.649678e+01,-3.486862e+01
-1.816813e+00,-6.788678e+01,-3.516243e+01
-1.812744e+00,-7.083100e+01,-3.522729e+01
-1.808675e+00,-7.769646e+01,-3.495919e+01
-1.804606e+00,-8.544002e+01,-3.456122e+01
-1.800537e+00,-7.239569e+01,-3.431503e+01
-1.796468e+00,-6.801886e+01,-3.435848e+01
-1.792399e+00,-6.618932e+01,-3.462797e+01
-1.788330e+00,-6.619325e+01,-3.487848e+01
-1.784261e+00,-6.833483e+01,-3.484290e+01
-1.780192e+00,-7.486786e+01,-3.451510e+01
-1.776123e+00,-8.234226e+01,-3.415942e+01
-1.772054e+00,-6.985344e+01,-3.402727e+01
-1.767985e+00,-6.638694e+01,-3.418255e+01
-1.763916e+00,-6.621880e+01,-3.447454e+01
-1.759847e+00,-6.960503e+01,-3.461123e+01
-1.755778e+00,-8.646197e+01,-3.441842e+01
-1.751709e+00,-7.161665e+01,-3.405148e+01
-1.747640e+00,-6.650237e+01,-3.380737e+01
-1.743571e+00,-6.632104e+01,-3.384870e+01
-1.739502e+00,-7.133795e+01,-3.411221e+01
-1.735433e+00,-8.223529e+01,-3.433635e+01
-1.731364e+00,-6.808285e+01,-3.426174e+01
-1.727295e+00,-6.589415e+01,-3.393005e+01
-1.723226e+00,-6.941723e+01,-3.363273e+01
-1.719157e+00,-8.964987e+01,-3.359580e+01
-1.715088e+00,-6.815508e+01,-3.381936e+01
-1.711019e+00,-6.592380e+01,-3.407551e+01
-1.706950e+00,-7.090460e+01,-3.407176e+01
-1.702881e+00,-7.724346e+01,-3.377688e+01
-1.698812e+00,-6.660370e+01,-3.346392e+01
-1.694743e+00,-6.688593e+01,-3.339122e+01
-1.690674e+00,-8.135538e+01,-3.359208e+01
-1.686605e+00,-6.897511e+01,-3.385368e+01
-1.682536e+00,-6.590432e+01,-3.387210e+01
-1.678467e+00,-7.304830e+01,-3.359276e+01
-1.674398e+00,-7.157969e+01,-3.328527e+01
-1.670329e+00,-6.578960e+01,-3.321704e+01
-1.666260e+00,-7.108979e+01,-3.342124e+01
-1.662191e+00,-7.271738e+01,-3.367376e+01
-1.658122e+00,-6.577796e+01,-3.366991e+01
-1.654053e+00,-7.147659e+01,-3.338143e+01
-1.649984e+00,-7.144404e+01,-3.309733e+01
-1.645915e+00,-6.577935e+01,-3.307166e+01
-1.641846e+00,-7.471759e+01,-3.330104e+01
-1.637777e+00,-6.882259e+01,-3.352453e+01
-1.633708e+00,-6.631641e+01,-3.345647e+01
-1.629639e+00,-9.506036e+01,-3.314666e+01
-1.625570e+00,-6.648891e+01,-3.291366e+01
-1.621501e+00,-6.877123e+01,-3.296616e+01
-1.617432e+00,-7.307250e+01,-3.322510e+01
-1.613363e+00,-6.575190e+01,-3.338059e+01
-1.609294e+00,-7.946446e+01,-3.321482e+01
-1.605225e+00,-6.685291e+01,-3.289987e+01
-1.601156e+00,-6.863962e+01,-3.276130e+01
-1.597087e+00,-7.188988e+01,-3.291560e+01
-1.593018e+00,-6.595926e+01,-3.317303e+01
-1.588949e+00,-9.941522e+01,-3.320213e+01
-1.584880e+00,-6.583142e+01,-3.293633e+01
-1.580811e+00,-7.369215e+01,-3.267224e+01
-1.576742e+00,-6.729644e+01,-3.267692e+01
-1.572673e+00,-6.875395e+01,-3.291954e+01
-1.568604e+00,-7.013075e+01,-3.309448e+01
-1.564535e+00,-6.672547e+01,-3.295097e+01
-1.560465e+00,-7.458261e+01,-3.264599e+01
-1.556396e+00,-6.588381e+01,-3.251902e+01
-1.552327e+00,-8.204448e+01,-3.268573e+01
-1.548258e+00,-6.561593e+01,-3.293009e+01
-1.544189e+00,-1.226087e+02,-3.291614e+01
-1.540120e+00,-6.559635e+01,-3.263423e+01
-1.536051e+00,-8.611688e+01,-3.241820e+01
-1.531982e+00,-6.563068e+01,-3.249603e+01
-1.527913e+00,-8.348987e+01,-3.275272e+01
-1.523844e+00,-6.562124e+01,-3.283852e+01
-1.519775e+00,-8.544390e+01,-3.260897e+01
-1.515706e+00,-6.556265e+01,-3.234541e+01
-1.511637e+00,-1.010363e+02,-3.234832e+01
-1.507568e+00,-6.553993e+01,-3.258974e+01
-1.503499e+00,-8.352786e+01,-3.273796e+01
-1.499430e+00,-6.572755e+01,-3.256105e+01
-1.495361e+00,-7.537205e+01,-3.227872e+01
-1.491292e+00,-6.641081e+01,-3.223103e+01
-1.487223e+00,-7.064613e+01,-3.245229e+01
-1.483154e+00,-6.809509e+01,-3.263248e+01
-1.479085e+00,-6.759388e+01,-3.249170e+01
-1.475016e+00,-7.202309e+01,-3.220557e+01
-1.470947e+00,-6.585699e+01,-3.213325e+01
-1.466878e+00,-8.650572e+01,-3.234249e+01
-1.462809e+00,-6.553294e+01,-3.253280e+01
-1.458740e+00,-7.430932e+01,-3.240473e+01
-1.454671e+00,-6.722363e+01,-3.212081e+01
-1.450602e+00,-6.767748e+01,-3.204883e+01
-1.446533e+00,-7.341507e+01,-3.225928e+01
-1.442464e+00,-6.548243e+01,-3.244207e+01
-1.438395e+00,-8.000498e+01,-3.230207e+01
-1.434326e+00,-6.657619e+01,-3.202448e+01
-1.430257e+00,-6.795681e+01,-3.197739e+01
-1.426188e+00,-7.394610e+01,-3.220093e+01
-1.422119e+00,-6.538887e+01,-3.235669e+01
-1.418050e+00,-7.460533e+01,-3.218296e+01
-1.413981e+00,-6.801827e+01,-3.192117e+01
-1.409912e+00,-6.618321e+01,-3.192371e+01
-1.405843e+00,-1.043562e+02,-3.216421e+01
-1.401774e+00,-6.613462e+01,-3.226679e+01
-1.397705e+00,-6.774324e+01,-3.204616e+01
-1.393636e+00,-7.737255e+01,-3.182095e+01
-1.389567e+00,-6.553708e+01,-3.189564e+01
-1.385498e+00,-6.913268e+01,-3.214076e+01
-1.381429e+00,-7.409122e+01,-3.215761e+01
-1.377360e+00,-6.539181e+01,-3.189496e+01
-1.373291e+00,-6.952925e+01,-3.174047e+01
-1.369222e+00,-7.409764e+01,-3.189909e+01
-1.365153e+00,-6.542783e+01,-3.211203e+01
-1.361084e+00,-6.866980e+01,-3.201482e+01
-1.357015e+00,-7.741180e+01,-3.174381e+01
-1.352946e+00,-6.578066e+01,-3.170091e+01
-1.348877e+00,-6.708296e+01,-3.192840e+01
-1.344808e+00,-1.067339e+02,-3.204771e+01
-1.340739e+00,-6.704565e+01,-3.183656e+01
-1.336670e+00,-6.564654e+01,-3.162246e+01
-1.332601e+00,-7.447757e+01,-3.171853e+01
-1.328532e+00,-7.087585e+01,-3.195395e+01
-1.324463e+00,-6.529312e+01,-3.191714e+01
-1.320394e+00,-6.783859e+01,-3.164839e+01
-1.316325e+00,-9.556725e+01,-3.157000e+01
-1.312256e+00,-6.746424e+01,-3.178411e+01
-1.308187e+00,-6.527338e+01,-3.191969e+01
-1.304118e+00,-7.006841e+01,-3.171915e+01
-1.300049e+00,-7.906668e+01,-3.150748e+01
-1.295980e+00,-6.666457e+01,-3.161059e+01
-1.291911e+00,-6.535033e+01,-3.183911e+01
-1.287842e+00,-7.025227e+01,-3.177584e+01
-1.283773e+00,-8.066701e+01,-3.151147e+01
-1.279704e+00,-6.716858e+01,-3.147828e+01
-1.275635e+00,-6.514694e+01,-3.171002e+01
-1.271566e+00,-6.817758e+01,-3.178615e+01
-1.267497e+00,-8.772587e+01,-3.154680e+01
-1.263428e+00,-6.983411e+01,-3.139797e+01
-1.259359e+00,-6.541955e+01,-3.157203e+01
-1.255290e+00,-6.577948e+01,-3.174769e+01
-1.251221e+00,-7.111898e+01,-3.158259e+01
-1.247152e+00,-8.357471e+01,-3.135948e+01
-1.243083e+00,-6.841384e+01,-3.145027e+01
-1.239014e+00,-6.524262e+01,-3.167601e+01
-1.234945e+00,-6.574368e+01,-3.160106e+01
-1.230876e+00,-7.019314e+01,-3.134552e+01
-1.226807e+00,-1.071412e+02,-3.135353e+01
-1.222738e+00,-7.056165e+01,-3.159031e+01
-1.218669e+00,-6.597665e+01,-3.159745e+01
-1.214600e+00,-6.503267e+01,-3.134027e+01
-1.210531e+00,-6.668880e+01,-3.128004e+01
-1.206462e+00,-7.216546e+01,-3.150534e+01
-1.202393e+00,-9.135266e+01,-3.157529e+01
-1.198324e+00,-7.080306e+01,-3.133283e+01
-1.194255e+00,-6.639742e+01,-3.122360e+01
-1.190186e+00,-6.499784e+01,-3.142953e+01
-1.186117e+00,-6.551090e+01,-3.154118e+01
-1.182048e+00,-6.802231e+01,-3.131727e+01
-1.177979e+00,-7.418121e+01,-3.117762e+01
-1.173910e+00,-8.927602e+01,-3.136646e+01
-1.169840e+00,-7.195751e+01,-3.150127e+01
-1.165771e+00,-6.740626e+01,-3.129115e+01
-1.161702e+00,-6.543652e+01,-3.113721e+01
-1.157633e+00,-6.489368e+01,-3.131707e+01
-1.153564e+00,-6.547510e+01,-3.145949e+01
-1.149495e+00,-6.721840e+01,-3.125389e+01
-1.145426e+00,-7.058522e+01,-3.109987e+01
-1.141357e+00,-7.762474e+01,-3.128123e+01
-1.137288e+00,-8.826775e+01,-3.141708e+01
-1.133219e+00,-7.403043e+01,-3.120570e+01
-1.129150e+00,-6.943969e+01,-3.106566e+01
-1.125081e+00,-6.700800e+01,-3.125842e+01
-1.121012e+00,-6.564641e+01,-3.137255e+01
-1.116943e+00,-6.497128e+01,-3.114741e+01
-1.112874e+00,-6.480391e+01,-3.103711e+01
-1.108805e+00,-6.505070e+01,-3.124745e+01
-1.104736e+00,-6.566323e+01,-3.132194e+01
-1.100667e+00,-6.662374e+01,-3.108114e+01
-1.096598e+00,-6.794232e+01,-3.101886e+01
-1.092529e+00,-6.966365e+01,-3.124523e+01
-1.088460e+00,-7.188908e+01,-3.125960e+01
-1.084391e+00,-7.483821e+01,-3.101165e+01
-1.080322e+00,-7.905535e+01,-3.101665e+01
-1.076253e+00,-8.652858e+01,-3.124492e+01
-1.072184e+00,-9.945671e+01,-3.118022e+01
-1.068115e+00,-8.425762e+01,-3.094785e+01
-1.064046e+00,-7.962934e+01,-3.103488e+01
-1.059977e+00,-7.708188e+01,-3.123440e+01
-1.055908e+00,-7.548999e+01,-3.108261e+01
-1.051839e+00,-7.447146e+01,-3.090312e+01
-1.047770e+00,-7.385629e+01,-3.107214e+01
-1.043701e+00,-7.356255e+01,-3.119716e+01
-1.039632e+00,-7.355608e+01,-3.097472e+01
-1.035563e+00,-7.383719e+01,-3.089275e+01
-1.031494e+00,-7.444075e+01,-3.111533e+01
-1.027425e+00,-7.544988e+01,-3.111880e+01
-1.023356e+00,-7.703697e+01,-3.087719e+01
-1.019287e+00,-7.959081e+01,-3.092630e+01
-1.015218e+00,-8.426529e+01,-3.113618e+01
-1.011149e+00,-1.001996e+02,-3.099973e+01
-1.007080e+00,-8.616265e+01,-3.082064e+01
-1.003011e+00,-7.878319e+01,-3.099464e+01
-9.989421e-01,-7.458138e+01,-3.109919e+01
-9.948730e-01,-7.163101e+01,-3.086744e+01
-9.908040e-01,-6.939829e+01,-3.083219e+01
-9.867350e-01,-6.766695e+01,-3.105774e+01
-9.826660e-01,-6.633710e+01,-3.098790e+01
-9.785970e-01,-6.536485e+01,-3.077478e+01
-9.745280e-01,-6.474064e+01,-3.091003e+01
-9.704590e-01,-6.448278e+01,-3.105238e+01
-9.663900e-01,-6.464035e+01,-3.083626e+01
-9.623210e-01,-6.530807e+01,-3.077349e+01
-9.582520e-01,-6.666696e+01,-3.099778e+01
-9.541829e-01,-6.910705e+01,-3.094123e+01
-9.501139e-01,-7.374417e+01,-3.072793e+01
-9.460449e-01,-8.858145e+01,-3.086575e+01
-9.419759e-01,-7.696593e+01,-3.099739e+01
-9.379069e-01,-7.003211e+01,-3.077496e+01
-9.338379e-01,-6.668706e+01,-3.074093e+01
-9.297689e-01,-6.494967e+01,-3.096236e+01
-9.256999e-01,-6.437047e+01,-3.086225e+01
-9.216309e-01,-6.491772e+01,-3.068019e+01
-9.175618e-01,-6.690247e+01,-3.085972e+01
-9.134928e-01,-7.151136e+01,-3.092695e+01
-9.094238e-01,-8.985897e+01,-3.069176e+01
-9.053548e-01,-7.338043e+01,-3.074369e+01
-9.012858e-01,-6.731692e+01,-3.093206e+01
-8.972168e-01,-6.483179e+01,-3.074924e+01
-8.931478e-01,-6.433447e+01,-3.065816e+01
-8.890788e-01,-6.575678e+01,-3.087842e+01
-8.850098e-01,-7.023010e+01,-3.081470e+01
-8.809408e-01,-9.251691e+01,-3.062050e+01
-8.768717e-01,-7.124989e+01,-3.079171e+01
-8.728027e-01,-6.586591e+01,-3.085784e+01
-8.687337e-01,-6.424334e+01,-3.062573e+01
-8.646647e-01,-6.522043e+01,-3.070135e+01
-8.605957e-01,-6.989126e+01,-3.086530e+01
-8.565267e-01,-9.874480e+01,-3.065740e+01
-8.524577e-01,-6.919090e+01,-3.062723e+01
-8.483887e-01,-6.482610e+01,-3.083965e+01
-8.443197e-01,-6.436860e+01,-3.069747e+01
-8.402507e-01,-6.761161e+01,-3.057701e+01
-8.361816e-01,-8.356961e+01,-3.079226e+01
-8.321126e-01,-6.998218e+01,-3.073232e+01
-8.280436e-01,-6.476293e+01,-3.054929e+01
-8.239746e-01,-6.446083e+01,-3.073589e+01
-8.199056e-01,-6.898676e+01,-3.075484e+01
-8.158366e-01,-8.525742e+01,-3.053805e+01
-8.117676e-01,-6.701138e+01,-3.068026e+01
-8.076986e-01,-6.407181e+01,-3.076368e+01
-8.036296e-01,-6.617866e+01,-3.053623e+01
-7.995605e-01,-8.033237e+01,-3.063097e+01
-7.954915e-01,-6.893989e+01,-3.076106e+01
-7.914225e-01,-6.417938e+01,-3.053767e+01
-7.873535e-01,-6.558727e+01,-3.059019e+01
-7.832845e-01,-7.856071e+01,-3.075066e+01
-7.792155e-01,-6.867270e+01,-3.053798e+01
-7.751465e-01,-6.403292e+01,-3.055796e+01
-7.710775e-01,-6.634180e+01,-3.073609e+01
-7.670085e-01,-1.011150e+02,-3.053440e+01
-7.629395e-01,-6.642788e+01,-3.053344e+01
-7.588704e-01,-6.401456e+01,-3.072008e+01
-7.548014e-01,-6.980658e+01,-3.052553e+01
-7.507324e-01,-7.273470e+01,-3.051577e+01
-7.466634e-01,-6.424048e+01,-3.070417e+01
-7.425944e-01,-6.578167e+01,-3.051082e+01
-7.385254e-01,-1.039335e+02,-3.050452e+01
-7.344564e-01,-6.555006e+01,-3.068862e+01
-7.303874e-01,-6.440230e+01,-3.049043e+01
-7.263184e-01,-7.663299e+01,-3.049987e+01
-7.222493e-01,-6.701156e+01,-3.067248e+01
-7.181803e-01,-6.396224e+01,-3.046519e+01
-7.141113e-01,-7.303819e+01,-3.050249e+01
-7.100423e-01,-6.776950e+01,-3.065351e+01
-7.059733e-01,-6.385955e+01,-3.043695e+01
-7.019043e-01,-7.298906e+01,-3.051305e+01
-6.978353e-01,-6.732071e+01,-3.062847e+01
-6.937663e-01,-6.396026e+01,-3.040896e+01
-6.896973e-01,-7.649455e+01,-3.053133e+01
-6.856283e-01,-6.592237e+01,-3.059366e+01
-6.815592e-01,-6.454159e+01,-3.038633e+01
-6.774902e-01,-1.026055e+02,-3.055491e+01
-6.734212e-01,-6.437307e+01,-3.054634e+01
-6.693522e-01,-6.646277e+01,-3.037575e+01
-6.652832e-01,-7.230893e+01,-3.057772e+01
-6.612142e-01,-6.360164e+01,-3.048691e+01
-6.571452e-01,-7.267546e+01,-3.038421e+01
-6.530762e-01,-6.594556e+01,-3.058923e+01
-6.490072e-01,-6.484994e+01,-3.042160e+01
-6.449382e-01,-7.706876e+01,-3.041577e+01
-6.408691e-01,-6.356864e+01,-3.057627e+01
-6.368001e-01,-7.203024e+01,-3.036395e+01
-6.327311e-01,-6.556500e+01,-3.046652e+01
-6.286621e-01,-6.543466e+01,-3.052894e+01
-6.245931e-01,-7.176265e+01,-3.033296e+01
-6.205241e-01,-6.356926e+01,-3.051951e+01
-6.164551e-01,-8.762821e+01,-3.045017e+01
-6.123861e-01,-6.374676e+01,-3.034557e+01
-6.083171e-01,-7.042532e+01,-3.054508e+01
-6.042480e-01,-6.532227e+01,-3.036319e+01
-6.001790e-01,-6.621698e+01,-3.040336e+01
-5.961100e-01,-6.815400e+01,-3.051439e+01
-5.920410e-01,-6.438498e+01,-3.030777e+01
-5.879720e-01,-7.248422e+01,-3.047845e+01
-5.839030e-01,-6.359280e+01,-3.042604e+01
-5.798340e-01,-7.947530e+01,-3.031965e+01
-5.757650e-01,-6.331535e+01,-3.051458e+01
-5.716960e-01,-1.005031e+02,-3.032463e+01
-5.676270e-01,-6.326255e+01,-3.039754e+01
-5.635579e-01,-8.632315e+01,-3.046446e+01
-5.594889e-01,-6.325988e+01,-3.028202e+01
-5.554199e-01,-8.363003e+01,-3.047902e+01
-5.513509e-01,-6.322358e+01,-3.034950e+01
-5.472819e-01,-8.740117e+01,-3.033869e+01
-5.432129e-01,-6.316018e+01,-3.047161e+01
-5.391439e-01,-9.306917e+01,-3.026769e+01
-5.350749e-01,-6.316844e+01,-3.044194e+01
-5.310059e-01,-7.780282e+01,-3.035829e+01
-5.269368e-01,-6.344586e+01,-3.030547e+01
-5.228678e-01,-7.128626e+01,-3.046104e+01
-5.187988e-01,-6.432868e+01,-3.025606e+01
-5.147298e-01,-6.713804e+01,-3.042013e+01
-5.106608e-01,-6.646854e+01,-3.034505e+01
-5.065918e-01,-6.444958e+01,-3.029326e+01
-5.025228e-01,-7.180321e+01,-3.044156e+01
-4.984538e-01,-6.308196e+01,-3.024013e+01
-4.943848e-01,-8.769684e+01,-3.041648e+01
-4.903158e-01,-6.331244e+01,-3.030979e+01
-4.862467e-01,-6.855862e+01,-3.030265e+01
-4.821777e-01,-6.619326e+01,-3.040898e+01
-4.781087e-01,-6.385770e+01,-3.022763e+01
-4.740397e-01,-7.844045e+01,-3.042210e+01
-4.699707e-01,-6.292981e+01,-3.025756e+01
-4.659017e-01,-6.947899e+01,-3.033755e+01
-4.618327e-01,-6.622348e+01,-3.034944e+01
-4.577637e-01,-6.339504e+01,-3.024076e+01
-4.536947e-01,-1.054848e+02,-3.040994e+01
-4.496257e-01,-6.346492e+01,-3.021157e+01
-4.455566e-01,-6.543891e+01,-3.038551e+01
-4.414876e-01,-7.270814e+01,-3.026095e+01
-4.374186e-01,-6.273938e+01,-3.030130e+01
-4.333496e-01,-6.774333e+01,-3.034058e+01
-4.292806e-01,-6.900798e+01,-3.022209e+01
-4.252116e-01,-6.260637e+01,-3.038904e+01
-4.211426e-01,-6.879222e+01,-3.019461e+01
-4.170736e-01,-6.851528e+01,-3.037615e+01
-4.130046e-01,-6.254238e+01,-3.022439e+01
-4.089355e-01,-6.766526e+01,-3.031547e+01
-4.048665e-01,-7.064480e+01,-3.028524e+01
-4.007975e-01,-6.264454e+01,-3.024359e+01
-3.967285e-01,-6.520286e+01,-3.034145e+01
-3.926595e-01,-8.089657e+01,-3.019263e+01
-3.885905e-01,-6.370237e+01,-3.036764e+01
-3.845215e-01,-6.297604e+01,-3.017663e+01
-3.804525e-01,-7.234321e+01,-3.035754e+01
-3.763835e-01,-6.808221e+01,-3.019251e+01
-3.723145e-01,-6.245231e+01,-3.032062e+01
-3.682454e-01,-6.422710e+01,-3.022758e+01
-3.641764e-01,-8.092833e+01,-3.027246e+01
-3.601074e-01,-6.632450e+01,-3.026746e+01
-3.560384e-01,-6.227218e+01,-3.022662e+01
-3.519694e-01,-6.402368e+01,-3.030127e+01
-3.479004e-01,-7.588758e+01,-3.019097e+01
-3.438314e-01,-6.837795e+01,-3.032358e+01
-3.397624e-01,-6.269309e+01,-3.016776e+01
-3.356934e-01,-6.249895e+01,-3.033385e+01
-3.316243e-01,-6.698700e+01,-3.015550e+01
-3.275553e-01,-9.074678e+01,-3.033454e+01
-3.234863e-01,-6.629053e+01,-3.015096e+01
-3.194173e-01,-6.240163e+01,-3.032923e+01
-3.153483e-01,-6.222900e+01,-3.015066e+01
-3.112793e-01,-6.522047e+01,-3.032135e+01
-3.072103e-01,-7.537950e+01,-3.015165e+01
-3.031413e-01,-7.229063e+01,-3.031353e+01
-2.990723e-01,-6.467782e+01,-3.015185e+01
-2.950033e-01,-6.215420e+01,-3.030745e+01
-2.909342e-01,-6.185802e+01,-3.015009e+01
-2.868652e-01,-6.335213e+01,-3.030389e+01
-2.827962e-01,-6.713090e+01,-3.014601e+01
-2.787272e-01,-7.695108e+01,-3.030280e+01
-2.746582e-01,-7.581385e+01,-3.014010e+01
-2.705892e-01,-6.731443e+01,-3.030318e+01
-2.665202e-01,-6.389689e+01,-3.013380e+01
-2.624512e-01,-6.222695e+01,-3.030300e+01
-2.583822e-01,-6.153559e+01,-3.012965e+01
-2.543132e-01,-6.151095e+01,-3.029899e+01
-2.502441e-01,-6.199250e+01,-3.013133e+01
-2.461751e-01,-6.288536e+01,-3.028692e+01
-2.421061e-01,-6.412702e+01,-3.014313e+01
-2.380371e-01,-6.566971e+01,-3.026267e+01
-2.339681e-01,-6.746531e+01,-3.016841e+01
-2.298991e-01,-6.944499e+01,-3.022470e+01
-2.258301e-01,-7.148565e+01,-3.020664e+01
-2.217611e-01,-7.336178e+01,-3.017759e+01
-2.176921e-01,-7.471656e+01,-3.024948e+01
-2.136230e-01,-7.515315e+01,-3.013479e+01
-2.095540e-01,-7.449245e+01,-3.027878e+01
-2.054850e-01,-7.293328e+01,-3.011691e+01
-2.014160e-01,-7.087738e+01,-3.027210e+01
-1.973470e-01,-6.867758e+01,-3.014149e+01
-1.932780e-01,-6.655681e+01,-3.022027e+01
-1.892090e-01,-6.464096e+01,-3.020424e+01
-1.851400e-01,-6.300779e+01,-3.014795e+01
-1.810710e-01,-6.172161e+01,-3.026350e+01
-1.770020e-01,-6.085719e+01,-3.011147e+01
-1.729329e-01,-6.052318e+01,-3.025826e+01
-1.688639e-01,-6.090149e+01,-3.015424e+01
-1.647949e-01,-6.234742e+01,-3.017783e+01
-1.607259e-01,-6.576212e+01,-3.024077e+01
-1.566569e-01,-7.559239e+01,-3.010979e+01
-1.525879e-01,-7.223194e+01,-3.025622e+01
-1.485189e-01,-6.384068e+01,-3.015306e+01
-1.444499e-01,-6.067401e+01,-3.016106e+01
-1.403809e-01,-6.012956e+01,-3.025067e+01
-1.363118e-01,-6.247337e+01,-3.010798e+01
-1.322428e-01,-7.221873e+01,-3.022018e+01
-1.281738e-01,-6.811036e+01,-3.020462e+01
-1.241048e-01,-6.084899e+01,-3.011009e+01
-1.200358e-01,-5.981872e+01,-3.024671e+01
-1.159668e-01,-6.444504e+01,-3.016900e+01
-1.118978e-01,-7.387109e+01,-3.012252e+01
-1.078288e-01,-6.069278e+01,-3.025104e+01
-1.037598e-01,-5.975830e+01,-3.015767e+01
-9.969076e-02,-6.956651e+01,-3.012242e+01
-9.562174e-02,-6.322009e+01,-3.024636e+01
-9.155273e-02,-5.898132e+01,-3.017193e+01
-8.748372e-02,-6.727550e+01,-3.010789e+01
-8.341471e-02,-6.216019e+01,-3.022474e+01
-7.934570e-02,-5.904526e+01,-3.021289e+01
-7.527669e-02,-1.039560e+02,-3.010480e+01
-7.120768e-02,-5.861954e+01,-3.016279e+01
-6.713867e-02,-6.427047e+01,-3.024636e+01
-6.306966e-02,-6.005525e+01,-3.016923e+01
-5.900065e-02,-6.090223e+01,-3.010070e+01
-5.493164e-02,-6.058040e+01,-3.017200e+01
-5.086263e-02,-6.074233e+01,-3.024359e+01
-4.679362e-02,-5.877845e+01,-3.019376e+01
-4.272461e-02,-6.518278e+01,-3.011218e+01
-3.865560e-02,-5.653047e+01,-3.011375e+01
-3.458659e-02,-6.599418e+01,-3.018361e+01
-3.051758e-02,-5.939793e+01,-3.023727e+01
-2.644857e-02,-5.536530e+01,-3.023126e+01
-2.237956e-02,-5.848066e+01,-3.018703e+01
-1.831055e-02,-7.395130e+01,-3.014277e+01
-1.424154e-02,-6.401302e+01,-3.011666e+01
-1.017253e-02,-6.026307e+01,-3.010694e+01
-6.103516e-03,-4.527874e+01,-3.010761e+01
-2.034505e-03,-6.706470e+00,-3.012919e+01
2.034505e-03,-6.706470e+00,-3.012919e+01
6.103516e-03,-4.527874e+01,-3.010761e+01
1.017253e-02,-6.026307e+01,-3.010694e+01
1.424154e-02,-6.401302e+01,-3.011666e+01
1.831055e-02,-7.395130e+01,-3.014277e+01
2.237956e-02,-5.848066e+01,-3.018703e+01
2.644857e-02,-5.536530e+01,-3.023126e+01
3.051758e-02,-5.939793e+01,-3.023727e+01
3.458659e-02,-6.599418e+01,-3.018361e+01
3.865560e-02,-5.653047e+01,-3.011375e+01
4.272461e-02,-6.518278e+01,-3.011218e+01
4.679362e-02,-5.877845e+01,-3.019376e+01
5.086263e-02,-6.074233e+01,-3.024359e+01
5.493164e-02,-6.058040e+01,-3.017200e+01
5.900065e-02,-6.090223e+01,-3.010070e+01
6.306966e-02,-6.005525e+01,-3.016923e+01
6.713867e-02,-6.427047e+01,-3.024636e+01
7.120768e-02,-5.861954e+01,-3.016279e+01
7.527669e-02,-1.039560e+02,-3.010480e+01
7.934570e-02,-5.904526e+01,-3.021289e+01
8.341471e-02,-6.216019e+01,-3.022474e+01
8.748372e-02,-6.727550e+01,-3.010789e+01
9.155273e-02,-5.898132e+01,-3.017193e+01
9.562174e-02,-6.322009e+01,-3.024636e+01
9.969076e-02,-6.956651e+01,-3.012242e+01
1.037598e-01,-5.975830e+01,-3.015767e+01
1.078288e-01,-6.069278e+01,-3.025104e+01
1.118978e-01,-7.387109e+01,-3.012252e+01
1.159668e-01,-6.444504e+01,-3.016900e+01
1.200358e-01,-5.981872e+01,-3.024671e+01
1.241048e-01,-6.084899e+01,-3.011009e+01
1.281738e-01,-6.811036e+01,-3.020462e+01
1.322428e-01,-7.221873e+01,-3.022018e+01
1.363118e-01,-6.247337e+01,-3.010798e+01
1.403809e-01,-6.012956e+01,-3.025067e+01
1.444499e-01,-6.067401e+01,-3.016106e+01
1.485189e-01,-6.384068e+01,-3.015306e+01
1.525879e-01,-7.223194e+01,-3.025622e+01
1.566569e-01,-7.559239e+01,-3.010979e+01
1.607259e-01,-6.576212e+01,-3.024077e+01
1.647949e-01,-6.234742e+01,-3.017783e+01
1.688639e-01,-6.090149e+01,-3.015424e+01
1.729329e-01,-6.052318e+01,-3.025826e+01
1.770020e-01,-6.085719e+01,-3.011147e+01
1.810710e-01,-6.172161e+01,-3.026350e+01
1.851400e-01,-6.300779e+01,-3.014795e+01
1.892090e-01,-6.464096e+01,-3.020424e+01
1.932780e-01,-6.655681e+01,-3.022027e+01
1.973470e-01,-6.867758e+01,-3.014149e+01
2.014160e-01,-7.087738e+01,-3.027210e+01
2.054850e-01,-7.293328e+01,-3.011691e+01
2.095540e-01,-7.449245e+01,-3.027878e+01
2.136230e-01,-7.515315e+01,-3.013479e+01
2.176921e-01,-7.471656e+01,-3.024948e+01
2.217611e-01,-7.336178e+01,-3.017759e+01
2.258301e-01,-7.148565e+01,-3.020664e+01
2.298991e-01,-6.944499e+01,-3.022470e+01
2.339681e-01,-6.746531e+01,-3.016841e+01
2.380371e-01,-6.566971e+01,-3.026267e+01
2.421061e-01,-6.412702e+01,-3.014313e+01
2.461751e-01,-6.288536e+01,-3.028692e+01
2.502441e-01,-6.199250e+01,-3.013133e+01
2.543132e-01,-6.151095e+01,-3.029899e+01
2.583822e-01,-6.153559e+01,-3.012965e+01
2.624512e-01,-6.222695e+01,-3.030300e+01
2.665202e-01,-6.389689e+01,-3.013380e+01
2.705892e-01,-6.731443e+01,-3.030318e+01
2.746582e-01,-7.581385e+01,-3.014010e+01
2.787272e-01,-7.695108e+01,-3.030280e+01
2.827962e-01,-6.713090e+01,-3.014601e+01
2.868652e-01,-6.335213e+01,-3.030389e+01
2.909342e-01,-6.185802e+01,-3.015009e+01
2.950033e-01,-6.215420e+01,-3.030745e+01
2.990723e-01,-6.467782e+01,-3.015185e+01
3.031413e-01,-7.229063e+01,-3.031353e+01
3.072103e-01,-7.537950e+01,-3.015165e+01
3.112793e-01,-6.522047e+01,-3.032135e+01
3.153483e-01,-6.222900e+01,-3.015066e+01
3.194173e-01,-6.240163e+01,-3.032923e+01
3.234863e-01,-6.629053e+01,-3.015096e+01
3.275553e-01,-9.074678e+01,-3.033454e+01
3.316243e-01,-6.698700e+01,-3.015550e+01
3.356934e-01,-6.249895e+01,-3.033385e+01
3.397624e-01,-6.269309e+01,-3.016776e+01
3.438314e-01,-6.837795e+01,-3.032358e+01
3.479004e-01,-7.588758e+01,-3.019097e+01
3.519694e-01,-6.402368e+01,-3.030127e+01
3.560384e-01,-6.227218e+01,-3.022662e+01
3.601074e-01,-6.632450e+01,-3.026746e+01
3.641764e-01,-8.092833e+01,-3.027246e+01
3.682454e-01,-6.422710e+01,-3.022758e+01
3.723145e-01,-6.245231e+01,-3.032062e+01
3.763835e-01,-6.808221e+01,-3.019251e+01
3.804525e-01,-7.234321e+01,-3.035754e+01
3.845215e-01,-6.297604e+01,-3.017663e+01
3.885905e-01,-6.370237e+01,-3.036764e+01
3.926595e-01,-8.089657e+01,-3.019263e+01
3.967285e-01,-6.520286e+01,-3.034145e+01
4.007975e-01,-6.264454e+01,-3.024359e+01
4.048665e-01,-7.064480e+01,-3.028524e+01
4.089355e-01,-6.766526e+01,-3.031547e+01
4.130046e-01,-6.254238e+01,-3.022439e+01
4.170736e-01,-6.851528e+01,-3.037615e+01
4.211426e-01,-6.879222e+01,-3.019461e+01
4.252116e-01,-6.260637e+01,-3.038904e+01
4.292806e-01,-6.900798e+01,-3.022209e+01
4.333496e-01,-6.774333e+01,-3.034058e+01
4.374186e-01,-6.273938e+01,-3.030130e+01
4.414876e-01,-7.270814e+01,-3.026095e+01
4.455566e-01,-6.543891e+01,-3.038551e+01
4.496257e-01,-6.346492e+01,-3.021157e+01
4.536947e-01,-1.054848e+02,-3.040994e+01
4.577637e-01,-6.339504e+01,-3.024076e+01
4.618327e-01,-6.622348e+01,-3.034944e+01
4.659017e-01,-6.947899e+01,-3.033755e+01
4.699707e-01,-6.292981e+01,-3.025756e+01
4.740397e-01,-7.844045e+01,-3.042210e+01
4.781087e-01,-6.385770e+01,-3.022763e+01
4.821777e-01,-6.619326e+01,-3.040898e+01
4.862467e-01,-6.855862e+01,-3.030265e+01
4.903158e-01,-6.331244e+01,-3.030979e+01
4.943848e-01,-8.769684e+01,-3.041648e+01
4.984538e-01,-6.308196e+01,-3.024013e+01
5.025228e-01,-7.180321e+01,-3.044156e+01
5.065918e-01,-6.444958e+01,-3.029326e+01
5.106608e-01,-6.646854e+01,-3.034505e+01
5.147298e-01,-6.713804e+01,-3.042013e+01
5.187988e-01,-6.432868e+01,-3.025606e+01
5.228678e-01,-7.128626e+01,-3.046104e+01
5.269368e-01,-6.344586e+01,-3.030547e+01
5.310059e-01,-7.780282e+01,-3.035829e+01
5.350749e-01,-6.316844e+01,-3.044194e+01
5.391439e-01,-9.306917e+01,-3.026769e+01
5.432129e-01,-6.316018e+01,-3.047161e+01
5.472819e-01,-8.740117e+01,-3.033869e+01
5.513509e-01,-6.322358e+01,-3.034950e+01
5.554199e-01,-8.363003e+01,-3.047902e+01
5.594889e-01,-6.325988e+01,-3.028202e+01
5.635579e-01,-8.632315e+01,-3.046446e+01
5.676270e-01,-6.326255e+01,-3.039754e+01
5.716960e-01,-1.005031e+02,-3.032463e+01
5.757650e-01,-6.331535e+01,-3.051458e+01
5.798340e-01,-7.947530e+01,-3.031965e+01
5.839030e-01,-6.359280e+01,-3.042604e+01
5.879720e-01,-7.248422e+01,-3.047845e+01
5.920410e-01,-6.438498e+01,-3.030777e+01
5.961100e-01,-6.815400e+01,-3.051439e+01
6.001790e-01,-6.621698e+01,-3.040336e+01
6.042480e-01,-6.532227e+01,-3.036319e+01
6.083171e-01,-7.042532e+01,-3.054508e+01
6.123861e-01,-6.374676e+01,-3.034557e+01
6.164551e-01,-8.762821e+01,-3.045017e+01
6.205241e-01,-6.356926e+01,-3.051951e+01
6.245931e-01,-7.176265e+01,-3.033296e+01
6.286621e-01,-6.543466e+01,-3.052894e+01
6.327311e-01,-6.556500e+01,-3.046652e+01
6.368001e-01,-7.203024e+01,-3.036395e+01
6.408691e-01,-6.356864e+01,-3.057627e+01
6.449382e-01,-7.706876e+01,-3.041577e+01
6.490072e-01,-6.484994e+01,-3.042160e+01
6.530762e-01,-6.594556e+01,-3.058923e+01
6.571452e-01,-7.267546e+01,-3.038421e+01
6.612142e-01,-6.360164e+01,-3.048691e+01
6.652832e-01,-7.230893e+01,-3.057772e+01
6.693522e-01,-6.646277e+01,-3.037575e+01
6.734212e-01,-6.437307e+01,-3.054634e+01
6.774902e-01,-1.026055e+02,-3.055491e+01
6.815592e-01,-6.454159e+01,-3.038633e+01
6.856283e-01,-6.592237e+01,-3.059366e+01
6.896973e-01,-7.649455e+01,-3.053133e+01
6.937663e-01,-6.396026e+01,-3.040896e+01
6.978353e-01,-6.732071e+01,-3.062847e+01
7.019043e-01,-7.298906e+01,-3.051305e+01
7.059733e-01,-6.385955e+01,-3.043695e+01
7.100423e-01,-6.776950e+01,-3.065351e+01
7.141113e-01,-7.303819e+01,-3.050249e+01
7.181803e-01,-6.396224e+01,-3.046519e+01
7.222493e-01,-6.701156e+01,-3.067248e+01
7.263184e-01,-7.663299e+01,-3.049987e+01
7.303874e-01,-6.440230e+01,-3.049043e+01
7.344564e-01,-6.555006e+01,-3.068862e+01
7.385254e-01,-1.039335e+02,-3.050452e+01
7.425944e-01,-6.578167e+01,-3.051082e+01
7.466634e-01,-6.424048e+01,-3.070417e+01
7.507324e-01,-7.273470e+01,-3.051577e+01
7.548014e-01,-6.980658e+01,-3.052553e+01
7.588704e-01,-6.401456e+01,-3.072008e+01
7.629395e-01,-6.642788e+01,-3.053344e+01
7.670085e-01,-1.011150e+02,-3.053440e+01
7.710775e-01,-6.634180e+01,-3.073609e+01
7.751465e-01,-6.403292e+01,-3.055796e+01
7.792155e-01,-6.867270e+01,-3.053798e+01
7.832845e-01,-7.856071e+01,-3.075066e+01
7.873535e-01,-6.558727e+01,-3.059019e+01
7.914225e-01,-6.417938e+01,-3.053767e+01
7.954915e-01,-6.893989e+01,-3.076106e+01
7.995605e-01,-8.033237e+01,-3.063097e+01
8.036296e-01,-6.617866e+01,-3.053623e+01
8.076986e-01,-6.407181e+01,-3.076368e+01
8.117676e-01,-6.701138e+01,-3.068026e+01
8.158366e-01,-8.525742e+01,-3.053805e+01
8.199056e-01,-6.898676e+01,-3.075484e+01
8.239746e-01,-6.446083e+01,-3.073589e+01
8.280436e-01,-6.476293e+01,-3.054929e+01
8.321126e-01,-6.998218e+01,-3.073232e+01
8.361816e-01,-8.356961e+01,-3.079226e+01
8.402507e-01,-6.761161e+01,-3.057701e+01
8.443197e-01,-6.436860e+01,-3.069747e+01
8.483887e-01,-6.482610e+01,-3.083965e+01
8.524577e-01,-6.919090e+01,-3.062723e+01
8.565267e-01,-9.874480e+01,-3.065740e+01
8.605957e-01,-6.989126e+01,-3.086530e+01
8.646647e-01,-6.522043e+01,-3.070135e+01
8.687337e-01,-6.424334e+01,-3.062573e+01
8.728027e-01,-6.586591e+01,-3.085784e+01
8.768717e-01,-7.124989e+01,-3.079171e+01
8.809408e-01,-9.251691e+01,-3.062050e+01
8.850098e-01,-7.023010e+01,-3.081470e+01
8.890788e-01,-6.575678e+01,-3.087842e+01
8.931478e-01,-6.433447e+01,-3.065816e+01
8.972168e-01,-6.483179e+01,-3.074924e+01
9.012858e-01,-6.731692e+01,-3.093206e+01
9.053548e-01,-7.338043e+01,-3.074369e+01
9.094238e-01,-8.985897e+01,-3.069176e+01
9.134928e-01,-7.151136e+01,-3.092695e+01
9.175618e-01,-6.690247e+01,-3.085972e+01
9.216309e-01,-6.491772e+01,-3.068019e+01
9.256999e-01,-6.437047e+01,-3.086225e+01
9.297689e-01,-6.494967e+01,-3.096236e+01
9.338379e-01,-6.668706e+01,-3.074093e+01
9.379069e-01,-7.003211e+01,-3.077496e+01
9.419759e-01,-7.696593e+01,-3.099739e+01
9.460449e-01,-8.858145e+01,-3.086575e+01
9.501139e-01,-7.374417e+01,-3.072793e+01
9.541829e-01,-6.910705e+01,-3.094123e+01
9.582520e-01,-6.666696e+01,-3.099778e+01
9.623210e-01,-6.530807e+01,-3.077349e+01
9.663900e-01,-6.464035e+01,-3.083626e+01
9.704590e-01,-6.448278e+01,-3.105238e+01
9.745280e-01,-6.474064e+01,-3.091003e+01
9.785970e-01,-6.536485e+01,-3.077478e+01
9.826660e-01,-6.633710e+01,-3.098790e+01
9.867350e-01,-6.766695e+01,-3.105774e+01
9.908040e-01,-6.939829e+01,-3.083219e+01
9.948730e-01,-7.163101e+01,-3.086744e+01
9.989421e-01,-7.458138e+01,-3.109919e+01
1.003011e+00,-7.878319e+01,-3.099464e+01
1.007080e+00,-8.616265e+01,-3.082064e+01
1.011149e+00,-1.001996e+02,-3.099973e+01
1.015218e+00,-8.426529e+01,-3.113618e+01
1.019287e+00,-7.959081e+01,-3.092630e+01
1.023356e+00,-7.703697e+01,-3.087719e+01
1.027425e+00,-7.544988e+01,-3.111880e+01
1.031494e+00,-7.444075e+01,-3.111533e+01
1.035563e+00,-7.383719e+01,-3.089275e+01
1.039632e+00,-7.355608e+01,-3.097472e+01
1.043701e+00,-7.356255e+01,-3.119716e+01
1.047770e+00,-7.385629e+01,-3.107214e+01
1.051839e+00,-7.447146e+01,-3.090312e+01
1.055908e+00,-7.548999e+01,-3.108261e+01
1.059977e+00,-7.708188e+01,-3.123440e+01
1.064046e+00,-7.962934e+01,-3.103488e+01
1.068115e+00,-8.425762e+01,-3.094785e+01
1.072184e+00,-9.945671e+01,-3.118022e+01
1.076253e+00,-8.652858e+01,-3.124492e+01
1.080322e+00,-7.905535e+01,-3.101665e+01
1.084391e+00,-7.483821e+01,-3.101165e+01
1.088460e+00,-7.188908e+01,-3.125960e+01
1.092529e+00,-6.966365e+01,-3.124523e+01
1.096598e+00,-6.794232e+01,-3.101886e+01
1.100667e+00,-6.662374e+01,-3.108114e+01
1.104736e+00,-6.566323e+01,-3.132194e+01
1.108805e+00,-6.505070e+01,-3.124745e+01
1.112874e+00,-6.480391e+01,-3.103711e+01
1.116943e+00,-6.497128e+01,-3.114741e+01
1.121012e+00,-6.564641e+01,-3.137255e+01
1.125081e+00,-6.700800e+01,-3.125842e+01
1.129150e+00,-6.943969e+01,-3.106566e+01
1.133219e+00,-7.403043e+01,-3.120570e+01
1.137288e+00,-8.826775e+01,-3.141708e+01
1.141357e+00,-7.762474e+01,-3.128123e+01
1.145426e+00,-7.058522e+01,-3.109987e+01
1.149495e+00,-6.721840e+01,-3.125389e+01
1.153564e+00,-6.547510e+01,-3.145949e+01
1.157633e+00,-6.489368e+01,-3.131707e+01
1.161702e+00,-6.543652e+01,-3.113721e+01
1.165771e+00,-6.740626e+01,-3.129115e+01
1.169840e+00,-7.195751e+01,-3.150127e+01
1.173910e+00,-8.927602e+01,-3.136646e+01
1.177979e+00,-7.418121e+01,-3.117762e+01
1.182048e+00,-6.802231e+01,-3.131727e+01
1.186117e+00,-6.551090e+01,-3.154118e+01
1.190186e+00,-6.499784e+01,-3.142953e+01
1.194255e+00,-6.639742e+01,-3.122360e+01
1.198324e+00,-7.080306e+01,-3.133283e+01
1.202393e+00,-9.135266e+01,-3.157529e+01
1.206462e+00,-7.216546e+01,-3.150534e+01
1.210531e+00,-6.668880e+01,-3.128004e+01
1.214600e+00,-6.503267e+01,-3.134027e+01
1.218669e+00,-6.597665e+01,-3.159745e+01
1.222738e+00,-7.056165e+01,-3.159031e+01
1.226807e+00,-1.071412e+02,-3.135353e+01
1.230876e+00,-7.019314e+01,-3.134552e+01
1.234945e+00,-6.574368e+01,-3.160106e+01
1.239014e+00,-6.524262e+01,-3.167601e+01
1.243083e+00,-6.841384e+01,-3.145027e+01
1.247152e+00,-8.357471e+01,-3.135948e+01
1.251221e+00,-7.111898e+01,-3.158259e+01
1.255290e+00,-6.577948e+01,-3.174769e+01
1.259359e+00,-6.541955e+01,-3.157203e+01
1.263428e+00,-6.983411e+01,-3.139797e+01
1.267497e+00,-8.772587e+01,-3.154680e+01
1.271566e+00,-6.817758e+01,-3.178615e+01
1.275635e+00,-6.514694e+01,-3.171002e+01
1.279704e+00,-6.716858e+01,-3.147828e+01
1.283773e+00,-8.066701e+01,-3.151147e+01
1.287842e+00,-7.025227e+01,-3.177584e+01
1.291911e+00,-6.535033e+01,-3.183911e+01
1.295980e+00,-6.666457e+01,-3.161059e+01
1.300049e+00,-7.906668e+01,-3.150748e+01
1.304118e+00,-7.006841e+01,-3.171915e+01
1.308187e+00,-6.527338e+01,-3.191969e+01
1.312256e+00,-6.746424e+01,-3.178411e+01
1.316325e+00,-9.556725e+01,-3.157000e+01
1.320394e+00,-6.783859e+01,-3.164839e+01
1.324463e+00,-6.529312e+01,-3.191714e+01
1.328532e+00,-7.087585e+01,-3.195395e+01
1.332601e+00,-7.447757e+01,-3.171853e+01
1.336670e+00,-6.564654e+01,-3.162246e+01
1.340739e+00,-6.704565e+01,-3.183656e+01
1.344808e+00,-1.067339e+02,-3.204771e+01
1.348877e+00,-6.708296e+01,-3.192840e+01
1.352946e+00,-6.578066e+01,-3.170091e+01
1.357015e+00,-7.741180e+01,-3.174381e+01
1.361084e+00,-6.866980e+01,-3.201482e+01
1.365153e+00,-6.542783e+01,-3.211203e+01
1.369222e+00,-7.409764e+01,-3.189909e+01
1.373291e+00,-6.952925e+01,-3.174047e+01
1.377360e+00,-6.539181e+01,-3.189496e+01
1.381429e+00,-7.409122e+01,-3.215761e+01
1.385498e+00,-6.913268e+01,-3.214076e+01
1.389567e+00,-6.553708e+01,-3.189564e+01
1.393636e+00,-7.737255e+01,-3.182095e+01
1.397705e+00,-6.774324e+01,-3.204616e+01
1.401774e+00,-6.613462e+01,-3.226679e+01
1.405843e+00,-1.043562e+02,-3.216421e+01
1.409912e+00,-6.618321e+01,-3.192371e+01
1.413981e+00,-6.801827e+01,-3.192117e+01
1.418050e+00,-7.460533e+01,-3.218296e+01
1.422119e+00,-6.538887e+01,-3.235669e+01
1.426188e+00,-7.394610e+01,-3.220093e+01
1.430257e+00,-6.795681e+01,-3.197739e+01
1.434326e+00,-6.657619e+01,-3.202448e+01
1.438395e+00,-8.000498e+01,-3.230207e+01
1.442464e+00,-6.548243e+01,-3.244207e+01
1.446533e+00,-7.341507e+01,-3.225928e+01
1.450602e+00,-6.767748e+01,-3.204883e+01
1.454671e+00,-6.722363e+01,-3.212081e+01
1.458740e+00,-7.430932e+01,-3.240473e+01
1.462809e+00,-6.553294e+01,-3.253280e+01
1.466878e+00,-8.650572e+01,-3.234249e+01
1.470947e+00,-6.585699e+01,-3.213325e+01
1.475016e+00,-7.202309e+01,-3.220557e+01
1.479085e+00,-6.759388e+01,-3.249170e+01
1.483154e+00,-6.809509e+01,-3.263248e+01
1.487223e+00,-7.064613e+01,-3.245229e+01
1.491292e+00,-6.641081e+01,-3.223103e+01
1.495361e+00,-7.537205e+01,-3.227872e+01
1.499430e+00,-6.572755e+01,-3.256105e+01
1.503499e+00,-8.352786e+01,-3.273796e+01
1.507568e+00,-6.553993e+01,-3.258974e+01
1.511637e+00,-1.010363e+02,-3.234832e+01
1.515706e+00,-6.556265e+01,-3.234541e+01
1.519775e+00,-8.544390e+01,-3.260897e+01
1.523844e+00,-6.562124e+01,-3.283852e+01
1.527913e+00,-8.348987e+01,-3.275272e+01
1.531982e+00,-6.563068e+01,-3.249603e+01
1.536051e+00,-8.611688e+01,-3.241820e+01
1.540120e+00,-6.559635e+01,-3.263423e+01
1.544189e+00,-1.226087e+02,-3.291614e+01
1.548258e+00,-6.561593e+01,-3.293009e+01
1.552327e+00,-8.204448e+01,-3.268573e+01
1.556396e+00,-6.588381e+01,-3.251902e+01
1.560465e+00,-7.458261e+01,-3.264599e+01
1.564535e+00,-6.672547e+01,-3.295097e+01
1.568604e+00,-7.013075e+01,-3.309448e+01
1.572673e+00,-6.875395e+01,-3.291954e+01
1.576742e+00,-6.729644e+01,-3.267692e+01
1.580811e+00,-7.369215e+01,-3.267224e+01
1.584880e+00,-6.583142e+01,-3.293633e+01
1.588949e+00,-9.941522e+01,-3.320213e+01
1.593018e+00,-6.595926e+01,-3.317303e+01
1.597087e+00,-7.188988e+01,-3.291560e+01
1.601156e+00,-6.863962e+01,-3.276130e+01
1.605225e+00,-6.685291e+01,-3.289987e+01
1.609294e+00,-7.946446e+01,-3.321482e+01
1.613363e+00,-6.575190e+01,-3.338059e+01
1.617432e+00,-7.307250e+01,-3.322510e+01
1.621501e+00,-6.877123e+01,-3.296616e+01
1.625570e+00,-6.648891e+01,-3.291366e+01
1.629639e+00,-9.506036e+01,-3.314666e+01
1.633708e+00,-6.631641e+01,-3.345647e+01
1.637777e+00,-6.882259e+01,-3.352453e+01
1.641846e+00,-7.471759e+01,-3.330104e+01
1.645915e+00,-6.577935e+01,-3.307166e+01
1.649984e+00,-7.144404e+01,-3.309733e+01
1.654053e+00,-7.147659e+01,-3.338143e+01
1.658122e+00,-6.577796e+01,-3.366991e+01
1.662191e+00,-7.271738e+01,-3.367376e+01
1.666260e+00,-7.108979e+01,-3.342124e+01
1.670329e+00,-6.578960e+01,-3.321704e+01
1.674398e+00,-7.157969e+01,-3.328527e+01
1.678467e+00,-7.304830e+01,-3.359276e+01
1.682536e+00,-6.590432e+01,-3.387210e+01
1.686605e+00,-6.897511e+01,-3.385368e+01
1.690674e+00,-8.135538e+01,-3.359208e+01
1.694743e+00,-6.688593e+01,-3.339122e+01
1.698812e+00,-6.660370e+01,-3.346392e+01
1.702881e+00,-7.724346e+01,-3.377688e+01
1.706950e+00,-7.090460e+01,-3.407176e+01
1.711019e+00,-6.592380e+01,-3.407551e+01
1.715088e+00,-6.815508e+01,-3.381936e+01
1.719157e+00,-8.964987e+01,-3.359580e+01
1.723226e+00,-6.941723e+01,-3.363273e+01
1.727295e+00,-6.589415e+01,-3.393005e+01
1.731364e+00,-6.808285e+01,-3.426174e+01
1.735433e+00,-8.223529e+01,-3.433635e+01
1.739502e+00,-7.133795e+01,-3.411221e+01
1.743571e+00,-6.632104e+01,-3.384870e+01
1.747640e+00,-6.650237e+01,-3.380737e+01
1.751709e+00,-7.161665e+01,-3.405148e+01
1.755778e+00,-8.646197e+01,-3.441842e+01
1.759847e+00,-6.960503e+01,-3.461123e+01
1.763916e+00,-6.621880e+01,-3.447454e+01
1.767985e+00,-6.638694e+01,-3.418255e+01
1.772054e+00,-6.985344e+01,-3.402727e+01
1.776123e+00,-8.234226e+01,-3.415942e+01
1.780192e+00,-7.486786e+01,-3.451510e+01
1.784261e+00,-6.833483e+01,-3.484290e+01
1.788330e+00,-6.619325e+01,-3.487848e+01
1.792399e+00,-6.618932e+01,-3.462797e+01
1.796468e+00,-6.801886e+01,-3.435848e+01
1.800537e+00,-7.239569e+01,-3.431503e+01
1.804606e+00,-8.544002e+01,-3.456122e+01
1.808675e+00,-7.769646e+01,-3.495919e+01
1.812744e+00,-7.083100e+01,-3.522729e+01
1.816813e+00,-6.788678e+01,-3.516243e+01
1.820882e+00,-6.649678e+01,-3.486862e+01
1.824951e+00,-6.602492e+01,-3.463153e+01
1.829020e+00,-6.620124e+01,-3.465435e+01
1.833089e+00,-6.688625e+01,-3.495800e+01
1.837158e+00,-6.800109e+01,-3.537734e+01
1.841227e+00,-6.950049e+01,-3.562742e+01
1.845296e+00,-7.135912e+01,-3.553278e+01
1.849365e+00,-7.356049e+01,-3.522433e+01
1.853434e+00,-7.607855e+01,-3.498668e+01
1.857503e+00,-7.883500e+01,-3.501328e+01
1.861572e+00,-8.160166e+01,-3.532608e+01
1.865641e+00,-8.384275e+01,-3.577293e+01
1.869710e+00,-8.472870e+01,-3.607517e+01
1.873779e+00,-8.378451e+01,-3.602928e+01
1.877848e+00,-8.148233e+01,-3.572583e+01
1.881917e+00,-7.865320e+01,-3.544369e+01
1.885986e+00,-7.583666e+01,-3.540144e+01
1.890055e+00,-7.326572e+01,-3.566176e+01
1.894124e+00,-7.102543e+01,-3.612559e+01
1.898193e+00,-6.915185e+01,-3.654640e+01
1.902262e+00,-6.767675e+01,-3.665756e+01
1.906331e+00,-6.664932e+01,-3.642408e+01
1.910400e+00,-6.615438e+01,-3.608131e+01
1.914469e+00,-6.634272e+01,-3.589616e+01
1.918538e+00,-6.750691e+01,-3.600794e+01
1.922607e+00,-7.034082e+01,-3.640820e+01
1.926676e+00,-7.752769e+01,-3.694037e+01
1.930745e+00,-8.261003e+01,-3.732590e+01
1.934814e+00,-7.101734e+01,-3.733786e+01
1.938883e+00,-6.716432e+01,-3.703227e+01
1.942952e+00,-6.618077e+01,-3.668332e+01
1.947021e+00,-6.793992e+01,-3.653649e+01
1.951090e+00,-7.532094e+01,-3.670444e+01
1.955160e+00,-7.740299e+01,-3.716884e+01
1.959229e+00,-6.797307e+01,-3.777614e+01
1.963298e+00,-6.622694e+01,-3.824583e+01
1.967367e+00,-6.973864e+01,-3.832260e+01
1.971436e+00,-8.994824e+01,-3.802760e+01
1.975505e+00,-6.832738e+01,-3.763317e+01
1.979574e+00,-6.639281e+01,-3.740786e+01
1.983643e+00,-7.358564e+01,-3.749531e+01
1.987712e+00,-7.219425e+01,-3.792241e+01
1.991781e+00,-6.622051e+01,-3.860565e+01
1.995850e+00,-7.207624e+01,-3.932505e+01
1.999919e+00,-7.143232e+01,-3.975453e+01
2.003988e+00,-6.636515e+01,-3.969387e+01
2.008057e+00,-8.174027e+01,-3.928975e+01
2.012126e+00,-6.717651e+01,-3.886824e+01
2.016195e+00,-7.016765e+01,-3.867792e+01
2.020264e+00,-6.990495e+01,-3.883980e+01
2.024333e+00,-6.797621e+01,-3.938610e+01
2.028402e+00,-7.145237e+01,-4.027255e+01
2.032471e+00,-6.802952e+01,-4.133556e+01
2.036540e+00,-6.964492e+01,-4.222867e+01
2.040609e+00,-7.085789e+01,-4.254417e+01
2.044678e+00,-6.671654e+01,-4.223103e+01
2.048747e+00,-9.120934e+01,-4.166354e+01
2.052816e+00,-6.761244e+01,-4.122832e+01
2.056885e+00,-6.691852e+01,-4.114039e+01
2.060954e+00,-7.557310e+01,-4.150746e+01
2.065023e+00,-7.608917e+01,-4.241494e+01
2.069092e+00,-6.888624e+01,-4.399291e+01
2.073161e+00,-6.714902e+01,-4.651708e+01
2.077230e+00,-6.717724e+01,-5.073514e+01
2.081299e+00,-7.100335e+01,-6.020600e+01
2.085368e+00,-1.400000e+02,-1.400000e+02
2.089437e+00,-1.400000e+02,-1.400000e+02
2.093506e+00,-1.400000e+02,-1.400000e+02
2.097575e+00,-1.400000e+02,-1.400000e+02
2.101644e+00,-1.400000e+02,-1.400000e+02
2.105713e+00,-1.400000e+02,-1.400000e+02
2.109782e+00,-1.400000e+02,-1.400000e+02
2.113851e+00,-1.400000e+02,-1.400000e+02
2.117920e+00,-1.400000e+02,-1.400000e+02
2.121989e+00,-1.400000e+02,-1.400000e+02
2.126058e+00,-1.400000e+02,-1.400000e+02
2.130127e+00,-1.400000e+02,-1.400000e+02
2.134196e+00,-1.400000e+02,-1.400000e+02
2.138265e+00,-1.400000e+02,-1.400000e+02
2.142334e+00,-1.400000e+02,-1.400000e+02
2.146403e+00,-1.400000e+02,-1.400000e+02
2.150472e+00,-1.400000e+02,-1.400000e+02
2.154541e+00,-1.400000e+02,-1.400000e+02
2.158610e+00,-1.400000e+02,-1.400000e+02
2.162679e+00,-1.400000e+02,-1.400000e+02
2.166748e+00,-1.400000e+02,-1.400000e+02
2.170817e+00,-1.400000e+02,-1.400000e+02
2.174886e+00,-1.400000e+02,-1.400000e+02
2.178955e+00,-1.400000e+02,-1.400000e+02
2.183024e+00,-1.400000e+02,-1.400000e+02
2.187093e+00,-1.400000e+02,-1.400000e+02
2.191162e+00,-1.400000e+02,-1.400000e+02
2.195231e+00,-1.400000e+02,-1.400000e+02
2.199300e+00,-1.400000e+02,-1.400000e+02
2.203369e+00,-1.400000e+02,-1.400000e+02
2.207438e+00,-1.400000e+02,-1.400000e+02
2.211507e+00,-1.400000e+02,-1.400000e+02
2.215576e+00,-1.400000e+02,-1.400000e+02
2.219645e+00,-1.400000e+02,-1.400000e+02
2.223714e+00,-1.400000e+02,-1.400000e+02
2.227783e+00,-1.400000e+02,-1.400000e+02
2.231852e+00,-1.400000e+02,-1.400000e+02
2.235921e+00,-1.400000e+02,-1.400000e+02
2.239990e+00,-1.400000e+02,-1.400000e+02
2.244059e+00,-1.400000e+02,-1.400000e+02
2.248128e+00,-1.400000e+02,-1.400000e+02
2.252197e+00,-1.400000e+02,-1.400000e+02
2.256266e+00,-1.400000e+02,-1.400000e+02
2.260335e+00,-1.400000e+02,-1.400000e+02
2.264404e+00,-1.400000e+02,-1.400000e+02
2.268473e+00,-1.400000e+02,-1.400000e+02
2.272542e+00,-1.400000e+02,-1.400000e+02
2.276611e+00,-1.400000e+02,-1.400000e+02
2.280680e+00,-1.400000e+02,-1.400000e+02
2.284749e+00,-1.400000e+02,-1.400000e+02
2.288818e+00,-1.400000e+02,-1.400000e+02
2.292887e+00,-1.400000e+02,-1.400000e+02
2.296956e+00,-1.400000e+02,-1.400000e+02
2.301025e+00,-1.400000e+02,-1.400000e+02
2.305094e+00,-1.400000e+02,-1.400000e+02
2.309163e+00,-1.400000e+02,-1.400000e+02
2.313232e+00,-1.400000e+02,-1.400000e+02
2.317301e+00,-1.400000e+02,-1.400000e+02
2.321370e+00,-1.400000e+02,-1.400000e+02
2.325439e+00,-1.400000e+02,-1.400000e+02
2.329508e+00,-1.400000e+02,-1.400000e+02
2.333577e+00,-1.400000e+02,-1.400000e+02
2.337646e+00,-1.400000e+02,-1.400000e+02
2.341715e+00,-1.400000e+02,-1.400000e+02
2.345785e+00,-1.400000e+02,-1.400000e+02
2.349854e+00,-1.400000e+02,-1.400000e+02
2.353923e+00,-1.400000e+02,-1.400000e+02
2.357992e+00,-1.400000e+02,-1.400000e+02
2.362061e+00,-1.400000e+02,-1.400000e+02
2.366130e+00,-1.400000e+02,-1.400000e+02
2.370199e+00,-1.400000e+02,-1.400000e+02
2.374268e+00,-1.400000e+02,-1.400000e+02
2.378337e+00,-1.400000e+02,-1.400000e+02
2.382406e+00,-1.400000e+02,-1.400000e+02
2.386475e+00,-1.400000e+02,-1.400000e+02
2.390544e+00,-1.400000e+02,-1.400000e+02
2.394613e+00,-1.400000e+02,-1.400000e+02
2.398682e+00,-1.400000e+02,-1.400000e+02
2.402751e+00,-1.400000e+02,-1.400000e+02
2.406820e+00,-1.400000e+02,-1.400000e+02
2.410889e+00,-1.400000e+02,-1.400000e+02
2.414958e+00,-1.400000e+02,-1.400000e+02
2.419027e+00,-1.400000e+02,-1.400000e+02
2.423096e+00,-1.400000e+02,-1.400000e+02
2.427165e+00,-1.400000e+02,-1.400000e+02
2.431234e+00,-1.400000e+02,-1.400000e+02
2.435303e+00,-1.400000e+02,-1.400000e+02
2.439372e+00,-1.400000e+02,-1.400000e+02
2.443441e+00,-1.400000e+02,-1.400000e+02
2.447510e+00,-1.400000e+02,-1.400000e+02
2.451579e+00,-1.400000e+02,-1.400000e+02
2.455648e+00,-1.400000e+02,-1.400000e+02
2.459717e+00,-1.400000e+02,-1.400000e+02
2.463786e+00,-1.400000e+02,-1.400000e+02
2.467855e+00,-1.400000e+02,-1.400000e+02
2.471924e+00,-1.400000e+02,-1.400000e+02
2.475993e+00,-1.400000e+02,-1.400000e+02
2.480062e+00,-1.400000e+02,-1.400000e+02
2.484131e+00,-1.400000e+02,-1.400000e+02
2.488200e+00,-1.400000e+02,-1.400000e+02
2.492269e+00,-1.400000e+02,-1.400000e+02
2.496338e+00,-1.400000e+02,-1.400000e+02
2.500407e+00,-1.400000e+02,-1.400000e+02
2.504476e+00,-1.400000e+02,-1.400000e+02
2.508545e+00,-1.400000e+02,-1.400000e+02
2.512614e+00,-1.400000e+02,-1.400000e+02
2.516683e+00,-1.400000e+02,-1.400000e+02
2.520752e+00,-1.400000e+02,-1.400000e+02
2.524821e+00,-1.400000e+02,-1.400000e+02
2.528890e+00,-1.400000e+02,-1.400000e+02
2.532959e+00,-1.400000e+02,-1.400000e+02
2.537028e+00,-1.400000e+02,-1.400000e+02
2.541097e+00,-1.400000e+02,-1.400000e+02
2.545166e+00,-1.400000e+02,-1.400000e+02
2.549235e+00,-1.400000e+02,-1.400000e+02
2.553304e+00,-1.400000e+02,-1.400000e+02
2.557373e+00,-1.400000e+02,-1.400000e+02
2.561442e+00,-1.400000e+02,-1.400000e+02
2.565511e+00,-1.400000e+02,-1.400000e+02
2.569580e+00,-1.400000e+02,-1.400000e+02
2.573649e+00,-1.400000e+02,-1.400000e+02
2.577718e+00,-1.400000e+02,-1.400000e+02
2.581787e+00,-1.400000e+02,-1.400000e+02
2.585856e+00,-1.400000e+02,-1.400000e+02
2.589925e+00,-1.400000e+02,-1.400000e+02
2.593994e+00,-1.400000e+02,-1.400000e+02
2.598063e+00,-1.400000e+02,-1.400000e+02
2.602132e+00,-1.400000e+02,-1.400000e+02
2.606201e+00,-1.400000e+02,-1.400000e+02
2.610270e+00,-1.400000e+02,-1.400000e+02
2.614339e+00,-1.400000e+02,-1.400000e+02
2.618408e+00,-1.400000e+02,-1.400000e+02
2.622477e+00,-1.400000e+02,-1.400000e+02
2.626546e+00,-1.400000e+02,-1.400000e+02
2.630615e+00,-1.400000e+02,-1.400000e+02
2.634684e+00,-1.400000e+02,-1.400000e+02
2.638753e+00,-1.400000e+02,-1.400000e+02
2.642822e+00,-1.400000e+02,-1.400000e+02
2.646891e+00,-1.400000e+02,-1.400000e+02
2.650960e+00,-1.400000e+02,-1.400000e+02
2.655029e+00,-1.400000e+02,-1.400000e+02
2.659098e+00,-1.400000e+02,-1.400000e+02
2.663167e+00,-1.400000e+02,-1.400000e+02
2.667236e+00,-1.400000e+02,-1.400000e+02
2.671305e+00,-1.400000e+02,-1.400000e+02
2.675374e+00,-1.400000e+02,-1.400000e+02
2.679443e+00,-1.400000e+02,-1.400000e+02
2.683512e+00,-1.400000e+02,-1.400000e+02
2.687581e+00,-1.400000e+02,-1.400000e+02
2.691650e+00,-1.400000e+02,-1.400000e+02
2.695719e+00,-1.400000e+02,-1.400000e+02
2.699788e+00,-1.400000e+02,-1.400000e+02
2.703857e+00,-1.400000e+02,-1.400000e+02
2.707926e+00,-1.400000e+02,-1.400000e+02
2.711995e+00,-1.400000e+02,-1.400000e+02
2.716064e+00,-1.400000e+02,-1.400000e+02
2.720133e+00,-1.400000e+02,-1.400000e+02
2.724202e+00,-1.400000e+02,-1.400000e+02
2.728271e+00,-1.400000e+02,-1.400000e+02
2.732340e+00,-1.400000e+02,-1.400000e+02
2.736410e+00,-1.400000e+02,-1.400000e+02
2.740479e+00,-1.400000e+02,-1.400000e+02
2.744548e+00,-1.400000e+02,-1.400000e+02
2.748617e+00,-1.400000e+02,-1.400000e+02
2.752686e+00,-1.400000e+02,-1.400000e+02
2.756755e+00,-1.400000e+02,-1.400000e+02
2.760824e+00,-1.400000e+02,-1.400000e+02
2.764893e+00,-1.400000e+02,-1.400000e+02
2.768962e+00,-1.400000e+02,-1.400000e+02
2.773031e+00,-1.400000e+02,-1.400000e+02
2.777100e+00,-1.400000e+02,-1.400000e+02
2.781169e+00,-1.400000e+02,-1.400000e+02
2.785238e+00,-1.400000e+02,-1.400000e+02
2.789307e+00,-1.400000e+02,-1.400000e+02
2.793376e+00,-1.400000e+02,-1.400000e+02
2.797445e+00,-1.400000e+02,-1.400000e+02
2.801514e+00,-1.400000e+02,-1.400000e+02
2.805583e+00,-1.400000e+02,-1.400000e+02
2.809652e+00,-1.400000e+02,-1.400000e+02
2.813721e+00,-1.400000e+02,-1.400000e+02
2.817790e+00,-1.400000e+02,-1.400000e+02
2.821859e+00,-1.400000e+02,-1.400000e+02
2.825928e+00,-1.400000e+02,-1.400000e+02
2.829997e+00,-1.400000e+02,-1.400000e+02
2.834066e+00,-1.400000e+02,-1.400000e+02
2.838135e+00,-1.400000e+02,-1.400000e+02
2.842204e+00,-1.400000e+02,-1.400000e+02
2.846273e+00,-1.400000e+02,-1.400000e+02
2.850342e+00,-1.400000e+02,-1.400000e+02
2.854411e+00,-1.400000e+02,-1.400000e+02
2.858480e+00,-1.400000e+02,-1.400000e+02
2.862549e+00,-1.400000e+02,-1.400000e+02
2.866618e+00,-1.400000e+02,-1.400000e+02
2.870687e+00,-1.400000e+02,-1.400000e+02
2.874756e+00,-1.400000e+02,-1.400000e+02
2.878825e+00,-1.400000e+02,-1.400000e+02
2.882894e+00,-1.400000e+02,-1.400000e+02
2.886963e+00,-1.400000e+02,-1.400000e+02
2.891032e+00,-1.400000e+02,-1.400000e+02
2.895101e+00,-1.400000e+02,-1.400000e+02
2.899170e+00,-1.400000e+02,-1.400000e+02
2.903239e+00,-1.400000e+02,-1.400000e+02
2.907308e+00,-1.400000e+02,-1.400000e+02
2.911377e+00,-1.400000e+02,-1.400000e+02
2.915446e+00,-1.400000e+02,-1.400000e+02
2.919515e+00,-1.400000e+02,-1.400000e+02
2.923584e+00,-1.400000e+02,-1.400000e+02
2.927653e+00,-1.400000e+02,-1.400000e+02
2.931722e+00,-1.400000e+02,-1.400000e+02
2.935791e+00,-1.400000e+02,-1.400000e+02
2.939860e+00,-1.400000e+02,-1.400000e+02
2.943929e+00,-1.400000e+02,-1.400000e+02
2.947998e+00,-1.400000e+02,-1.400000e+02
2.952067e+00,-1.400000e+02,-1.400000e+02
2.956136e+00,-1.400000e+02,-1.400000e+02
2.960205e+00,-1.400000e+02,-1.400000e+02
2.964274e+00,-1.400000e+02,-1.400000e+02
2.968343e+00,-1.400000e+02,-1.400000e+02
2.972412e+00,-1.400000e+02,-1.400000e+02
2.976481e+00,-1.400000e+02,-1.400000e+02
2.980550e+00,-1.400000e+02,-1.400000e+02
2.984619e+00,-1.400000e+02,-1.400000e+02
2.988688e+00,-1.400000e+02,-1.400000e+02
2.992757e+00,-1.400000e+02,-1.400000e+02
2.996826e+00,-1.400000e+02,-1.400000e+02
3.000895e+00,-1.400000e+02,-1.400000e+02
3.004964e+00,-1.400000e+02,-1.400000e+02
3.009033e+00,-1.400000e+02,-1.400000e+02
3.013102e+00,-1.400000e+02,-1.400000e+02
3.017171e+00,-1.400000e+02,-1.400000e+02
3.021240e+00,-1.400000e+02,-1.400000e+02
3.025309e+00,-1.400000e+02,-1.400000e+02
3.029378e+00,-1.400000e+02,-1.400000e+02
3.033447e+00,-1.400000e+02,-1.400000e+02
3.037516e+00,-1.400000e+02,-1.400000e+02
3.041585e+00,-1.400000e+02,-1.400000e+02
3.045654e+00,-1.400000e+02,-1.400000e+02
3.049723e+00,-1.400000e+02,-1.400000e+02
3.053792e+00,-1.400000e+02,-1.400000e+02
3.057861e+00,-1.400000e+02,-1.400000e+02
3.061930e+00,-1.400000e+02,-1.400000e+02
3.065999e+00,-1.400000e+02,-1.400000e+02
3.070068e+00,-1.400000e+02,-1.400000e+02
3.074137e+00,-1.400000e+02,-1.400000e+02
3.078206e+00,-1.400000e+02,-1.400000e+02
3.082275e+00,-1.400000e+02,-1.400000e+02
3.086344e+00,-1.400000e+02,-1.400000e+02
3.090413e+00,-1.400000e+02,-1.400000e+02
3.094482e+00,-1.400000e+02,-1.400000e+02
3.098551e+00,-1.400000e+02,-1.400000e+02
3.102620e+00,-1.400000e+02,-1.400000e+02
3.106689e+00,-1.400000e+02,-1.400000e+02
3.110758e+00,-1.400000e+02,-1.400000e+02
3.114827e+00,-1.400000e+02,-1.400000e+02
3.118896e+00,-1.400000e+02,-1.400000e+02
3.122965e+00,-1.400000e+02,-1.400000e+02
3.127035e+00,-1.400000e+02,-1.400000e+02
3.131104e+00,-1.400000e+02,-1.400000e+02
3.135173e+00,-1.400000e+02,-1.400000e+02
3.139242e+00,-1.400000e+02,-1.400000e+02
3.143311e+00,-1.400000e+02,-1.400000e+02
3.147380e+00,-1.400000e+02,-1.400000e+02
3.151449e+00,-1.400000e+02,-1.400000e+02
3.155518e+00,-1.400000e+02,-1.400000e+02
3.159587e+00,-1.400000e+02,-1.400000e+02
3.163656e+00,-1.400000e+02,-1.400000e+02
3.167725e+00,-1.400000e+02,-1.400000e+02
3.171794e+00,-1.400000e+02,-1.400000e+02
3.175863e+00,-1.400000e+02,-1.400000e+02
3.179932e+00,-1.400000e+02,-1.400000e+02
3.184001e+00,-1.400000e+02,-1.400000e+02
3.188070e+00,-1.400000e+02,-1.400000e+02
3.192139e+00,-1.400000e+02,-1.400000e+02
3.196208e+00,-1.400000e+02,-1.400000e+02
3.200277e+00,-1.400000e+02,-1.400000e+02
3.204346e+00,-1.400000e+02,-1.400000e+02
3.208415e+00,-1.400000e+02,-1.400000e+02
3.212484e+00,-1.400000e+02,-1.400000e+02
3.216553e+00,-1.400000e+02,-1.400000e+02
3.220622e+00,-1.400000e+02,-1.400000e+02
3.224691e+00,-1.400000e+02,-1.400000e+02
3.228760e+00,-1.400000e+02,-1.400000e+02
3.232829e+00,-1.400000e+02,-1.400000e+02
3.236898e+00,-1.400000e+02,-1.400000e+02
3.240967e+00,-1.400000e+02,-1.400000e+02
3.245036e+00,-1.400000e+02,-1.400000e+02
3.249105e+00,-1.400000e+02,-1.400000e+02
3.253174e+00,-1.400000e+02,-1.400000e+02
3.257243e+00,-1.400000e+02,-1.400000e+02
3.261312e+00,-1.400000e+02,-1.400000e+02
3.265381e+00,-1.400000e+02,-1.400000e+02
3.269450e+00,-1.400000e+02,-1.400000e+02
3.273519e+00,-1.400000e+02,-1.400000e+02
3.277588e+00,-1.400000e+02,-1.400000e+02
3.281657e+00,-1.400000e+02,-1.400000e+02
3.285726e+00,-1.400000e+02,-1.400000e+02
3.289795e+00,-1.400000e+02,-1.400000e+02
3.293864e+00,-1.400000e+02,-1.400000e+02
3.297933e+00,-1.400000e+02,-1.400000e+02
3.302002e+00,-1.400000e+02,-1.400000e+02
3.306071e+00,-1.400000e+02,-1.400000e+02
3.310140e+00,-1.400000e+02,-1.400000e+02
3.314209e+00,-1.400000e+02,-1.400000e+02
3.318278e+00,-1.400000e+02,-1.400000e+02
3.322347e+00,-1.400000e+02,-1.400000e+02
3.326416e+00,-1.400000e+02,-1.400000e+02
3.330485e+00,-1.400000e+02,-1.400000e+02
3.334554e+00,-1.400000e+02,-1.400000e+02
3.338623e+00,-1.400000e+02,-1.400000e+02
3.342692e+00,-1.400000e+02,-1.400000e+02
3.346761e+00,-1.400000e+02,-1.400000e+02
3.350830e+00,-1.400000e+02,-1.400000e+02
3.354899e+00,-1.400000e+02,-1.400000e+02
3.358968e+00,-1.400000e+02,-1.400000e+02
3.363037e+00,-1.400000e+02,-1.400000e+02
3.367106e+00,-1.400000e+02,-1.400000e+02
3.371175e+00,-1.400000e+02,-1.400000e+02
3.375244e+00,-1.400000e+02,-1.400000e+02
3.379313e+00,-1.400000e+02,-1.400000e+02
3.383382e+00,-1.400000e+02,-1.400000e+02
3.387451e+00,-1.400000e+02,-1.400000e+02
3.391520e+00,-1.400000e+02,-1.400000e+02
3.395589e+00,-1.400000e+02,-1.400000e+02
3.399658e+00,-1.400000e+02,-1.400000e+02
3.403727e+00,-1.400000e+02,-1.400000e+02
3.407796e+00,-1.400000e+02,-1.400000e+02
3.411865e+00,-1.400000e+02,-1.400000e+02
3.415934e+00,-1.400000e+02,-1.400000e+02
3.420003e+00,-1.400000e+02,-1.400000e+02
3.424072e+00,-1.400000e+02,-1.400000e+02
3.428141e+00,-1.400000e+02,-1.400000e+02
3.432210e+00,-1.400000e+02,-1.400000e+02
3.436279e+00,-1.400000e+02,-1.400000e+02
3.440348e+00,-1.400000e+02,-1.400000e+02
3.444417e+00,-1.400000e+02,-1.400000e+02
3.448486e+00,-1.400000e+02,-1.400000e+02
3.452555e+00,-1.400000e+02,-1.400000e+02
3.456624e+00,-1.400000e+02,-1.400000e+02
3.460693e+00,-1.400000e+02,-1.400000e+02
3.464762e+00,-1.400000e+02,-1.400000e+02
3.468831e+00,-1.400000e+02,-1.400000e+02
3.472900e+00,-1.400000e+02,-1.400000e+02
3.476969e+00,-1.400000e+02,-1.400000e+02
3.481038e+00,-1.400000e+02,-1.400000e+02
3.485107e+00,-1.400000e+02,-1.400000e+02
3.489176e+00,-1.400000e+02,-1.400000e+02
3.493245e+00,-1.400000e+02,-1.400000e+02
3.497314e+00,-1.400000e+02,-1.400000e+02
3.501383e+00,-1.400000e+02,-1.400000e+02
3.505452e+00,-1.400000e+02,-1.400000e+02
3.509521e+00,-1.400000e+02,-1.400000e+02
3.513590e+00,-1.400000e+02,-1.400000e+02
3.517660e+00,-1.400000e+02,-1.400000e+02
3.521729e+00,-1.400000e+02,-1.400000e+02
3.525798e+00,-1.400000e+02,-1.400000e+02
3.529867e+00,-1.400000e+02,-1.400000e+02
3.533936e+00,-1.400000e+02,-1.400000e+02
3.538005e+00,-1.400000e+02,-1.400000e+02
3.542074e+00,-1.400000e+02,-1.400000e+02
3.546143e+00,-1.400000e+02,-1.400000e+02
3.550212e+00,-1.400000e+02,-1.400000e+02
3.554281e+00,-1.400000e+02,-1.400000e+02
3.558350e+00,-1.400000e+02,-1.400000e+02
3.562419e+00,-1.400000e+02,-1.400000e+02
3.566488e+00,-1.400000e+02,-1.400000e+02
3.570557e+00,-1.400000e+02,-1.400000e+02
3.574626e+00,-1.400000e+02,-1.400000e+02
3.578695e+00,-1.400000e+02,-1.400000e+02
3.582764e+00,-1.400000e+02,-1.400000e+02
3.586833e+00,-1.400000e+02,-1.400000e+02
3.590902e+00,-1.400000e+02,-1.400000e+02
3.594971e+00,-1.400000e+02,-1.400000e+02
3.599040e+00,-1.400000e+02,-1.400000e+02
3.603109e+00,-1.400000e+02,-1.400000e+02
3.607178e+00,-1.400000e+02,-1.400000e+02
3.611247e+00,-1.400000e+02,-1.400000e+02
3.615316e+00,-1.400000e+02,-1.400000e+02
3.619385e+00,-1.400000e+02,-1.400000e+02
3.623454e+00,-1.400000e+02,-1.400000e+02
3.627523e+00,-1.400000e+02,-1.400000e+02
3.631592e+00,-1.400000e+02,-1.400000e+02
3.635661e+00,-1.400000e+02,-1.400000e+02
3.639730e+00,-1.400000e+02,-1.400000e+02
3.643799e+00,-1.400000e+02,-1.400000e+02
3.647868e+00,-1.400000e+02,-1.400000e+02
3.651937e+00,-1.400000e+02,-1.400000e+02
3.656006e+00,-1.400000e+02,-1.400000e+02
3.660075e+00,-1.400000e+02,-1.400000e+02
3.664144e+00,-1.400000e+02,-1.400000e+02
3.668213e+00,-1.400000e+02,-1.400000e+02
3.672282e+00,-1.400000e+02,-1.400000e+02
3.676351e+00,-1.400000e+02,-1.400000e+02
3.680420e+00,-1.400000e+02,-1.400000e+02
3.684489e+00,-1.400000e+02,-1.400000e+02
3.688558e+00,-1.400000e+02,-1.400000e+02
3.692627e+00,-1.400000e+02,-1.400000e+02
3.696696e+00,-1.400000e+02,-1.400000e+02
3.700765e+00,-1.400000e+02,-1.400000e+02
3.704834e+00,-1.400000e+02,-1.400000e+02
3.708903e+00,-1.400000e+02,-1.400000e+02
3.712972e+00,-1.400000e+02,-1.400000e+02
3.717041e+00,-1.400000e+02,-1.400000e+02
3.721110e+00,-1.400000e+02,-1.400000e+02
3.725179e+00,-1.400000e+02,-1.400000e+02
3.729248e+00,-1.400000e+02,-1.400000e+02
3.733317e+00,-1.400000e+02,-1.400000e+02
3.737386e+00,-1.400000e+02,-1.400000e+02
3.741455e+00,-1.400000e+02,-1.400000e+02
3.745524e+00,-1.400000e+02,-1.400000e+02
3.749593e+00,-1.400000e+02,-1.400000e+02
3.753662e+00,-1.400000e+02,-1.400000e+02
3.757731e+00,-1.400000e+02,-1.400000e+02
3.761800e+00,-1.400000e+02,-1.400000e+02
3.765869e+00,-1.400000e+02,-1.400000e+02
3.769938e+00,-1.400000e+02,-1.400000e+02
3.774007e+00,-1.400000e+02,-1.400000e+02
3.778076e+00,-1.400000e+02,-1.400000e+02
3.782145e+00,-1.400000e+02,-1.400000e+02
3.786214e+00,-1.400000e+02,-1.400000e+02
3.790283e+00,-1.400000e+02,-1.400000e+02
3.794352e+00,-1.400000e+02,-1.400000e+02
3.798421e+00,-1.400000e+02,-1.400000e+02
3.802490e+00,-1.400000e+02,-1.400000e+02
3.806559e+00,-1.400000e+02,-1.400000e+02
3.810628e+00,-1.400000e+02,-1.400000e+02
3.814697e+00,-1.400000e+02,-1.400000e+02
3.818766e+00,-1.400000e+02,-1.400000e+02
3.822835e+00,-1.400000e+02,-1.400000e+02
3.826904e+00,-1.400000e+02,-1.400000e+02
3.830973e+00,-1.400000e+02,-1.400000e+02
3.835042e+00,-1.400000e+02,-1.400000e+02
3.839111e+00,-1.400000e+02,-1.400000e+02
3.843180e+00,-1.400000e+02,-1.400000e+02
3.847249e+00,-1.400000e+02,-1.400000e+02
3.851318e+00,-1.400000e+02,-1.400000e+02
3.855387e+00,-1.400000e+02,-1.400000e+02
3.859456e+00,-1.400000e+02,-1.400000e+02
3.863525e+00,-1.400000e+02,-1.400000e+02
3.867594e+00,-1.400000e+02,-1.400000e+02
3.871663e+00,-1.400000e+02,-1.400000e+02
3.875732e+00,-1.400000e+02,-1.400000e+02
3.879801e+00,-1.400000e+02,-1.400000e+02
3.883870e+00,-1.400000e+02,-1.400000e+02
3.887939e+00,-1.400000e+02,-1.400000e+02
3.892008e+00,-1.400000e+02,-1.400000e+02
3.896077e+00,-1.400000e+02,-1.400000e+02
3.900146e+00,-1.400000e+02,-1.400000e+02
3.904215e+00,-1.400000e+02,-1.400000e+02
3.908285e+00,-1.400000e+02,-1.400000e+02
3.912354e+00,-1.400000e+02,-1.400000e+02
3.916423e+00,-1.400000e+02,-1.400000e+02
3.920492e+00,-1.400000e+02,-1.400000e+02
3.924561e+00,-1.400000e+02,-1.400000e+02
3.928630e+00,-1.400000e+02,-1.400000e+02
3.932699e+00,-1.400000e+02,-1.400000e+02
3.936768e+00,-1.400000e+02,-1.400000e+02
3.940837e+00,-1.400000e+02,-1.400000e+02
3.944906e+00,-1.400000e+02,-1.400000e+02
3.948975e+00,-1.400000e+02,-1.400000e+02
3.953044e+00,-1.400000e+02,-1.400000e+02
3.957113e+00,-1.400000e+02,-1.400000e+02
3.961182e+00,-1.400000e+02,-1.400000e+02
3.965251e+00,-1.400000e+02,-1.400000e+02
3.969320e+00,-1.400000e+02,-1.400000e+02
3.973389e+00,-1.400000e+02,-1.400000e+02
3.977458e+00,-1.400000e+02,-1.400000e+02
3.981527e+00,-1.400000e+02,-1.400000e+02
3.985596e+00,-1.400000e+02,-1.400000e+02
3.989665e+00,-1.400000e+02,-1.400000e+02
3.993734e+00,-1.400000e+02,-1.400000e+02
3.997803e+00,-1.400000e+02,-1.400000e+02
4.001872e+00,-1.400000e+02,-1.400000e+02
4.005941e+00,-1.400000e+02,-1.400000e+02
4.010010e+00,-1.400000e+02,-1.400000e+02
4.014079e+00,-1.400000e+02,-1.400000e+02
4.018148e+00,-1.400000e+02,-1.400000e+02
4.022217e+00,-1.400000e+02,-1.400000e+02
4.026286e+00,-1.400000e+02,-1.400000e+02
4.030355e+00,-1.400000e+02,-1.400000e+02
4.034424e+00,-1.400000e+02,-1.400000e+02
4.038493e+00,-1.400000e+02,-1.400000e+02
4.042562e+00,-1.400000e+02,-1.400000e+02
4.046631e+00,-1.400000e+02,-1.400000e+02
4.050700e+00,-1.400000e+02,-1.400000e+02
4.054769e+00,-1.400000e+02,-1.400000e+02
4.058838e+00,-1.400000e+02,-1.400000e+02
4.062907e+00,-1.400000e+02,-1.400000e+02
4.066976e+00,-1.400000e+02,-1.400000e+02
4.071045e+00,-1.400000e+02,-1.400000e+02
4.075114e+00,-1.400000e+02,-1.400000e+02
4.079183e+00,-1.400000e+02,-1.400000e+02
4.083252e+00,-1.400000e+02,-1.400000e+02
4.087321e+00,-1.400000e+02,-1.400000e+02
4.091390e+00,-1.400000e+02,-1.400000e+02
4.095459e+00,-1.400000e+02,-1.400000e+02
4.099528e+00,-1.400000e+02,-1.400000e+02
4.103597e+00,-1.400000e+02,-1.400000e+02
4.107666e+00,-1.400000e+02,-1.400000e+02
4.111735e+00,-1.400000e+02,-1.400000e+02
4.115804e+00,-1.400000e+02,-1.400000e+02
4.119873e+00,-1.400000e+02,-1.400000e+02
4.123942e+00,-1.400000e+02,-1.400000e+02
4.128011e+00,-1.400000e+02,-1.400000e+02
4.132080e+00,-1.400000e+02,-1.400000e+02
4.136149e+00,-1.400000e+02,-1.400000e+02
4.140218e+00,-1.400000e+02,-1.400000e+02
4.144287e+00,-1.400000e+02,-1.400000e+02
4.148356e+00,-1.400000e+02,-1.400000e+02
4.152425e+00,-1.400000e+02,-1.400000e+02
4.156494e+00,-1.400000e+02,-1.400000e+02
4.160563e+00,-1.400000e+02,-1.400000e+02
4.164632e+00,-1.400000e+02,-1.400000e+02
4.168701e+00,-1.400000e+02,-1.400000e+02
4.172770e+00,-1.400000e+02,-1.400000e+02
4.176839e+00,-1.400000e+02,-1.400000e+02
4.180908e+00,-1.400000e+02,-1.400000e+02
4.184977e+00,-1.400000e+02,-1.400000e+02
4.189046e+00,-1.400000e+02,-1.400000e+02
4.193115e+00,-1.400000e+02,-1.400000e+02
4.197184e+00,-1.400000e+02,-1.400000e+02
4.201253e+00,-1.400000e+02,-1.400000e+02
4.205322e+00,-1.400000e+02,-1.400000e+02
4.209391e+00,-1.400000e+02,-1.400000e+02
4.213460e+00,-1.400000e+02,-1.400000e+02
4.217529e+00,-1.400000e+02,-1.400000e+02
4.221598e+00,-1.400000e+02,-1.400000e+02
4.225667e+00,-1.400000e+02,-1.400000e+02
4.229736e+00,-1.400000e+02,-1.400000e+02
4.233805e+00,-1.400000e+02,-1.400000e+02
4.237874e+00,-1.400000e+02,-1.400000e+02
4.241943e+00,-1.400000e+02,-1.400000e+02
4.246012e+00,-1.400000e+02,-1.400000e+02
4.250081e+00,-1.400000e+02,-1.400000e+02
4.254150e+00,-1.400000e+02,-1.400000e+02
4.258219e+00,-1.400000e+02,-1.400000e+02
4.262288e+00,-1.400000e+02,-1.400000e+02
4.266357e+00,-1.400000e+02,-1.400000e+02
4.270426e+00,-1.400000e+02,-1.400000e+02
4.274495e+00,-1.400000e+02,-1.400000e+02
4.278564e+00,-1.400000e+02,-1.400000e+02
4.282633e+00,-1.400000e+02,-1.400000e+02
4.286702e+00,-1.400000e+02,-1.400000e+02
4.290771e+00,-1.400000e+02,-1.400000e+02
4.294840e+00,-1.400000e+02,-1.400000e+02
4.298910e+00,-1.400000e+02,-1.400000e+02
4.302979e+00,-1.400000e+02,-1.400000e+02
4.307048e+00,-1.400000e+02,-1.400000e+02
4.311117e+00,-1.400000e+02,-1.400000e+02
4.315186e+00,-1.400000e+02,-1.400000e+02
4.319255e+00,-1.400000e+02,-1.400000e+02
4.323324e+00,-1.400000e+02,-1.400000e+02
4.327393e+00,-1.400000e+02,-1.400000e+02
4.331462e+00,-1.400000e+02,-1.400000e+02
4.335531e+00,-1.400000e+02,-1.400000e+02
4.339600e+00,-1.400000e+02,-1.400000e+02
4.343669e+00,-1.400000e+02,-1.400000e+02
4.347738e+00,-1.400000e+02,-1.400000e+02
4.351807e+00,-1.400000e+02,-1.400000e+02
4.355876e+00,-1.400000e+02,-1.400000e+02
4.359945e+00,-1.400000e+02,-1.400000e+02
4.364014e+00,-1.400000e+02,-1.400000e+02
4.368083e+00,-1.400000e+02,-1.400000e+02
4.372152e+00,-1.400000e+02,-1.400000e+02
4.376221e+00,-1.400000e+02,-1.400000e+02
4.380290e+00,-1.400000e+02,-1.400000e+02
4.384359e+00,-1.400000e+02,-1.400000e+02
4.388428e+00,-1.400000e+02,-1.400000e+02
4.392497e+00,-1.400000e+02,-1.400000e+02
4.396566e+00,-1.400000e+02,-1.400000e+02
4.400635e+00,-1.400000e+02,-1.400000e+02
4.404704e+00,-1.400000e+02,-1.400000e+02
4.408773e+00,-1.400000e+02,-1.400000e+02
4.412842e+00,-1.400000e+02,-1.400000e+02
4.416911e+00,-1.400000e+02,-1.400000e+02
4.420980e+00,-1.400000e+02,-1.400000e+02
4.425049e+00,-1.400000e+02,-1.400000e+02
4.429118e+00,-1.400000e+02,-1.400000e+02
4.433187e+00,-1.400000e+02,-1.400000e+02
4.437256e+00,-1.400000e+02,-1.400000e+02
4.441325e+00,-1.400000e+02,-1.400000e+02
4.445394e+00,-1.400000e+02,-1.400000e+02
4.449463e+00,-1.400000e+02,-1.400000e+02
4.453532e+00,-1.400000e+02,-1.400000e+02
4.457601e+00,-1.400000e+02,-1.400000e+02
4.461670e+00,-1.400000e+02,-1.400000e+02
4.465739e+00,-1.400000e+02,-1.400000e+02
4.469808e+00,-1.400000e+02,-1.400000e+02
4.473877e+00,-1.400000e+02,-1.400000e+02
4.477946e+00,-1.400000e+02,-1.400000e+02
4.482015e+00,-1.400000e+02,-1.400000e+02
4.486084e+00,-1.400000e+02,-1.400000e+02
4.490153e+00,-1.400000e+02,-1.400000e+02
4.494222e+00,-1.400000e+02,-1.400000e+02
4.498291e+00,-1.400000e+02,-1.400000e+02
4.502360e+00,-1.400000e+02,-1.400000e+02
4.506429e+00,-1.400000e+02,-1.400000e+02
4.510498e+00,-1.400000e+02,-1.400000e+02
4.514567e+00,-1.400000e+02,-1.400000e+02
4.518636e+00,-1.400000e+02,-1.400000e+02
4.522705e+00,-1.400000e+02,-1.400000e+02
4.526774e+00,-1.400000e+02,-1.400000e+02
4.530843e+00,-1.400000e+02,-1.400000e+02
4.534912e+00,-1.400000e+02,-1.400000e+02
4.538981e+00,-1.400000e+02,-1.400000e+02
4.543050e+00,-1.400000e+02,-1.400000e+02
4.547119e+00,-1.400000e+02,-1.400000e+02
4.551188e+00,-1.400000e+02,-1.400000e+02
4.555257e+00,-1.400000e+02,-1.400000e+02
4.559326e+00,-1.400000e+02,-1.400000e+02
4.563395e+00,-1.400000e+02,-1.400000e+02
4.567464e+00,-1.400000e+02,-1.400000e+02
4.571533e+00,-1.400000e+02,-1.400000e+02
4.575602e+00,-1.400000e+02,-1.400000e+02
4.579671e+00,-1.400000e+02,-1.400000e+02
4.583740e+00,-1.400000e+02,-1.400000e+02
4.587809e+00,-1.400000e+02,-1.400000e+02
4.591878e+00,-1.400000e+02,-1.400000e+02
4.595947e+00,-1.400000e+02,-1.400000e+02
4.600016e+00,-1.400000e+02,-1.400000e+02
4.604085e+00,-1.400000e+02,-1.400000e+02
4.608154e+00,-1.400000e+02,-1.400000e+02
4.612223e+00,-1.400000e+02,-1.400000e+02
4.616292e+00,-1.400000e+02,-1.400000e+02
4.620361e+00,-1.400000e+02,-1.400000e+02
4.624430e+00,-1.400000e+02,-1.400000e+02
4.628499e+00,-1.400000e+02,-1.400000e+02
4.632568e+00,-1.400000e+02,-1.400000e+02
4.636637e+00,-1.400000e+02,-1.400000e+02
4.640706e+00,-1.400000e+02,-1.400000e+02
4.644775e+00,-1.400000e+02,-1.400000e+02
4.648844e+00,-1.400000e+02,-1.400000e+02
4.652913e+00,-1.400000e+02,-1.400000e+02
4.656982e+00,-1.400000e+02,-1.400000e+02
4.661051e+00,-1.400000e+02,-1.400000e+02
4.665120e+00,-1.400000e+02,-1.400000e+02
4.669189e+00,-1.400000e+02,-1.400000e+02
4.673258e+00,-1.400000e+02,-1.400000e+02
4.677327e+00,-1.400000e+02,-1.400000e+02
4.681396e+00,-1.400000e+02,-1.400000e+02
4.685465e+00,-1.400000e+02,-1.400000e+02
4.689535e+00,-1.400000e+02,-1.400000e+02
4.693604e+00,-1.400000e+02,-1.400000e+02
4.697673e+00,-1.400000e+02,-1.400000e+02
4.701742e+00,-1.400000e+02,-1.400000e+02
4.705811e+00,-1.400000e+02,-1.400000e+02
4.709880e+00,-1.400000e+02,-1.400000e+02
4.713949e+00,-1.400000e+02,-1.400000e+02
4.718018e+00,-1.400000e+02,-1.400000e+02
4.722087e+00,-1.400000e+02,-1.400000e+02
4.726156e+00,-1.400000e+02,-1.400000e+02
4.730225e+00,-1.400000e+02,-1.400000e+02
4.734294e+00,-1.400000e+02,-1.400000e+02
4.738363e+00,-1.400000e+02,-1.400000e+02
4.742432e+00,-1.400000e+02,-1.400000e+02
4.746501e+00,-1.400000e+02,-1.400000e+02
4.750570e+00,-1.400000e+02,-1.400000e+02
4.754639e+00,-1.400000e+02,-1.400000e+02
4.758708e+00,-1.400000e+02,-1.400000e+02
4.762777e+00,-1.400000e+02,-1.400000e+02
4.766846e+00,-1.400000e+02,-1.400000e+02
4.770915e+00,-1.400000e+02,-1.400000e+02
4.774984e+00,-1.400000e+02,-1.400000e+02
4.779053e+00,-1.400000e+02,-1.400000e+02
4.783122e+00,-1.400000e+02,-1.400000e+02
4.787191e+00,-1.400000e+02,-1.400000e+02
4.791260e+00,-1.400000e+02,-1.400000e+02
4.795329e+00,-1.400000e+02,-1.400000e+02
4.799398e+00,-1.400000e+02,-1.400000e+02
4.803467e+00,-1.400000e+02,-1.400000e+02
4.807536e+00,-1.400000e+02,-1.400000e+02
4.811605e+00,-1.400000e+02,-1.400000e+02
4.815674e+00,-1.400000e+02,-1.400000e+02
4.819743e+00,-1.400000e+02,-1.400000e+02
4.823812e+00,-1.400000e+02,-1.400000e+02
4.827881e+00,-1.400000e+02,-1.400000e+02
4.831950e+00,-1.400000e+02,-1.400000e+02
4.836019e+00,-1.400000e+02,-1.400000e+02
4.840088e+00,-1.400000e+02,-1.400000e+02
4.844157e+00,-1.400000e+02,-1.400000e+02
4.848226e+00,-1.400000e+02,-1.400000e+02
4.852295e+00,-1.400000e+02,-1.400000e+02
4.856364e+00,-1.400000e+02,-1.400000e+02
4.860433e+00,-1.400000e+02,-1.400000e+02
4.864502e+00,-1.400000e+02,-1.400000e+02
4.868571e+00,-1.400000e+02,-1.400000e+02
4.872640e+00,-1.400000e+02,-1.400000e+02
4.876709e+00,-1.400000e+02,-1.400000e+02
4.880778e+00,-1.400000e+02,-1.400000e+02
4.884847e+00,-1.400000e+02,-1.400000e+02
4.888916e+00,-1.400000e+02,-1.400000e+02
4.892985e+00,-1.400000e+02,-1.400000e+02
4.897054e+00,-1.400000e+02,-1.400000e+02
4.901123e+00,-1.400000e+02,-1.400000e+02
4.905192e+00,-1.400000e+02,-1.400000e+02
4.909261e+00,-1.400000e+02,-1.400000e+02
4.913330e+00,-1.400000e+02,-1.400000e+02
4.917399e+00,-1.400000e+02,-1.400000e+02
4.921468e+00,-1.400000e+02,-1.400000e+02
4.925537e+00,-1.400000e+02,-1.400000e+02
4.929606e+00,-1.400000e+02,-1.400000e+02
4.933675e+00,-1.400000e+02,-1.400000e+02
4.937744e+00,-1.400000e+02,-1.400000e+02
4.941813e+00,-1.400000e+02,-1.400000e+02
4.945882e+00,-1.400000e+02,-1.400000e+02
4.949951e+00,-1.400000e+02,-1.400000e+02
4.954020e+00,-1.400000e+02,-1.400000e+02
4.958089e+00,-1.400000e+02,-1.400000e+02
4.962158e+00,-1.400000e+02,-1.400000e+02
4.966227e+00,-1.400000e+02,-1.400000e+02
4.970296e+00,-1.400000e+02,-1.400000e+02
4.974365e+00,-1.400000e+02,-1.400000e+02
4.978434e+00,-1.400000e+02,-1.400000e+02
4.982503e+00,-1.400000e+02,-1.400000e+02
4.986572e+00,-1.400000e+02,-1.400000e+02
4.990641e+00,-1.400000e+02,-1.400000e+02
4.994710e+00,-1.400000e+02,-1.400000e+02
4.998779e+00,-1.400000e+02,-1.400000e+02
5.002848e+00,-1.400000e+02,-1.400000e+02
5.006917e+00,-1.400000e+02,-1.400000e+02
5.010986e+00,-1.400000e+02,-1.400000e+02
5.015055e+00,-1.400000e+02,-1.400000e+02
5.019124e+00,-1.400000e+02,-1.400000e+02
5.023193e+00,-1.400000e+02,-1.400000e+02
5.027262e+00,-1.400000e+02,-1.400000e+02
5.031331e+00,-1.400000e+02,-1.400000e+02
5.035400e+00,-1.400000e+02,-1.400000e+02
5.039469e+00,-1.400000e+02,-1.400000e+02
5.043538e+00,-1.400000e+02,-1.400000e+02
5.047607e+00,-1.400000e+02,-1.400000e+02
5.051676e+00,-1.400000e+02,-1.400000e+02
5.055745e+00,-1.400000e+02,-1.400000e+02
5.059814e+00,-1.400000e+02,-1.400000e+02
5.063883e+00,-1.400000e+02,-1.400000e+02
5.067952e+00,-1.400000e+02,-1.400000e+02
5.072021e+00,-1.400000e+02,-1.400000e+02
5.076090e+00,-1.400000e+02,-1.400000e+02
5.080160e+00,-1.400000e+02,-1.400000e+02
5.084229e+00,-1.400000e+02,-1.400000e+02
5.088298e+00,-1.400000e+02,-1.400000e+02
5.092367e+00,-1.400000e+02,-1.400000e+02
5.096436e+00,-1.400000e+02,-1.400000e+02
5.100505e+00,-1.400000e+02,-1.400000e+02
5.104574e+00,-1.400000e+02,-1.400000e+02
5.108643e+00,-1.400000e+02,-1.400000e+02
5.112712e+00,-1.400000e+02,-1.400000e+02
5.116781e+00,-1.400000e+02,-1.400000e+02
5.120850e+00,-1.400000e+02,-1.400000e+02
5.124919e+00,-1.400000e+02,-1.400000e+02
5.128988e+00,-1.400000e+02,-1.400000e+02
5.133057e+00,-1.400000e+02,-1.400000e+02
5.137126e+00,-1.400000e+02,-1.400000e+02
5.141195e+00,-1.400000e+02,-1.400000e+02
5.145264e+00,-1.400000e+02,-1.400000e+02
5.149333e+00,-1.400000e+02,-1.400000e+02
5.153402e+00,-1.400000e+02,-1.400000e+02
5.157471e+00,-1.400000e+02,-1.400000e+02
5.161540e+00,-1.400000e+02,-1.400000e+02
5.165609e+00,-1.400000e+02,-1.400000e+02
5.169678e+00,-1.400000e+02,-1.400000e+02
5.173747e+00,-1.400000e+02,-1.400000e+02
5.177816e+00,-1.400000e+02,-1.400000e+02
5.181885e+00,-1.400000e+02,-1.400000e+02
5.185954e+00,-1.400000e+02,-1.400000e+02
5.190023e+00,-1.400000e+02,-1.400000e+02
5.194092e+00,-1.400000e+02,-1.400000e+02
5.198161e+00,-1.400000e+02,-1.400000e+02
5.202230e+00,-1.400000e+02,-1.400000e+02
5.206299e+00,-1.400000e+02,-1.400000e+02
5.210368e+00,-1.400000e+02,-1.400000e+02
5.214437e+00,-1.400000e+02,-1.400000e+02
5.218506e+00,-1.400000e+02,-1.400000e+02
5.222575e+00,-1.400000e+02,-1.400000e+02
5.226644e+00,-1.400000e+02,-1.400000e+02
5.230713e+00,-1.400000e+02,-1.400000e+02
5.234782e+00,-1.400000e+02,-1.400000e+02
5.238851e+00,-1.400000e+02,-1.400000e+02
5.242920e+00,-1.400000e+02,-1.400000e+02
5.246989e+00,-1.400000e+02,-1.400000e+02
5.251058e+00,-1.400000e+02,-1.400000e+02
5.255127e+00,-1.400000e+02,-1.400000e+02
5.259196e+00,-1.400000e+02,-1.400000e+02
5.263265e+00,-1.400000e+02,-1.400000e+02
5.267334e+00,-1.400000e+02,-1.400000e+02
5.271403e+00,-1.400000e+02,-1.400000e+02
5.275472e+00,-1.400000e+02,-1.400000e+02
5.279541e+00,-1.400000e+02,-1.400000e+02
5.283610e+00,-1.400000e+02,-1.400000e+02
5.287679e+00,-1.400000e+02,-1.400000e+02
5.291748e+00,-1.400000e+02,-1.400000e+02
5.295817e+00,-1.400000e+02,-1.400000e+02
5.299886e+00,-1.400000e+02,-1.400000e+02
5.303955e+00,-1.400000e+02,-1.400000e+02
5.308024e+00,-1.400000e+02,-1.400000e+02
5.312093e+00,-1.400000e+02,-1.400000e+02
5.316162e+00,-1.400000e+02,-1.400000e+02
5.320231e+00,-1.400000e+02,-1.400000e+02
5.324300e+00,-1.400000e+02,-1.400000e+02
5.328369e+00,-1.400000e+02,-1.400000e+02
5.332438e+00,-1.400000e+02,-1.400000e+02
5.336507e+00,-1.400000e+02,-1.400000e+02
5.340576e+00,-1.400000e+02,-1.400000e+02
5.344645e+00,-1.400000e+02,-1.400000e+02
5.348714e+00,-1.400000e+02,-1.400000e+02
5.352783e+00,-1.400000e+02,-1.400000e+02
5.356852e+00,-1.400000e+02,-1.400000e+02
5.360921e+00,-1.400000e+02,-1.400000e+02
5.364990e+00,-1.400000e+02,-1.400000e+02
5.369059e+00,-1.400000e+02,-1.400000e+02
5.373128e+00,-1.400000e+02,-1.400000e+02
5.377197e+00,-1.400000e+02,-1.400000e+02
5.381266e+00,-1.400000e+02,-1.400000e+02
5.385335e+00,-1.400000e+02,-1.400000e+02
5.389404e+00,-1.400000e+02,-1.400000e+02
5.393473e+00,-1.400000e+02,-1.400000e+02
5.397542e+00,-1.400000e+02,-1.400000e+02
5.401611e+00,-1.400000e+02,-1.400000e+02
5.405680e+00,-1.400000e+02,-1.400000e+02
5.409749e+00,-1.400000e+02,-1.400000e+02
5.413818e+00,-1.400000e+02,-1.400000e+02
5.417887e+00,-1.400000e+02,-1.400000e+02
5.421956e+00,-1.400000e+02,-1.400000e+02
5.426025e+00,-1.400000e+02,-1.400000e+02
5.430094e+00,-1.400000e+02,-1.400000e+02
5.434163e+00,-1.400000e+02,-1.400000e+02
5.438232e+00,-1.400000e+02,-1.400000e+02
5.442301e+00,-1.400000e+02,-1.400000e+02
5.446370e+00,-1.400000e+02,-1.400000e+02
5.450439e+00,-1.400000e+02,-1.400000e+02
5.454508e+00,-1.400000e+02,-1.400000e+02
5.458577e+00,-1.400000e+02,-1.400000e+02
5.462646e+00,-1.400000e+02,-1.400000e+02
5.466715e+00,-1.400000e+02,-1.400000e+02
5.470785e+00,-1.400000e+02,-1.400000e+02
5.474854e+00,-1.400000e+02,-1.400000e+02
5.478923e+00,-1.400000e+02,-1.400000e+02
5.482992e+00,-1.400000e+02,-1.400000e+02
5.487061e+00,-1.400000e+02,-1.400000e+02
5.491130e+00,-1.400000e+02,-1.400000e+02
5.495199e+00,-1.400000e+02,-1.400000e+02
5.499268e+00,-1.400000e+02,-1.400000e+02
5.503337e+00,-1.400000e+02,-1.400000e+02
5.507406e+00,-1.400000e+02,-1.400000e+02
5.511475e+00,-1.400000e+02,-1.400000e+02
5.515544e+00,-1.400000e+02,-1.400000e+02
5.519613e+00,-1.400000e+02,-1.400000e+02
5.523682e+00,-1.400000e+02,-1.400000e+02
5.527751e+00,-1.400000e+02,-1.400000e+02
5.531820e+00,-1.400000e+02,-1.400000e+02
5.535889e+00,-1.400000e+02,-1.400000e+02
5.539958e+00,-1.400000e+02,-1.400000e+02
5.544027e+00,-1.400000e+02,-1.400000e+02
5.548096e+00,-1.400000e+02,-1.400000e+02
5.552165e+00,-1.400000e+02,-1.400000e+02
5.556234e+00,-1.400000e+02,-1.400000e+02
5.560303e+00,-1.400000e+02,-1.400000e+02
5.564372e+00,-1.400000e+02,-1.400000e+02
5.568441e+00,-1.400000e+02,-1.400000e+02
5.572510e+00,-1.400000e+02,-1.400000e+02
5.576579e+00,-1.400000e+02,-1.400000e+02
5.580648e+00,-1.400000e+02,-1.400000e+02
5.584717e+00,-1.400000e+02,-1.400000e+02
5.588786e+00,-1.400000e+02,-1.400000e+02
5.592855e+00,-1.400000e+02,-1.400000e+02
5.596924e+00,-1.400000e+02,-1.400000e+02
5.600993e+00,-1.400000e+02,-1.400000e+02
5.605062e+00,-1.400000e+02,-1.400000e+02
5.609131e+00,-1.400000e+02,-1.400000e+02
5.613200e+00,-1.400000e+02,-1.400000e+02
5.617269e+00,-1.400000e+02,-1.400000e+02
5.621338e+00,-1.400000e+02,-1.400000e+02
5.625407e+00,-1.400000e+02,-1.400000e+02
5.629476e+00,-1.400000e+02,-1.400000e+02
5.633545e+00,-1.400000e+02,-1.400000e+02
5.637614e+00,-1.400000e+02,-1.400000e+02
5.641683e+00,-1.400000e+02,-1.400000e+02
5.645752e+00,-1.400000e+02,-1.400000e+02
5.649821e+00,-1.400000e+02,-1.400000e+02
5.653890e+00,-1.400000e+02,-1.400000e+02
5.657959e+00,-1.400000e+02,-1.400000e+02
5.662028e+00,-1.400000e+02,-1.400000e+02
5.666097e+00,-1.400000e+02,-1.400000e+02
5.670166e+00,-1.400000e+02,-1.400000e+02
5.674235e+00,-1.400000e+02,-1.400000e+02
5.678304e+00,-1.400000e+02,-1.400000e+02
5.682373e+00,-1.400000e+02,-1.400000e+02
5.686442e+00,-1.400000e+02,-1.400000e+02
5.690511e+00,-1.400000e+02,-1.400000e+02
5.694580e+00,-1.400000e+02,-1.400000e+02
5.698649e+00,-1.400000e+02,-1.400000e+02
5.702718e+00,-1.400000e+02,-1.400000e+02
5.706787e+00,-1.400000e+02,-1.400000e+02
5.710856e+00,-1.400000e+02,-1.400000e+02
5.714925e+00,-1.400000e+02,-1.400000e+02
5.718994e+00,-1.400000e+02,-1.400000e+02
5.723063e+00,-1.400000e+02,-1.400000e+02
5.727132e+00,-1.400000e+02,-1.400000e+02
5.731201e+00,-1.400000e+02,-1.400000e+02
5.735270e+00,-1.400000e+02,-1.400000e+02
5.739339e+00,-1.400000e+02,-1.400000e+02
5.743408e+00,-1.400000e+02,-1.400000e+02
5.747477e+00,-1.400000e+02,-1.400000e+02
5.751546e+00,-1.400000e+02,-1.400000e+02
5.755615e+00,-1.400000e+02,-1.400000e+02
5.759684e+00,-1.400000e+02,-1.400000e+02
5.763753e+00,-1.400000e+02,-1.400000e+02
5.767822e+00,-1.400000e+02,-1.400000e+02
5.771891e+00,-1.400000e+02,-1.400000e+02
5.775960e+00,-1.400000e+02,-1.400000e+02
5.780029e+00,-1.400000e+02,-1.400000e+02
5.784098e+00,-1.400000e+02,-1.400000e+02
5.788167e+00,-1.400000e+02,-1.400000e+02
5.792236e+00,-1.400000e+02,-1.400000e+02
5.796305e+00,-1.400000e+02,-1.400000e+02
5.800374e+00,-1.400000e+02,-1.400000e+02
5.804443e+00,-1.400000e+02,-1.400000e+02
5.808512e+00,-1.400000e+02,-1.400000e+02
5.812581e+00,-1.400000e+02,-1.400000e+02
5.816650e+00,-1.400000e+02,-1.400000e+02
5.820719e+00,-1.400000e+02,-1.400000e+02
5.824788e+00,-1.400000e+02,-1.400000e+02
5.828857e+00,-1.400000e+02,-1.400000e+02
5.832926e+00,-1.400000e+02,-1.400000e+02
5.836995e+00,-1.400000e+02,-1.400000e+02
5.841064e+00,-1.400000e+02,-1.400000e+02
5.845133e+00,-1.400000e+02,-1.400000e+02
5.849202e+00,-1.400000e+02,-1.400000e+02
5.853271e+00,-1.400000e+02,-1.400000e+02
5.857340e+00,-1.400000e+02,-1.400000e+02
5.861410e+00,-1.400000e+02,-1.400000e+02
5.865479e+00,-1.400000e+02,-1.400000e+02
5.869548e+00,-1.400000e+02,-1.400000e+02
5.873617e+00,-1.400000e+02,-1.400000e+02
5.877686e+00,-1.400000e+02,-1.400000e+02
5.881755e+00,-1.400000e+02,-1.400000e+02
5.885824e+00,-1.400000e+02,-1.400000e+02
5.889893e+00,-1.400000e+02,-1.400000e+02
5.893962e+00,-1.400000e+02,-1.400000e+02
5.898031e+00,-1.400000e+02,-1.400000e+02
5.902100e+00,-1.400000e+02,-1.400000e+02
5.906169e+00,-1.400000e+02,-1.400000e+02
5.910238e+00,-1.400000e+02,-1.400000e+02
5.914307e+00,-1.400000e+02,-1.400000e+02
5.918376e+00,-1.400000e+02,-1.400000e+02
5.922445e+00,-1.400000e+02,-1.400000e+02
5.926514e+00,-1.400000e+02,-1.400000e+02
5.930583e+00,-1.400000e+02,-1.400000e+02
5.934652e+00,-1.400000e+02,-1.400000e+02
5.938721e+00,-1.400000e+02,-1.400000e+02
5.942790e+00,-1.400000e+02,-1.400000e+02
5.946859e+00,-1.400000e+02,-1.400000e+02
5.950928e+00,-1.400000e+02,-1.400000e+02
5.954997e+00,-1.400000e+02,-1.400000e+02
5.959066e+00,-1.400000e+02,-1.400000e+02
5.963135e+00,-1.400000e+02,-1.400000e+02
5.967204e+00,-1.400000e+02,-1.400000e+02
5.971273e+00,-1.400000e+02,-1.400000e+02
5.975342e+00,-1.400000e+02,-1.400000e+02
5.979411e+00,-1.400000e+02,-1.400000e+02
5.983480e+00,-1.400000e+02,-1.400000e+02
5.987549e+00,-1.400000e+02,-1.400000e+02
5.991618e+00,-1.400000e+02,-1.400000e+02
5.995687e+00,-1.400000e+02,-1.400000e+02
5.999756e+00,-1.400000e+02,-1.400000e+02
6.003825e+00,-1.400000e+02,-1.400000e+02
6.007894e+00,-1.400000e+02,-1.400000e+02
6.011963e+00,-1.400000e+02,-1.400000e+02
6.016032e+00,-1.400000e+02,-1.400000e+02
6.020101e+00,-1.400000e+02,-1.400000e+02
6.024170e+00,-1.400000e+02,-1.400000e+02
6.028239e+00,-1.400000e+02,-1.400000e+02
6.032308e+00,-1.400000e+02,-1.400000e+02
6.036377e+00,-1.400000e+02,-1.400000e+02
6.040446e+00,-1.400000e+02,-1.400000e+02
6.044515e+00,-1.400000e+02,-1.400000e+02
6.048584e+00,-1.400000e+02,-1.400000e+02
6.052653e+00,-1.400000e+02,-1.400000e+02
6.056722e+00,-1.400000e+02,-1.400000e+02
6.060791e+00,-1.400000e+02,-1.400000e+02
6.064860e+00,-1.400000e+02,-1.400000e+02
6.068929e+00,-1.400000e+02,-1.400000e+02
6.072998e+00,-1.400000e+02,-1.400000e+02
6.077067e+00,-1.400000e+02,-1.400000e+02
6.081136e+00,-1.400000e+02,-1.400000e+02
6.085205e+00,-1.400000e+02,-1.400000e+02
6.089274e+00,-1.400000e+02,-1.400000e+02
6.093343e+00,-1.400000e+02,-1.400000e+02
6.097412e+00,-1.400000e+02,-1.400000e+02
6.101481e+00,-1.400000e+02,-1.400000e+02
6.105550e+00,-1.400000e+02,-1.400000e+02
6.109619e+00,-1.400000e+02,-1.400000e+02
6.113688e+00,-1.400000e+02,-1.400000e+02
6.117757e+00,-1.400000e+02,-1.400000e+02
6.121826e+00,-1.400000e+02,-1.400000e+02
6.125895e+00,-1.400000e+02,-1.400000e+02
6.129964e+00,-1.400000e+02,-1.400000e+02
6.134033e+00,-1.400000e+02,-1.400000e+02
6.138102e+00,-1.400000e+02,-1.400000e+02
6.142171e+00,-1.400000e+02,-1.400000e+02
6.146240e+00,-1.400000e+02,-1.400000e+02
6.150309e+00,-1.400000e+02,-1.400000e+02
6.154378e+00,-1.400000e+02,-1.400000e+02
6.158447e+00,-1.400000e+02,-1.400000e+02
6.162516e+00,-1.400000e+02,-1.400000e+02
6.166585e+00,-1.400000e+02,-1.400000e+02
6.170654e+00,-1.400000e+02,-1.400000e+02
6.174723e+00,-1.400000e+02,-1.400000e+02
6.178792e+00,-1.400000e+02,-1.400000e+02
6.182861e+00,-1.400000e+02,-1.400000e+02
6.186930e+00,-1.400000e+02,-1.400000e+02
6.190999e+00,-1.400000e+02,-1.400000e+02
6.195068e+00,-1.400000e+02,-1.400000e+02
6.199137e+00,-1.400000e+02,-1.400000e+02
6.203206e+00,-1.400000e+02,-1.400000e+02
6.207275e+00,-1.400000e+02,-1.400000e+02
6.211344e+00,-1.400000e+02,-1.400000e+02
6.215413e+00,-1.400000e+02,-1.400000e+02
6.219482e+00,-1.400000e+02,-1.400000e+02
6.223551e+00,-1.400000e+02,-1.400000e+02
6.227620e+00,-1.400000e+02,-1.400000e+02
6.231689e+00,-1.400000e+02,-1.400000e+02
6.235758e+00,-1.400000e+02,-1.400000e+02
6.239827e+00,-1.400000e+02,-1.400000e+02
6.243896e+00,-1.400000e+02,-1.400000e+02
6.247965e+00,-1.400000e+02,-1.400000e+02
6.252035e+00,-1.400000e+02,-1.400000e+02
6.256104e+00,-1.400000e+02,-1.400000e+02
6.260173e+00,-1.400000e+02,-1.400000e+02
6.264242e+00,-1.400000e+02,-1.400000e+02
6.268311e+00,-1.400000e+02,-1.400000e+02
6.272380e+00,-1.400000e+02,-1.400000e+02
6.276449e+00,-1.400000e+02,-1.400000e+02
6.280518e+00,-1.400000e+02,-1.400000e+02
6.284587e+00,-1.400000e+02,-1.400000e+02
6.288656e+00,-1.400000e+02,-1.400000e+02
6.292725e+00,-1.400000e+02,-1.400000e+02
6.296794e+00,-1.400000e+02,-1.400000e+02
6.300863e+00,-1.400000e+02,-1.400000e+02
6.304932e+00,-1.400000e+02,-1.400000e+02
6.309001e+00,-1.400000e+02,-1.400000e+02
6.313070e+00,-1.400000e+02,-1.400000e+02
6.317139e+00,-1.400000e+02,-1.400000e+02
6.321208e+00,-1.400000e+02,-1.400000e+02
6.325277e+00,-1.400000e+02,-1.400000e+02
6.329346e+00,-1.400000e+02,-1.400000e+02
6.333415e+00,-1.400000e+02,-1.400000e+02
6.337484e+00,-1.400000e+02,-1.400000e+02
6.341553e+00,-1.400000e+02,-1.400000e+02
6.345622e+00,-1.400000e+02,-1.400000e+02
6.349691e+00,-1.400000e+02,-1.400000e+02
6.353760e+00,-1.400000e+02,-1.400000e+02
6.357829e+00,-1.400000e+02,-1.400000e+02
6.361898e+00,-1.400000e+02,-1.400000e+02
6.365967e+00,-1.400000e+02,-1.400000e+02
6.370036e+00,-1.400000e+02,-1.400000e+02
6.374105e+00,-1.400000e+02,-1.400000e+02
6.378174e+00,-1.400000e+02,-1.400000e+02
6.382243e+00,-1.400000e+02,-1.400000e+02
6.386312e+00,-1.400000e+02,-1.400000e+02
6.390381e+00,-1.400000e+02,-1.400000e+02
6.394450e+00,-1.400000e+02,-1.400000e+02
6.398519e+00,-1.400000e+02,-1.400000e+02
6.402588e+00,-1.400000e+02,-1.400000e+02
6.406657e+00,-1.400000e+02,-1.400000e+02
6.410726e+00,-1.400000e+02,-1.400000e+02
6.414795e+00,-1.400000e+02,-1.400000e+02
6.418864e+00,-1.400000e+02,-1.400000e+02
6.422933e+00,-1.400000e+02,-1.400000e+02
6.427002e+00,-1.400000e+02,-1.400000e+02
6.431071e+00,-1.400000e+02,-1.400000e+02
6.435140e+00,-1.400000e+02,-1.400000e+02
6.439209e+00,-1.400000e+02,-1.400000e+02
6.443278e+00,-1.400000e+02,-1.400000e+02
6.447347e+00,-1.400000e+02,-1.400000e+02
6.451416e+00,-1.400000e+02,-1.400000e+02
6.455485e+00,-1.400000e+02,-1.400000e+02
6.459554e+00,-1.400000e+02,-1.400000e+02
6.463623e+00,-1.400000e+02,-1.400000e+02
6.467692e+00,-1.400000e+02,-1.400000e+02
6.471761e+00,-1.400000e+02,-1.400000e+02
6.475830e+00,-1.400000e+02,-1.400000e+02
6.479899e+00,-1.400000e+02,-1.400000e+02
6.483968e+00,-1.400000e+02,-1.400000e+02
6.488037e+00,-1.400000e+02,-1.400000e+02
6.492106e+00,-1.400000e+02,-1.400000e+02
6.496175e+00,-1.400000e+02,-1.400000e+02
6.500244e+00,-1.400000e+02,-1.400000e+02
6.504313e+00,-1.400000e+02,-1.400000e+02
6.508382e+00,-1.400000e+02,-1.400000e+02
6.512451e+00,-1.400000e+02,-1.400000e+02
6.516520e+00,-1.400000e+02,-1.400000e+02
6.520589e+00,-1.400000e+02,-1.400000e+02
6.524658e+00,-1.400000e+02,-1.400000e+02
6.528727e+00,-1.400000e+02,-1.400000e+02
6.532796e+00,-1.400000e+02,-1.400000e+02
6.536865e+00,-1.400000e+02,-1.400000e+02
6.540934e+00,-1.400000e+02,-1.400000e+02
6.545003e+00,-1.400000e+02,-1.400000e+02
6.549072e+00,-1.400000e+02,-1.400000e+02
6.553141e+00,-1.400000e+02,-1.400000e+02
6.557210e+00,-1.400000e+02,-1.400000e+02
6.561279e+00,-1.400000e+02,-1.400000e+02
6.565348e+00,-1.400000e+02,-1.400000e+02
6.569417e+00,-1.400000e+02,-1.400000e+02
6.573486e+00,-1.400000e+02,-1.400000e+02
6.577555e+00,-1.400000e+02,-1.400000e+02
6.581624e+00,-1.400000e+02,-1.400000e+02
6.585693e+00,-1.400000e+02,-1.400000e+02
6.589762e+00,-1.400000e+02,-1.400000e+02
6.593831e+00,-1.400000e+02,-1.400000e+02
6.597900e+00,-1.400000e+02,-1.400000e+02
6.601969e+00,-1.400000e+02,-1.400000e+02
6.606038e+00,-1.400000e+02,-1.400000e+02
6.610107e+00,-1.400000e+02,-1.400000e+02
6.614176e+00,-1.400000e+02,-1.400000e+02
6.618245e+00,-1.400000e+02,-1.400000e+02
6.622314e+00,-1.400000e+02,-1.400000e+02
6.626383e+00,-1.400000e+02,-1.400000e+02
6.630452e+00,-1.400000e+02,-1.400000e+02
6.634521e+00,-1.400000e+02,-1.400000e+02
6.638590e+00,-1.400000e+02,-1.400000e+02
6.642660e+00,-1.400000e+02,-1.400000e+02
6.646729e+00,-1.400000e+02,-1.400000e+02
6.650798e+00,-1.400000e+02,-1.400000e+02
6.654867e+00,-1.400000e+02,-1.400000e+02
6.658936e+00,-1.400000e+02,-1.400000e+02
6.663005e+00,-1.400000e+02,-1.400000e+02
6.667074e+00,-1.400000e+02,-1.400000e+02
6.671143e+00,-1.400000e+02,-1.400000e+02
6.675212e+00,-1.400000e+02,-1.400000e+02
6.679281e+00,-1.400000e+02,-1.400000e+02
6.683350e+00,-1.400000e+02,-1.400000e+02
6.687419e+00,-1.400000e+02,-1.400000e+02
6.691488e+00,-1.400000e+02,-1.400000e+02
6.695557e+00,-1.400000e+02,-1.400000e+02
6.699626e+00,-1.400000e+02,-1.400000e+02
6.703695e+00,-1.400000e+02,-1.400000e+02
6.707764e+00,-1.400000e+02,-1.400000e+02
6.711833e+00,-1.400000e+02,-1.400000e+02
6.715902e+00,-1.400000e+02,-1.400000e+02
6.719971e+00,-1.400000e+02,-1.400000e+02
6.724040e+00,-1.400000e+02,-1.400000e+02
6.728109e+00,-1.400000e+02,-1.400000e+02
6.732178e+00,-1.400000e+02,-1.400000e+02
6.736247e+00,-1.400000e+02,-1.400000e+02
6.740316e+00,-1.400000e+02,-1.400000e+02
6.744385e+00,-1.400000e+02,-1.400000e+02
6.748454e+00,-1.400000e+02,-1.400000e+02
6.752523e+00,-1.400000e+02,-1.400000e+02
6.756592e+00,-1.400000e+02,-1.400000e+02
6.760661e+00,-1.400000e+02,-1.400000e+02
6.764730e+00,-1.400000e+02,-1.400000e+02
6.768799e+00,-1.400000e+02,-1.400000e+02
6.772868e+00,-1.400000e+02,-1.400000e+02
6.776937e+00,-1.400000e+02,-1.400000e+02
6.781006e+00,-1.400000e+02,-1.400000e+02
6.785075e+00,-1.400000e+02,-1.400000e+02
6.789144e+00,-1.400000e+02,-1.400000e+02
6.793213e+00,-1.400000e+02,-1.400000e+02
6.797282e+00,-1.400000e+02,-1.400000e+02
6.801351e+00,-1.400000e+02,-1.400000e+02
6.805420e+00,-1.400000e+02,-1.400000e+02
6.809489e+00,-1.400000e+02,-1.400000e+02
6.813558e+00,-1.400000e+02,-1.400000e+02
6.817627e+00,-1.400000e+02,-1.400000e+02
6.821696e+00,-1.400000e+02,-1.400000e+02
6.825765e+00,-1.400000e+02,-1.400000e+02
6.829834e+00,-1.400000e+02,-1.400000e+02
6.833903e+00,-1.400000e+02,-1.400000e+02
6.837972e+00,-1.400000e+02,-1.400000e+02
6.842041e+00,-1.400000e+02,-1.400000e+02
6.846110e+00,-1.400000e+02,-1.400000e+02
6.850179e+00,-1.400000e+02,-1.400000e+02
6.854248e+00,-1.400000e+02,-1.400000e+02
6.858317e+00,-1.400000e+02,-1.400000e+02
6.862386e+00,-1.400000e+02,-1.400000e+02
6.866455e+00,-1.400000e+02,-1.400000e+02
6.870524e+00,-1.400000e+02,-1.400000e+02
6.874593e+00,-1.400000e+02,-1.400000e+02
6.878662e+00,-1.400000e+02,-1.400000e+02
6.882731e+00,-1.400000e+02,-1.400000e+02
6.886800e+00,-1.400000e+02,-1.400000e+02
6.890869e+00,-1.400000e+02,-1.400000e+02
6.894938e+00,-1.400000e+02,-1.400000e+02
6.899007e+00,-1.400000e+02,-1.400000e+02
6.903076e+00,-1.400000e+02,-1.400000e+02
6.907145e+00,-1.400000e+02,-1.400000e+02
6.911214e+00,-1.400000e+02,-1.400000e+02
6.915283e+00,-1.400000e+02,-1.400000e+02
6.919352e+00,-1.400000e+02,-1.400000e+02
6.923421e+00,-1.400000e+02,-1.400000e+02
6.927490e+00,-1.400000e+02,-1.400000e+02
6.931559e+00,-1.400000e+02,-1.400000e+02
6.935628e+00,-1.400000e+02,-1.400000e+02
6.939697e+00,-1.400000e+02,-1.400000e+02
6.943766e+00,-1.400000e+02,-1.400000e+02
6.947835e+00,-1.400000e+02,-1.400000e+02
6.951904e+00,-1.400000e+02,-1.400000e+02
6.955973e+00,-1.400000e+02,-1.400000e+02
6.960042e+00,-1.400000e+02,-1.400000e+02
6.964111e+00,-1.400000e+02,-1.400000e+02
6.968180e+00,-1.400000e+02,-1.400000e+02
6.972249e+00,-1.400000e+02,-1.400000e+02
6.976318e+00,-1.400000e+02,-1.400000e+02
6.980387e+00,-1.400000e+02,-1.400000e+02
6.984456e+00,-1.400000e+02,-1.400000e+02
6.988525e+00,-1.400000e+02,-1.400000e+02
6.992594e+00,-1.400000e+02,-1.400000e+02
6.996663e+00,-1.400000e+02,-1.400000e+02
7.000732e+00,-1.400000e+02,-1.400000e+02
7.004801e+00,-1.400000e+02,-1.400000e+02
7.008870e+00,-1.400000e+02,-1.400000e+02
7.012939e+00,-1.400000e+02,-1.400000e+02
7.017008e+00,-1.400000e+02,-1.400000e+02
7.021077e+00,-1.400000e+02,-1.400000e+02
7.025146e+00,-1.400000e+02,-1.400000e+02
7.029215e+00,-1.400000e+02,-1.400000e+02
7.033285e+00,-1.400000e+02,-1.400000e+02
7.037354e+00,-1.400000e+02,-1.400000e+02
7.041423e+00,-1.400000e+02,-1.400000e+02
7.045492e+00,-1.400000e+02,-1.400000e+02
7.049561e+00,-1.400000e+02,-1.400000e+02
7.053630e+00,-1.400000e+02,-1.400000e+02
7.057699e+00,-1.400000e+02,-1.400000e+02
7.061768e+00,-1.400000e+02,-1.400000e+02
7.065837e+00,-1.400000e+02,-1.400000e+02
7.069906e+00,-1.400000e+02,-1.400000e+02
7.073975e+00,-1.400000e+02,-1.400000e+02
7.078044e+00,-1.400000e+02,-1.400000e+02
7.082113e+00,-1.400000e+02,-1.400000e+02
7.086182e+00,-1.400000e+02,-1.400000e+02
7.090251e+00,-1.400000e+02,-1.400000e+02
7.094320e+00,-1.400000e+02,-1.400000e+02
7.098389e+00,-1.400000e+02,-1.400000e+02
7.102458e+00,-1.400000e+02,-1.400000e+02
7.106527e+00,-1.400000e+02,-1.400000e+02
7.110596e+00,-1.400000e+02,-1.400000e+02
7.114665e+00,-1.400000e+02,-1.400000e+02
7.118734e+00,-1.400000e+02,-1.400000e+02
7.122803e+00,-1.400000e+02,-1.400000e+02
7.126872e+00,-1.400000e+02,-1.400000e+02
7.130941e+00,-1.400000e+02,-1.400000e+02
7.135010e+00,-1.400000e+02,-1.400000e+02
7.139079e+00,-1.400000e+02,-1.400000e+02
7.143148e+00,-1.400000e+02,-1.400000e+02
7.147217e+00,-1.400000e+02,-1.400000e+02
7.151286e+00,-1.400000e+02,-1.400000e+02
7.155355e+00,-1.400000e+02,-1.400000e+02
7.159424e+00,-1.400000e+02,-1.400000e+02
7.163493e+00,-1.400000e+02,-1.400000e+02
7.167562e+00,-1.400000e+02,-1.400000e+02
7.171631e+00,-1.400000e+02,-1.400000e+02
7.175700e+00,-1.400000e+02,-1.400000e+02
7.179769e+00,-1.400000e+02,-1.400000e+02
7.183838e+00,-1.400000e+02,-1.400000e+02
7.187907e+00,-1.400000e+02,-1.400000e+02
7.191976e+00,-1.400000e+02,-1.400000e+02
7.196045e+00,-1.400000e+02,-1.400000e+02
7.200114e+00,-1.400000e+02,-1.400000e+02
7.204183e+00,-1.400000e+02,-1.400000e+02
7.208252e+00,-1.400000e+02,-1.400000e+02
7.212321e+00,-1.400000e+02,-1.400000e+02
7.216390e+00,-1.400000e+02,-1.400000e+02
7.220459e+00,-1.400000e+02,-1.400000e+02
7.224528e+00,-1.400000e+02,-1.400000e+02
7.228597e+00,-1.400000e+02,-1.400000e+02
7.232666e+00,-1.400000e+02,-1.400000e+02
7.236735e+00,-1.400000e+02,-1.400000e+02
7.240804e+00,-1.400000e+02,-1.400000e+02
7.244873e+00,-1.400000e+02,-1.400000e+02
7.248942e+00,-1.400000e+02,-1.400000e+02
7.253011e+00,-1.400000e+02,-1.400000e+02
7.257080e+00,-1.400000e+02,-1.400000e+02
7.261149e+00,-1.400000e+02,-1.400000e+02
7.265218e+00,-1.400000e+02,-1.400000e+02
7.269287e+00,-1.400000e+02,-1.400000e+02
7.273356e+00,-1.400000e+02,-1.400000e+02
7.277425e+00,-1.400000e+02,-1.400000e+02
7.281494e+00,-1.400000e+02,-1.400000e+02
7.285563e+00,-1.400000e+02,-1.400000e+02
7.289632e+00,-1.400000e+02,-1.400000e+02
7.293701e+00,-1.400000e+02,-1.400000e+02
7.297770e+00,-1.400000e+02,-1.400000e+02
7.301839e+00,-1.400000e+02,-1.400000e+02
7.305908e+00,-1.400000e+02,-1.400000e+02
7.309977e+00,-1.400000e+02,-1.400000e+02
7.314046e+00,-1.400000e+02,-1.400000e+02
7.318115e+00,-1.400000e+02,-1.400000e+02
7.322184e+00,-1.400000e+02,-1.400000e+02
7.326253e+00,-1.400000e+02,-1.400000e+02
7.330322e+00,-1.400000e+02,-1.400000e+02
7.334391e+00,-1.400000e+02,-1.400000e+02
7.338460e+00,-1.400000e+02,-1.400000e+02
7.342529e+00,-1.400000e+02,-1.400000e+02
7.346598e+00,-1.400000e+02,-1.400000e+02
7.350667e+00,-1.400000e+02,-1.400000e+02
7.354736e+00,-1.400000e+02,-1.400000e+02
7.358805e+00,-1.400000e+02,-1.400000e+02
7.362874e+00,-1.400000e+02,-1.400000e+02
7.366943e+00,-1.400000e+02,-1.400000e+02
7.371012e+00,-1.400000e+02,-1.400000e+02
7.375081e+00,-1.400000e+02,-1.400000e+02
7.379150e+00,-1.400000e+02,-1.400000e+02
7.383219e+00,-1.400000e+02,-1.400000e+02
7.387288e+00,-1.400000e+02,-1.400000e+02
7.391357e+00,-1.400000e+02,-1.400000e+02
7.395426e+00,-1.400000e+02,-1.400000e+02
7.399495e+00,-1.400000e+02,-1.400000e+02
7.403564e+00,-1.400000e+02,-1.400000e+02
7.407633e+00,-1.400000e+02,-1.400000e+02
7.411702e+00,-1.400000e+02,-1.400000e+02
7.415771e+00,-1.400000e+02,-1.400000e+02
7.419840e+00,-1.400000e+02,-1.400000e+02
7.423910e+00,-1.400000e+02,-1.400000e+02
7.427979e+00,-1.400000e+02,-1.400000e+02
7.432048e+00,-1.400000e+02,-1.400000e+02
7.436117e+00,-1.400000e+02,-1.400000e+02
7.440186e+00,-1.400000e+02,-1.400000e+02
7.444255e+00,-1.400000e+02,-1.400000e+02
7.448324e+00,-1.400000e+02,-1.400000e+02
7.452393e+00,-1.400000e+02,-1.400000e+02
7.456462e+00,-1.400000e+02,-1.400000e+02
7.460531e+00,-1.400000e+02,-1.400000e+02
7.464600e+00,-1.400000e+02,-1.400000e+02
7.468669e+00,-1.400000e+02,-1.400000e+02
7.472738e+00,-1.400000e+02,-1.400000e+02
7.476807e+00,-1.400000e+02,-1.400000e+02
7.480876e+00,-1.400000e+02,-1.400000e+02
7.484945e+00,-1.400000e+02,-1.400000e+02
7.489014e+00,-1.400000e+02,-1.400000e+02
7.493083e+00,-1.400000e+02,-1.400000e+02
7.497152e+00,-1.400000e+02,-1.400000e+02
7.501221e+00,-1.400000e+02,-1.400000e+02
7.505290e+00,-1.400000e+02,-1.400000e+02
7.509359e+00,-1.400000e+02,-1.400000e+02
7.513428e+00,-1.400000e+02,-1.400000e+02
7.517497e+00,-1.400000e+02,-1.400000e+02
7.521566e+00,-1.400000e+02,-1.400000e+02
7.525635e+00,-1.400000e+02,-1.400000e+02
7.529704e+00,-1.400000e+02,-1.400000e+02
7.533773e+00,-1.400000e+02,-1.400000e+02
7.537842e+00,-1.400000e+02,-1.400000e+02
7.541911e+00,-1.400000e+02,-1.400000e+02
7.545980e+00,-1.400000e+02,-1.400000e+02
7.550049e+00,-1.400000e+02,-1.400000e+02
7.554118e+00,-1.400000e+02,-1.400000e+02
7.558187e+00,-1.400000e+02,-1.400000e+02
7.562256e+00,-1.400000e+02,-1.400000e+02
7.566325e+00,-1.400000e+02,-1.400000e+02
7.570394e+00,-1.400000e+02,-1.400000e+02
7.574463e+00,-1.400000e+02,-1.400000e+02
7.578532e+00,-1.400000e+02,-1.400000e+02
7.582601e+00,-1.400000e+02,-1.400000e+02
7.586670e+00,-1.400000e+02,-1.400000e+02
7.590739e+00,-1.400000e+02,-1.400000e+02
7.594808e+00,-1.400000e+02,-1.400000e+02
7.598877e+00,-1.400000e+02,-1.400000e+02
7.602946e+00,-1.400000e+02,-1.400000e+02
7.607015e+00,-1.400000e+02,-1.400000e+02
7.611084e+00,-1.400000e+02,-1.400000e+02
7.615153e+00,-1.400000e+02,-1.400000e+02
7.619222e+00,-1.400000e+02,-1.400000e+02
7.623291e+00,-1.400000e+02,-1.400000e+02
7.627360e+00,-1.400000e+02,-1.400000e+02
7.631429e+00,-1.400000e+02,-1.400000e+02
7.635498e+00,-1.400000e+02,-1.400000e+02
7.639567e+00,-1.400000e+02,-1.400000e+02
7.643636e+00,-1.400000e+02,-1.400000e+02
7.647705e+00,-1.400000e+02,-1.400000e+02
7.651774e+00,-1.400000e+02,-1.400000e+02
7.655843e+00,-1.400000e+02,-1.400000e+02
7.659912e+00,-1.400000e+02,-1.400000e+02
7.663981e+00,-1.400000e+02,-1.400000e+02
7.668050e+00,-1.400000e+02,-1.400000e+02
7.672119e+00,-1.400000e+02,-1.400000e+02
7.676188e+00,-1.400000e+02,-1.400000e+02
7.680257e+00,-1.400000e+02,-1.400000e+02
7.684326e+00,-1.400000e+02,-1.400000e+02
7.688395e+00,-1.400000e+02,-1.400000e+02
7.692464e+00,-1.400000e+02,-1.400000e+02
7.696533e+00,-1.400000e+02,-1.400000e+02
7.700602e+00,-1.400000e+02,-1.400000e+02
7.704671e+00,-1.400000e+02,-1.400000e+02
7.708740e+00,-1.400000e+02,-1.400000e+02
7.712809e+00,-1.400000e+02,-1.400000e+02
7.716878e+00,-1.400000e+02,-1.400000e+02
7.720947e+00,-1.400000e+02,-1.400000e+02
7.725016e+00,-1.400000e+02,-1.400000e+02
7.729085e+00,-1.400000e+02,-1.400000e+02
7.733154e+00,-1.400000e+02,-1.400000e+02
7.737223e+00,-1.400000e+02,-1.400000e+02
7.741292e+00,-1.400000e+02,-1.400000e+02
7.745361e+00,-1.400000e+02,-1.400000e+02
7.749430e+00,-1.400000e+02,-1.400000e+02
7.753499e+00,-1.400000e+02,-1.400000e+02
7.757568e+00,-1.400000e+02,-1.400000e+02
7.761637e+00,-1.400000e+02,-1.400000e+02
7.765706e+00,-1.400000e+02,-1.400000e+02
7.769775e+00,-1.400000e+02,-1.400000e+02
7.773844e+00,-1.400000e+02,-1.400000e+02
7.777913e+00,-1.400000e+02,-1.400000e+02
7.781982e+00,-1.400000e+02,-1.400000e+02
7.786051e+00,-1.400000e+02,-1.400000e+02
7.790120e+00,-1.400000e+02,-1.400000e+02
7.794189e+00,-1.400000e+02,-1.400000e+02
7.798258e+00,-1.400000e+02,-1.400000e+02
7.802327e+00,-1.400000e+02,-1.400000e+02
7.806396e+00,-1.400000e+02,-1.400000e+02
7.810465e+00,-1.400000e+02,-1.400000e+02
7.814535e+00,-1.400000e+02,-1.400000e+02
7.818604e+00,-1.400000e+02,-1.400000e+02
7.822673e+00,-1.400000e+02,-1.400000e+02
7.826742e+00,-1.400000e+02,-1.400000e+02
7.830811e+00,-1.400000e+02,-1.400000e+02
7.834880e+00,-1.400000e+02,-1.400000e+02
7.838949e+00,-1.400000e+02,-1.400000e+02
7.843018e+00,-1.400000e+02,-1.400000e+02
7.847087e+00,-1.400000e+02,-1.400000e+02
7.851156e+00,-1.400000e+02,-1.400000e+02
7.855225e+00,-1.400000e+02,-1.400000e+02
7.859294e+00,-1.400000e+02,-1.400000e+02
7.863363e+00,-1.400000e+02,-1.400000e+02
7.867432e+00,-1.400000e+02,-1.400000e+02
7.871501e+00,-1.400000e+02,-1.400000e+02
7.875570e+00,-1.400000e+02,-1.400000e+02
7.879639e+00,-1.400000e+02,-1.400000e+02
7.883708e+00,-1.400000e+02,-1.400000e+02
7.887777e+00,-1.400000e+02,-1.400000e+02
7.891846e+00,-1.400000e+02,-1.400000e+02
7.895915e+00,-1.400000e+02,-1.400000e+02
7.899984e+00,-1.400000e+02,-1.400000e+02
7.904053e+00,-1.400000e+02,-1.400000e+02
7.908122e+00,-1.400000e+02,-1.400000e+02
7.912191e+00,-1.400000e+02,-1.400000e+02
7.916260e+00,-1.400000e+02,-1.400000e+02
7.920329e+00,-1.400000e+02,-1.400000e+02
7.924398e+00,-1.400000e+02,-1.400000e+02
7.928467e+00,-1.400000e+02,-1.400000e+02
7.932536e+00,-1.400000e+02,-1.400000e+02
7.936605e+00,-1.400000e+02,-1.400000e+02
7.940674e+00,-1.400000e+02,-1.400000e+02
7.944743e+00,-1.400000e+02,-1.400000e+02
7.948812e+00,-1.400000e+02,-1.400000e+02
7.952881e+00,-1.400000e+02,-1.400000e+02
7.956950e+00,-1.400000e+02,-1.400000e+02
7.961019e+00,-1.400000e+02,-1.400000e+02
7.965088e+00,-1.400000e+02,-1.400000e+02
7.969157e+00,-1.400000e+02,-1.400000e+02
7.973226e+00,-1.400000e+02,-1.400000e+02
7.977295e+00,-1.400000e+02,-1.400000e+02
7.981364e+00,-1.400000e+02,-1.400000e+02
7.985433e+00,-1.400000e+02,-1.400000e+02
7.989502e+00,-1.400000e+02,-1.400000e+02
7.993571e+00,-1.400000e+02,-1.400000e+02
7.997640e+00,-1.400000e+02,-1.400000e+02
8.001709e+00,-1.400000e+02,-1.400000e+02
8.005778e+00,-1.400000e+02,-1.400000e+02
8.009847e+00,-1.400000e+02,-1.400000e+02
8.013916e+00,-1.400000e+02,-1.400000e+02
8.017985e+00,-1.400000e+02,-1.400000e+02
8.022054e+00,-1.400000e+02,-1.400000e+02
8.026123e+00,-1.400000e+02,-1.400000e+02
8.030192e+00,-1.400000e+02,-1.400000e+02
8.034261e+00,-1.400000e+02,-1.400000e+02
8.038330e+00,-1.400000e+02,-1.400000e+02
8.042399e+00,-1.400000e+02,-1.400000e+02
8.046468e+00,-1.400000e+02,-1.400000e+02
8.050537e+00,-1.400000e+02,-1.400000e+02
8.054606e+00,-1.400000e+02,-1.400000e+02
8.058675e+00,-1.400000e+02,-1.400000e+02
8.062744e+00,-1.400000e+02,-1.400000e+02
8.066813e+00,-1.400000e+02,-1.400000e+02
8.070882e+00,-1.400000e+02,-1.400000e+02
8.074951e+00,-1.400000e+02,-1.400000e+02
8.079020e+00,-1.400000e+02,-1.400000e+02
8.083089e+00,-1.400000e+02,-1.400000e+02
8.087158e+00,-1.400000e+02,-1.400000e+02
8.091227e+00,-1.400000e+02,-1.400000e+02
8.095296e+00,-1.400000e+02,-1.400000e+02
8.099365e+00,-1.400000e+02,-1.400000e+02
8.103434e+00,-1.400000e+02,-1.400000e+02
8.107503e+00,-1.400000e+02,-1.400000e+02
8.111572e+00,-1.400000e+02,-1.400000e+02
8.115641e+00,-1.400000e+02,-1.400000e+02
8.119710e+00,-1.400000e+02,-1.400000e+02
8.123779e+00,-1.400000e+02,-1.400000e+02
8.127848e+00,-1.400000e+02,-1.400000e+02
8.131917e+00,-1.400000e+02,-1.400000e+02
8.135986e+00,-1.400000e+02,-1.400000e+02
8.140055e+00,-1.400000e+02,-1.400000e+02
8.144124e+00,-1.400000e+02,-1.400000e+02
8.148193e+00,-1.400000e+02,-1.400000e+02
8.152262e+00,-1.400000e+02,-1.400000e+02
8.156331e+00,-1.400000e+02,-1.400000e+02
8.160400e+00,-1.400000e+02,-1.400000e+02
8.164469e+00,-1.400000e+02,-1.400000e+02
8.168538e+00,-1.400000e+02,-1.400000e+02
8.172607e+00,-1.400000e+02,-1.400000e+02
8.176676e+00,-1.400000e+02,-1.400000e+02
8.180745e+00,-1.400000e+02,-1.400000e+02
8.184814e+00,-1.400000e+02,-1.400000e+02
8.188883e+00,-1.400000e+02,-1.400000e+02
8.192952e+00,-1.400000e+02,-1.400000e+02
8.197021e+00,-1.400000e+02,-1.400000e+02
8.201090e+00,-1.400000e+02,-1.400000e+02
8.205160e+00,-1.400000e+02,-1.400000e+02
8.209229e+00,-1.400000e+02,-1.400000e+02
8.213298e+00,-1.400000e+02,-1.400000e+02
8.217367e+00,-1.400000e+02,-1.400000e+02
8.221436e+00,-1.400000e+02,-1.400000e+02
8.225505e+00,-1.400000e+02,-1.400000e+02
8.229574e+00,-1.400000e+02,-1.400000e+02
8.233643e+00,-1.400000e+02,-1.400000e+02
8.237712e+00,-1.400000e+02,-1.400000e+02
8.241781e+00,-1.400000e+02,-1.400000e+02
8.245850e+00,-1.400000e+02,-1.400000e+02
8.249919e+00,-1.400000e+02,-1.400000e+02
8.253988e+00,-1.400000e+02,-1.400000e+02
8.258057e+00,-1.400000e+02,-1.400000e+02
8.262126e+00,-1.400000e+02,-1.400000e+02
8.266195e+00,-1.400000e+02,-1.400000e+02
8.270264e+00,-1.400000e+02,-1.400000e+02
8.274333e+00,-1.400000e+02,-1.400000e+02
8.278402e+00,-1.400000e+02,-1.400000e+02
8.282471e+00,-1.400000e+02,-1.400000e+02
8.286540e+00,-1.400000e+02,-1.400000e+02
8.290609e+00,-1.400000e+02,-1.400000e+02
8.294678e+00,-1.400000e+02,-1.400000e+02
8.298747e+00,-1.400000e+02,-1.400000e+02
8.302816e+00,-1.400000e+02,-1.400000e+02
8.306885e+00,-1.400000e+02,-1.400000e+02
8.310954e+00,-1.400000e+02,-1.400000e+02
8.315023e+00,-1.400000e+02,-1.400000e+02
8.319092e+00,-1.400000e+02,-1.400000e+02
8.323161e+00,-1.400000e+02,-1.400000e+02
8.327230e+00,-1.400000e+02,-1.400000e+02
8.331299e+00,-1.400000e+02,-1.400000e+02
8.335368e+00,-1.400000e+02,-1.400000e+02
8.339437e+00,-1.400000e+02,-1.400000e+02
8.343506e+00,-1.400000e+02,-1.400000e+02
8.347575e+00,-1.400000e+02,-1.400000e+02
8.351644e+00,-1.400000e+02,-1.400000e+02
8.355713e+00,-1.400000e+02,-1.400000e+02
8.359782e+00,-1.400000e+02,-1.400000e+02
8.363851e+00,-1.400000e+02,-1.400000e+02
8.367920e+00,-1.400000e+02,-1.400000e+02
8.371989e+00,-1.400000e+02,-1.400000e+02
8.376058e+00,-1.400000e+02,-1.400000e+02
8.380127e+00,-1.400000e+02,-1.400000e+02
8.384196e+00,-1.400000e+02,-1.400000e+02
8.388265e+00,-1.400000e+02,-1.400000e+02
8.392334e+00,-1.400000e+02,-1.400000e+02
8.396403e+00,-1.400000e+02,-1.400000e+02
8.400472e+00,-1.400000e+02,-1.400000e+02
8.404541e+00,-1.400000e+02,-1.400000e+02
8.408610e+00,-1.400000e+02,-1.400000e+02
8.412679e+00,-1.400000e+02,-1.400000e+02
8.416748e+00,-1.400000e+02,-1.400000e+02
8.420817e+00,-1.400000e+02,-1.400000e+02
8.424886e+00,-1.400000e+02,-1.400000e+02
8.428955e+00,-1.400000e+02,-1.400000e+02
8.433024e+00,-1.400000e+02,-1.400000e+02
8.437093e+00,-1.400000e+02,-1.400000e+02
8.441162e+00,-1.400000e+02,-1.400000e+02
8.445231e+00,-1.400000e+02,-1.400000e+02
8.449300e+00,-1.400000e+02,-1.400000e+02
8.453369e+00,-1.400000e+02,-1.400000e+02
8.457438e+00,-1.400000e+02,-1.400000e+02
8.461507e+00,-1.400000e+02,-1.400000e+02
8.465576e+00,-1.400000e+02,-1.400000e+02
8.469645e+00,-1.400000e+02,-1.400000e+02
8.473714e+00,-1.400000e+02,-1.400000e+02
8.477783e+00,-1.400000e+02,-1.400000e+02
8.481852e+00,-1.400000e+02,-1.400000e+02
8.485921e+00,-1.400000e+02,-1.400000e+02
8.489990e+00,-1.400000e+02,-1.400000e+02
8.494059e+00,-1.400000e+02,-1.400000e+02
8.498128e+00,-1.400000e+02,-1.400000e+02
8.502197e+00,-1.400000e+02,-1.400000e+02
8.506266e+00,-1.400000e+02,-1.400000e+02
8.510335e+00,-1.400000e+02,-1.400000e+02
8.514404e+00,-1.400000e+02,-1.400000e+02
8.518473e+00,-1.400000e+02,-1.400000e+02
8.522542e+00,-1.400000e+02,-1.400000e+02
8.526611e+00,-1.400000e+02,-1.400000e+02
8.530680e+00,-1.400000e+02,-1.400000e+02
8.534749e+00,-1.400000e+02,-1.400000e+02
8.538818e+00,-1.400000e+02,-1.400000e+02
8.542887e+00,-1.400000e+02,-1.400000e+02
8.546956e+00,-1.400000e+02,-1.400000e+02
8.551025e+00,-1.400000e+02,-1.400000e+02
8.555094e+00,-1.400000e+02,-1.400000e+02
8.559163e+00,-1.400000e+02,-1.400000e+02
8.563232e+00,-1.400000e+02,-1.400000e+02
8.567301e+00,-1.400000e+02,-1.400000e+02
8.571370e+00,-1.400000e+02,-1.400000e+02
8.575439e+00,-1.400000e+02,-1.400000e+02
8.579508e+00,-1.400000e+02,-1.400000e+02
8.583577e+00,-1.400000e+02,-1.400000e+02
8.587646e+00,-1.400000e+02,-1.400000e+02
8.591715e+00,-1.400000e+02,-1.400000e+02
8.595785e+00,-1.400000e+02,-1.400000e+02
8.599854e+00,-1.400000e+02,-1.400000e+02
8.603923e+00,-1.400000e+02,-1.400000e+02
8.607992e+00,-1.400000e+02,-1.400000e+02
8.612061e+00,-1.400000e+02,-1.400000e+02
8.616130e+00,-1.400000e+02,-1.400000e+02
8.620199e+00,-1.400000e+02,-1.400000e+02
8.624268e+00,-1.400000e+02,-1.400000e+02
8.628337e+00,-1.400000e+02,-1.400000e+02
8.632406e+00,-1.400000e+02,-1.400000e+02
8.636475e+00,-1.400000e+02,-1.400000e+02
8.640544e+00,-1.400000e+02,-1.400000e+02
8.644613e+00,-1.400000e+02,-1.400000e+02
8.648682e+00,-1.400000e+02,-1.400000e+02
8.652751e+00,-1.400000e+02,-1.400000e+02
8.656820e+00,-1.400000e+02,-1.400000e+02
8.660889e+00,-1.400000e+02,-1.400000e+02
8.664958e+00,-1.400000e+02,-1.400000e+02
8.669027e+00,-1.400000e+02,-1.400000e+02
8.673096e+00,-1.400000e+02,-1.400000e+02
8.677165e+00,-1.400000e+02,-1.400000e+02
8.681234e+00,-1.400000e+02,-1.400000e+02
8.685303e+00,-1.400000e+02,-1.400000e+02
8.689372e+00,-1.400000e+02,-1.400000e+02
8.693441e+00,-1.400000e+02,-1.400000e+02
8.697510e+00,-1.400000e+02,-1.400000e+02
8.701579e+00,-1.400000e+02,-1.400000e+02
8.705648e+00,-1.400000e+02,-1.400000e+02
8.709717e+00,-1.400000e+02,-1.400000e+02
8.713786e+00,-1.400000e+02,-1.400000e+02
8.717855e+00,-1.400000e+02,-1.400000e+02
8.721924e+00,-1.400000e+02,-1.400000e+02
8.725993e+00,-1.400000e+02,-1.400000e+02
8.730062e+00,-1.400000e+02,-1.400000e+02
8.734131e+00,-1.400000e+02,-1.400000e+02
8.738200e+00,-1.400000e+02,-1.400000e+02
8.742269e+00,-1.400000e+02,-1.400000e+02
8.746338e+00,-1.400000e+02,-1.400000e+02
8.750407e+00,-1.400000e+02,-1.400000e+02
8.754476e+00,-1.400000e+02,-1.400000e+02
8.758545e+00,-1.400000e+02,-1.400000e+02
8.762614e+00,-1.400000e+02,-1.400000e+02
8.766683e+00,-1.400000e+02,-1.400000e+02
8.770752e+00,-1.400000e+02,-1.400000e+02
8.774821e+00,-1.400000e+02,-1.400000e+02
8.778890e+00,-1.400000e+02,-1.400000e+02
8.782959e+00,-1.400000e+02,-1.400000e+02
8.787028e+00,-1.400000e+02,-1.400000e+02
8.791097e+00,-1.400000e+02,-1.400000e+02
8.795166e+00,-1.400000e+02,-1.400000e+02
8.799235e+00,-1.400000e+02,-1.400000e+02
8.803304e+00,-1.400000e+02,-1.400000e+02
8.807373e+00,-1.400000e+02,-1.400000e+02
8.811442e+00,-1.400000e+02,-1.400000e+02
8.815511e+00,-1.400000e+02,-1.400000e+02
8.819580e+00,-1.400000e+02,-1.400000e+02
8.823649e+00,-1.400000e+02,-1.400000e+02
8.827718e+00,-1.400000e+02,-1.400000e+02
8.831787e+00,-1.400000e+02,-1.400000e+02
8.835856e+00,-1.400000e+02,-1.400000e+02
8.839925e+00,-1.400000e+02,-1.400000e+02
8.843994e+00,-1.400000e+02,-1.400000e+02
8.848063e+00,-1.400000e+02,-1.400000e+02
8.852132e+00,-1.400000e+02,-1.400000e+02
8.856201e+00,-1.400000e+02,-1.400000e+02
8.860270e+00,-1.400000e+02,-1.400000e+02
8.864339e+00,-1.400000e+02,-1.400000e+02
8.868408e+00,-1.400000e+02,-1.400000e+02
8.872477e+00,-1.400000e+02,-1.400000e+02
8.876546e+00,-1.400000e+02,-1.400000e+02
8.880615e+00,-1.400000e+02,-1.400000e+02
8.884684e+00,-1.400000e+02,-1.400000e+02
8.888753e+00,-1.400000e+02,-1.400000e+02
8.892822e+00,-1.400000e+02,-1.400000e+02
8.896891e+00,-1.400000e+02,-1.400000e+02
8.900960e+00,-1.400000e+02,-1.400000e+02
8.905029e+00,-1.400000e+02,-1.400000e+02
8.909098e+00,-1.400000e+02,-1.400000e+02
8.913167e+00,-1.400000e+02,-1.400000e+02
8.917236e+00,-1.400000e+02,-1.400000e+02
8.921305e+00,-1.400000e+02,-1.400000e+02
8.925374e+00,-1.400000e+02,-1.400000e+02
8.929443e+00,-1.400000e+02,-1.400000e+02
8.933512e+00,-1.400000e+02,-1.400000e+02
8.937581e+00,-1.400000e+02,-1.400000e+02
8.941650e+00,-1.400000e+02,-1.400000e+02
8.945719e+00,-1.400000e+02,-1.400000e+02
8.949788e+00,-1.400000e+02,-1.400000e+02
8.953857e+00,-1.400000e+02,-1.400000e+02
8.957926e+00,-1.400000e+02,-1.400000e+02
8.961995e+00,-1.400000e+02,-1.400000e+02
8.966064e+00,-1.400000e+02,-1.400000e+02
8.970133e+00,-1.400000e+02,-1.400000e+02
8.974202e+00,-1.400000e+02,-1.400000e+02
8.978271e+00,-1.400000e+02,-1.400000e+02
8.982340e+00,-1.400000e+02,-1.400000e+02
8.986410e+00,-1.400000e+02,-1.400000e+02
8.990479e+00,-1.400000e+02,-1.400000e+02
8.994548e+00,-1.400000e+02,-1.400000e+02
8.998617e+00,-1.400000e+02,-1.400000e+02
9.002686e+00,-1.400000e+02,-1.400000e+02
9.006755e+00,-1.400000e+02,-1.400000e+02
9.010824e+00,-1.400000e+02,-1.400000e+02
9.014893e+00,-1.400000e+02,-1.400000e+02
9.018962e+00,-1.400000e+02,-1.400000e+02
9.023031e+00,-1.400000e+02,-1.400000e+02
9.027100e+00,-1.400000e+02,-1.400000e+02
9.031169e+00,-1.400000e+02,-1.400000e+02
9.035238e+00,-1.400000e+02,-1.400000e+02
9.039307e+00,-1.400000e+02,-1.400000e+02
9.043376e+00,-1.400000e+02,-1.400000e+02
9.047445e+00,-1.400000e+02,-1.400000e+02
9.051514e+00,-1.400000e+02,-1.400000e+02
9.055583e+00,-1.400000e+02,-1.400000e+02
9.059652e+00,-1.400000e+02,-1.400000e+02
9.063721e+00,-1.400000e+02,-1.400000e+02
9.067790e+00,-1.400000e+02,-1.400000e+02
9.071859e+00,-1.400000e+02,-1.400000e+02
9.075928e+00,-1.400000e+02,-1.400000e+02
9.079997e+00,-1.400000e+02,-1.400000e+02
9.084066e+00,-1.400000e+02,-1.400000e+02
9.088135e+00,-1.400000e+02,-1.400000e+02
9.092204e+00,-1.400000e+02,-1.400000e+02
9.096273e+00,-1.400000e+02,-1.400000e+02
9.100342e+00,-1.400000e+02,-1.400000e+02
9.104411e+00,-1.400000e+02,-1.400000e+02
9.108480e+00,-1.400000e+02,-1.400000e+02
9.112549e+00,-1.400000e+02,-1.400000e+02
9.116618e+00,-1.400000e+02,-1.400000e+02
9.120687e+00,-1.400000e+02,-1.400000e+02
9.124756e+00,-1.400000e+02,-1.400000e+02
9.128825e+00,-1.400000e+02,-1.400000e+02
9.132894e+00,-1.400000e+02,-1.400000e+02
9.136963e+00,-1.400000e+02,-1.400000e+02
9.141032e+00,-1.400000e+02,-1.400000e+02
9.145101e+00,-1.400000e+02,-1.400000e+02
9.149170e+00,-1.400000e+02,-1.400000e+02
9.153239e+00,-1.400000e+02,-1.400000e+02
9.157308e+00,-1.400000e+02,-1.400000e+02
9.161377e+00,-1.400000e+02,-1.400000e+02
9.165446e+00,-1.400000e+02,-1.400000e+02
9.169515e+00,-1.400000e+02,-1.400000e+02
9.173584e+00,-1.400000e+02,-1.400000e+02
9.177653e+00,-1.400000e+02,-1.400000e+02
9.181722e+00,-1.400000e+02,-1.400000e+02
9.185791e+00,-1.400000e+02,-1.400000e+02
9.189860e+00,-1.400000e+02,-1.400000e+02
9.193929e+00,-1.400000e+02,-1.400000e+02
9.197998e+00,-1.400000e+02,-1.400000e+02
9.202067e+00,-1.400000e+02,-1.400000e+02
9.206136e+00,-1.400000e+02,-1.400000e+02
9.210205e+00,-1.400000e+02,-1.400000e+02
9.214274e+00,-1.400000e+02,-1.400000e+02
9.218343e+00,-1.400000e+02,-1.400000e+02
9.222412e+00,-1.400000e+02,-1.400000e+02
9.226481e+00,-1.400000e+02,-1.400000e+02
9.230550e+00,-1.400000e+02,-1.400000e+02
9.234619e+00,-1.400000e+02,-1.400000e+02
9.238688e+00,-1.400000e+02,-1.400000e+02
9.242757e+00,-1.400000e+02,-1.400000e+02
9.246826e+00,-1.400000e+02,-1.400000e+02
9.250895e+00,-1.400000e+02,-1.400000e+02
9.254964e+00,-1.400000e+02,-1.400000e+02
9.259033e+00,-1.400000e+02,-1.400000e+02
9.263102e+00,-1.400000e+02,-1.400000e+02
9.267171e+00,-1.400000e+02,-1.400000e+02
9.271240e+00,-1.400000e+02,-1.400000e+02
9.275309e+00,-1.400000e+02,-1.400000e+02
9.279378e+00,-1.400000e+02,-1.400000e+02
9.283447e+00,-1.400000e+02,-1.400000e+02
9.287516e+00,-1.400000e+02,-1.400000e+02
9.291585e+00,-1.400000e+02,-1.400000e+02
9.295654e+00,-1.400000e+02,-1.400000e+02
9.299723e+00,-1.400000e+02,-1.400000e+02
9.303792e+00,-1.400000e+02,-1.400000e+02
9.307861e+00,-1.400000e+02,-1.400000e+02
9.311930e+00,-1.400000e+02,-1.400000e+02
9.315999e+00,-1.400000e+02,-1.400000e+02
9.320068e+00,-1.400000e+02,-1.400000e+02
9.324137e+00,-1.400000e+02,-1.400000e+02
9.328206e+00,-1.400000e+02,-1.400000e+02
9.332275e+00,-1.400000e+02,-1.400000e+02
9.336344e+00,-1.400000e+02,-1.400000e+02
9.340413e+00,-1.400000e+02,-1.400000e+02
9.344482e+00,-1.400000e+02,-1.400000e+02
9.348551e+00,-1.400000e+02,-1.400000e+02
9.352620e+00,-1.400000e+02,-1.400000e+02
9.356689e+00,-1.400000e+02,-1.400000e+02
9.360758e+00,-1.400000e+02,-1.400000e+02
9.364827e+00,-1.400000e+02,-1.400000e+02
9.368896e+00,-1.400000e+02,-1.400000e+02
9.372965e+00,-1.400000e+02,-1.400000e+02
9.377035e+00,-1.400000e+02,-1.400000e+02
9.381104e+00,-1.400000e+02,-1.400000e+02
9.385173e+00,-1.400000e+02,-1.400000e+02
9.389242e+00,-1.400000e+02,-1.400000e+02
9.393311e+00,-1.400000e+02,-1.400000e+02
9.397380e+00,-1.400000e+02,-1.400000e+02
9.401449e+00,-1.400000e+02,-1.400000e+02
9.405518e+00,-1.400000e+02,-1.400000e+02
9.409587e+00,-1.400000e+02,-1.400000e+02
9.413656e+00,-1.400000e+02,-1.400000e+02
9.417725e+00,-1.400000e+02,-1.400000e+02
9.421794e+00,-1.400000e+02,-1.400000e+02
9.425863e+00,-1.400000e+02,-1.400000e+02
9.429932e+00,-1.400000e+02,-1.400000e+02
9.434001e+00,-1.400000e+02,-1.400000e+02
9.438070e+00,-1.400000e+02,-1.400000e+02
9.442139e+00,-1.400000e+02,-1.400000e+02
9.446208e+00,-1.400000e+02,-1.400000e+02
9.450277e+00,-1.400000e+02,-1.400000e+02
9.454346e+00,-1.400000e+02,-1.400000e+02
9.458415e+00,-1.400000e+02,-1.400000e+02
9.462484e+00,-1.400000e+02,-1.400000e+02
9.466553e+00,-1.400000e+02,-1.400000e+02
9.470622e+00,-1.400000e+02,-1.400000e+02
9.474691e+00,-1.400000e+02,-1.400000e+02
9.478760e+00,-1.400000e+02,-1.400000e+02
9.482829e+00,-1.400000e+02,-1.400000e+02
9.486898e+00,-1.400000e+02,-1.400000e+02
9.490967e+00,-1.400000e+02,-1.400000e+02
9.495036e+00,-1.400000e+02,-1.400000e+02
9.499105e+00,-1.400000e+02,-1.400000e+02
9.503174e+00,-1.400000e+02,-1.400000e+02
9.507243e+00,-1.400000e+02,-1.400000e+02
9.511312e+00,-1.400000e+02,-1.400000e+02
9.515381e+00,-1.400000e+02,-1.400000e+02
9.519450e+00,-1.400000e+02,-1.400000e+02
9.523519e+00,-1.400000e+02,-1.400000e+02
9.527588e+00,-1.400000e+02,-1.400000e+02
9.531657e+00,-1.400000e+02,-1.400000e+02
9.535726e+00,-1.400000e+02,-1.400000e+02
9.539795e+00,-1.400000e+02,-1.400000e+02
9.543864e+00,-1.400000e+02,-1.400000e+02
9.547933e+00,-1.400000e+02,-1.400000e+02
9.552002e+00,-1.400000e+02,-1.400000e+02
9.556071e+00,-1.400000e+02,-1.400000e+02
9.560140e+00,-1.400000e+02,-1.400000e+02
9.564209e+00,-1.400000e+02,-1.400000e+02
9.568278e+00,-1.400000e+02,-1.400000e+02
9.572347e+00,-1.400000e+02,-1.400000e+02
9.576416e+00,-1.400000e+02,-1.400000e+02
9.580485e+00,-1.400000e+02,-1.400000e+02
9.584554e+00,-1.400000e+02,-1.400000e+02
9.588623e+00,-1.400000e+02,-1.400000e+02
9.592692e+00,-1.400000e+02,-1.400000e+02
9.596761e+00,-1.400000e+02,-1.400000e+02
9.600830e+00,-1.400000e+02,-1.400000e+02
9.604899e+00,-1.400000e+02,-1.400000e+02
9.608968e+00,-1.400000e+02,-1.400000e+02
9.613037e+00,-1.400000e+02,-1.400000e+02
9.617106e+00,-1.400000e+02,-1.400000e+02
9.621175e+00,-1.400000e+02,-1.400000e+02
9.625244e+00,-1.400000e+02,-1.400000e+02
9.629313e+00,-1.400000e+02,-1.400000e+02
9.633382e+00,-1.400000e+02,-1.400000e+02
9.637451e+00,-1.400000e+02,-1.400000e+02
9.641520e+00,-1.400000e+02,-1.400000e+02
9.645589e+00,-1.400000e+02,-1.400000e+02
9.649658e+00,-1.400000e+02,-1.400000e+02
9.653727e+00,-1.400000e+02,-1.400000e+02
9.657796e+00,-1.400000e+02,-1.400000e+02
9.661865e+00,-1.400000e+02,-1.400000e+02
9.665934e+00,-1.400000e+02,-1.400000e+02
9.670003e+00,-1.400000e+02,-1.400000e+02
9.674072e+00,-1.400000e+02,-1.400000e+02
9.678141e+00,-1.400000e+02,-1.400000e+02
9.682210e+00,-1.400000e+02,-1.400000e+02
9.686279e+00,-1.400000e+02,-1.400000e+02
9.690348e+00,-1.400000e+02,-1.400000e+02
9.694417e+00,-1.400000e+02,-1.400000e+02
9.698486e+00,-1.400000e+02,-1.400000e+02
9.702555e+00,-1.400000e+02,-1.400000e+02
9.706624e+00,-1.400000e+02,-1.400000e+02
9.710693e+00,-1.400000e+02,-1.400000e+02
9.714762e+00,-1.400000e+02,-1.400000e+02
9.718831e+00,-1.400000e+02,-1.400000e+02
9.722900e+00,-1.400000e+02,-1.400000e+02
9.726969e+00,-1.400000e+02,-1.400000e+02
9.731038e+00,-1.400000e+02,-1.400000e+02
9.735107e+00,-1.400000e+02,-1.400000e+02
9.739176e+00,-1.400000e+02,-1.400000e+02
9.743245e+00,-1.400000e+02,-1.400000e+02
9.747314e+00,-1.400000e+02,-1.400000e+02
9.751383e+00,-1.400000e+02,-1.400000e+02
9.755452e+00,-1.400000e+02,-1.400000e+02
9.759521e+00,-1.400000e+02,-1.400000e+02
9.763590e+00,-1.400000e+02,-1.400000e+02
9.767660e+00,-1.400000e+02,-1.400000e+02
9.771729e+00,-1.400000e+02,-1.400000e+02
9.775798e+00,-1.400000e+02,-1.400000e+02
9.779867e+00,-1.400000e+02,-1.400000e+02
9.783936e+00,-1.400000e+02,-1.400000e+02
9.788005e+00,-1.400000e+02,-1.400000e+02
9.792074e+00,-1.400000e+02,-1.400000e+02
9.796143e+00,-1.400000e+02,-1.400000e+02
9.800212e+00,-1.400000e+02,-1.400000e+02
9.804281e+00,-1.400000e+02,-1.400000e+02
9.808350e+00,-1.400000e+02,-1.400000e+02
9.812419e+00,-1.400000e+02,-1.400000e+02
9.816488e+00,-1.400000e+02,-1.400000e+02
9.820557e+00,-1.400000e+02,-1.400000e+02
9.824626e+00,-1.400000e+02,-1.400000e+02
9.828695e+00,-1.400000e+02,-1.400000e+02
9.832764e+00,-1.400000e+02,-1.400000e+02
9.836833e+00,-1.400000e+02,-1.400000e+02
9.840902e+00,-1.400000e+02,-1.400000e+02
9.844971e+00,-1.400000e+02,-1.400000e+02
9.849040e+00,-1.400000e+02,-1.400000e+02
9.853109e+00,-1.400000e+02,-1.400000e+02
9.857178e+00,-1.400000e+02,-1.400000e+02
9.861247e+00,-1.400000e+02,-1.400000e+02
9.865316e+00,-1.400000e+02,-1.400000e+02
9.869385e+00,-1.400000e+02,-1.400000e+02
9.873454e+00,-1.400000e+02,-1.400000e+02
9.877523e+00,-1.400000e+02,-1.400000e+02
9.881592e+00,-1.400000e+02,-1.400000e+02
9.885661e+00,-1.400000e+02,-1.400000e+02
9.889730e+00,-1.400000e+02,-1.400000e+02
9.893799e+00,-1.400000e+02,-1.400000e+02
9.897868e+00,-1.400000e+02,-1.400000e+02
9.901937e+00,-1.400000e+02,-1.400000e+02
9.906006e+00,-1.400000e+02,-1.400000e+02
9.910075e+00,-1.400000e+02,-1.400000e+02
9.914144e+00,-1.400000e+02,-1.400000e+02
9.918213e+00,-1.400000e+02,-1.400000e+02
9.922282e+00,-1.400000e+02,-1.400000e+02
9.926351e+00,-1.400000e+02,-1.400000e+02
9.930420e+00,-1.400000e+02,-1.400000e+02
9.934489e+00,-1.400000e+02,-1.400000e+02
9.938558e+00,-1.400000e+02,-1.400000e+02
9.942627e+00,-1.400000e+02,-1.400000e+02
9.946696e+00,-1.400000e+02,-1.400000e+02
9.950765e+00,-1.400000e+02,-1.400000e+02
9.954834e+00,-1.400000e+02,-1.400000e+02
9.958903e+00,-1.400000e+02,-1.400000e+02
9.962972e+00,-1.400000e+02,-1.400000e+02
9.967041e+00,-1.400000e+02,-1.400000e+02
9.971110e+00,-1.400000e+02,-1.400000e+02
9.975179e+00,-1.400000e+02,-1.400000e+02
9.979248e+00,-1.400000e+02,-1.400000e+02
9.983317e+00,-1.400000e+02,-1.400000e+02
9.987386e+00,-1.400000e+02,-1.400000e+02
9.991455e+00,-1.400000e+02,-1.400000e+02
9.995524e+00,-1.400000e+02,-1.400000e+02
9.999593e+00,-1.400000e+02,-1.400000e+02
