delay_us,lfm_db,tangent_db,kaiser_posp_db,fosm_db
-3.999837e+00,-1.400000e+02,-1.400000e+02,-1.400000e+02,-1.400000e+02
-3.995768e+00,-1.400000e+02,-1.400000e+02,-1.400000e+02,-1.400000e+02
-3.991699e+00,-1.400000e+02,-1.400000e+02,-1.400000e+02,-1.400000e+02
-3.987630e+00,-1.400000e+02,-1.400000e+02,-1.400000e+02,-1.400000e+02
-3.983561e+00,-1.400000e+02,-1.400000e+02,-1.400000e+02,-1.400000e+02
-3.979492e+00,-1.400000e+02,-1.400000e+02,-1.400000e+02,-1.400000e+02
-3.975423e+00,-1.400000e+02,-1.400000e+02,-1.400000e+02,-1.400000e+02
-3.971354e+00,-1.400000e+02,-1.400000e+02,-1.400000e+02,-1.400000e+02
-3.967285e+00,-1.400000e+02,-1.400000e+02,-1.400000e+02,-1.400000e+02
-3.963216e+00,-1.400000e+02,-1.400000e+02,-1.400000e+02,-1.400000e+02
-3.959147e+00,-1.400000e+02,-1.400000e+02,-1.400000e+02,-1.400000e+02
-3.955078e+00,-1.400000e+02,-1.400000e+02,-1.400000e+02,-1.400000e+02
-3.951009e+00,-1.400000e+02,-1.400000e+02,-1.400000e+02,-1.400000e+02
-3.946940e+00,-1.400000e+02,-1.400000e+02,-1.400000e+02,-1.400000e+02
-3.942871e+00,-1.400000e+02,-1.400000e+02,-1.400000e+02,-1.400000e+02
-3.938802e+00,-1.400000e+02,-1.400000e+02,-1.400000e+02,-1.400000e+02
-3.934733e+00,-1.400000e+02,-1.400000e+02,-1.400000e+02,-1.400000e+02
-3.930664e+00,-1.400000e+02,-1.400000e+02,-1.400000e+02,-1.400000e+02
-3.926595e+00,-1.400000e+02,-1.400000e+02,-1.400000e+02,-1.400000e+02
-3.922526e+00,-1.400000e+02,-1.400000e+02,-1.400000e+02,-1.400000e+02
-3.918457e+00,-1.400000e+02,-1.400000e+02,-1.400000e+02,-1.400000e+02
-3.914388e+00,-1.400000e+02,-1.400000e+02,-1.400000e+02,-1.400000e+02
-3.910319e+00,-1.400000e+02,-1.400000e+02,-1.400000e+02,-1.400000e+02
-3.906250e+00,-1.400000e+02,-1.400000e+02,-1.400000e+02,-1.400000e+02
-3.902181e+00,-1.400000e+02,-1.400000e+02,-1.400000e+02,-1.400000e+02
-3.898112e+00,-1.400000e+02,-1.400000e+02,-1.400000e+02,-1.400000e+02
-3.894043e+00,-1.400000e+02,-1.400000e+02,-1.400000e+02,-1.400000e+02
-3.889974e+00,-1.400000e+02,-1.400000e+02,-1.400000e+02,-1.400000e+02
-3.885905e+00,-1.400000e+02,-1.400000e+02,-1.400000e+02,-1.400000e+02
-3.881836e+00,-1.400000e+02,-1.400000e+02,-1.400000e+02,-1.400000e+02
-3.877767e+00,-1.400000e+02,-1.400000e+02,-1.400000e+02,-1.400000e+02
-3.873698e+00,-1.400000e+02,-1.400000e+02,-1.400000e+02,-1.400000e+02
-3.869629e+00,-1.400000e+02,-1.400000e+02,-1.400000e+02,-1.400000e+02
-3.865560e+00,-1.400000e+02,-1.400000e+02,-1.400000e+02,-1.400000e+02
-3.861491e+00,-1.400000e+02,-1.400000e+02,-1.400000e+02,-1.400000e+02
-3.857422e+00,-1.400000e+02,-1.400000e+02,-1.400000e+02,-1.400000e+02
-3.853353e+00,-1.400000e+02,-1.400000e+02,-1.400000e+02,-1.400000e+02
-3.849284e+00,-1.400000e+02,-1.400000e+02,-1.400000e+02,-1.400000e+02
-3.845215e+00,-1.400000e+02,-1.400000e+02,-1.400000e+02,-1.400000e+02
-3.841146e+00,-1.400000e+02,-1.400000e+02,-1.400000e+02,-1.400000e+02
-3.837077e+00,-1.400000e+02,-1.400000e+02,-1.400000e+02,-1.400000e+02
-3.833008e+00,-1.400000e+02,-1.400000e+02,-1.400000e+02,-1.400000e+02
-3.828939e+00,-1.400000e+02,-1.400000e+02,-1.400000e+02,-1.400000e+02
-3.824870e+00,-1.400000e+02,-1.400000e+02,-1.400000e+02,-1.400000e+02
-3.820801e+00,-1.400000e+02,-1.400000e+02,-1.400000e+02,-1.400000e+02
-3.816732e+00,-1.400000e+02,-1.400000e+02,-1.400000e+02,-1.400000e+02
-3.812663e+00,-1.400000e+02,-1.400000e+02,-1.400000e+02,-1.400000e+02
-3.808594e+00,-1.400000e+02,-1.400000e+02,-1.400000e+02,-1.400000e+02
-3.804525e+00,-1.400000e+02,-1.400000e+02,-1.400000e+02,-1.400000e+02
-3.800456e+00,-1.400000e+02,-1.400000e+02,-1.400000e+02,-1.400000e+02
-3.796387e+00,-1.400000e+02,-1.400000e+02,-1.400000e+02,-1.400000e+02
-3.792318e+00,-1.400000e+02,-1.400000e+02,-1.400000e+02,-1.400000e+02
-3.788249e+00,-1.400000e+02,-1.400000e+02,-1.400000e+02,-1.400000e+02
-3.784180e+00,-1.400000e+02,-1.400000e+02,-1.400000e+02,-1.400000e+02
-3.780111e+00,-1.400000e+02,-1.400000e+02,-1.400000e+02,-1.400000e+02
-3.776042e+00,-1.400000e+02,-1.400000e+02,-1.400000e+02,-1.400000e+02
-3.771973e+00,-1.400000e+02,-1.400000e+02,-1.400000e+02,-1.400000e+02
-3.767904e+00,-1.400000e+02,-1.400000e+02,-1.400000e+02,-1.400000e+02
-3.763835e+00,-1.400000e+02,-1.400000e+02,-1.400000e+02,-1.400000e+02
-3.759766e+00,-1.400000e+02,-1.400000e+02,-1.400000e+02,-1.400000e+02
-3.755697e+00,-1.400000e+02,-1.400000e+02,-1.400000e+02,-1.400000e+02
-3.751628e+00,-1.400000e+02,-1.400000e+02,-1.400000e+02,-1.400000e+02
-3.747559e+00,-1.400000e+02,-1.400000e+02,-1.400000e+02,-1.400000e+02
-3.743490e+00,-1.400000e+02,-1.400000e+02,-1.400000e+02,-1.400000e+02
-3.739421e+00,-1.400000e+02,-1.400000e+02,-1.400000e+02,-1.400000e+02
-3.735352e+00,-1.400000e+02,-1.400000e+02,-1.400000e+02,-1.400000e+02
-3.731283e+00,-1.400000e+02,-1.400000e+02,-1.400000e+02,-1.400000e+02
-3.727214e+00,-1.400000e+02,-1.400000e+02,-1.400000e+02,-1.400000e+02
-3.723145e+00,-1.400000e+02,-1.400000e+02,-1.400000e+02,-1.400000e+02
-3.719076e+00,-1.400000e+02,-1.400000e+02,-1.400000e+02,-1.400000e+02
-3.715007e+00,-1.400000e+02,-1.400000e+02,-1.400000e+02,-1.400000e+02
-3.710938e+00,-1.400000e+02,-1.400000e+02,-1.400000e+02,-1.400000e+02
-3.706868e+00,-1.400000e+02,-1.400000e+02,-1.400000e+02,-1.400000e+02
-3.702799e+00,-1.400000e+02,-1.400000e+02,-1.400000e+02,-1.400000e+02
-3.698730e+00,-1.400000e+02,-1.400000e+02,-1.400000e+02,-1.400000e+02
-3.694661e+00,-1.400000e+02,-1.400000e+02,-1.400000e+02,-1.400000e+02
-3.690592e+00,-1.400000e+02,-1.400000e+02,-1.400000e+02,-1.400000e+02
-3.686523e+00,-1.400000e+02,-1.400000e+02,-1.400000e+02,-1.400000e+02
-3.682454e+00,-1.400000e+02,-1.400000e+02,-1.400000e+02,-1.400000e+02
-3.678385e+00,-1.400000e+02,-1.400000e+02,-1.400000e+02,-1.400000e+02
-3.674316e+00,-1.400000e+02,-1.400000e+02,-1.400000e+02,-1.400000e+02
-3.670247e+00,-1.400000e+02,-1.400000e+02,-1.400000e+02,-1.400000e+02
-3.666178e+00,-1.400000e+02,-1.400000e+02,-1.400000e+02,-1.400000e+02
-3.662109e+00,-1.400000e+02,-1.400000e+02,-1.400000e+02,-1.400000e+02
-3.658040e+00,-1.400000e+02,-1.400000e+02,-1.400000e+02,-1.400000e+02
-3.653971e+00,-1.400000e+02,-1.400000e+02,-1.400000e+02,-1.400000e+02
-3.649902e+00,-1.400000e+02,-1.400000e+02,-1.400000e+02,-1.400000e+02
-3.645833e+00,-1.400000e+02,-1.400000e+02,-1.400000e+02,-1.400000e+02
-3.641764e+00,-1.400000e+02,-1.400000e+02,-1.400000e+02,-1.400000e+02
-3.637695e+00,-1.400000e+02,-1.400000e+02,-1.400000e+02,-1.400000e+02
-3.633626e+00,-1.400000e+02,-1.400000e+02,-1.400000e+02,-1.400000e+02
-3.629557e+00,-1.400000e+02,-1.400000e+02,-1.400000e+02,-1.400000e+02
-3.625488e+00,-1.400000e+02,-1.400000e+02,-1.400000e+02,-1.400000e+02
-3.621419e+00,-1.400000e+02,-1.400000e+02,-1.400000e+02,-1.400000e+02
-3.617350e+00,-1.400000e+02,-1.400000e+02,-1.400000e+02,-1.400000e+02
-3.613281e+00,-1.400000e+02,-1.400000e+02,-1.400000e+02,-1.400000e+02
-3.609212e+00,-1.400000e+02,-1.400000e+02,-1.400000e+02,-1.400000e+02
-3.605143e+00,-1.400000e+02,-1.400000e+02,-1.400000e+02,-1.400000e+02
-3.601074e+00,-1.400000e+02,-1.400000e+02,-1.400000e+02,-1.400000e+02
-3.597005e+00,-1.400000e+02,-1.400000e+02,-1.400000e+02,-1.400000e+02
-3.592936e+00,-1.400000e+02,-1.400000e+02,-1.400000e+02,-1.400000e+02
-3.588867e+00,-1.400000e+02,-1.400000e+02,-1.400000e+02,-1.400000e+02
-3.584798e+00,-1.400000e+02,-1.400000e+02,-1.400000e+02,-1.400000e+02
-3.580729e+00,-1.400000e+02,-1.400000e+02,-1.400000e+02,-1.400000e+02
-3.576660e+00,-1.400000e+02,-1.400000e+02,-1.400000e+02,-1.400000e+02
-3.572591e+00,-1.400000e+02,-1.400000e+02,-1.400000e+02,-1.400000e+02
-3.568522e+00,-1.400000e+02,-1.400000e+02,-1.400000e+02,-1.400000e+02
-3.564453e+00,-1.400000e+02,-1.400000e+02,-1.400000e+02,-1.400000e+02
-3.560384e+00,-1.400000e+02,-1.400000e+02,-1.400000e+02,-1.400000e+02
-3.556315e+00,-1.400000e+02,-1.400000e+02,-1.400000e+02,-1.400000e+02
-3.552246e+00,-1.400000e+02,-1.400000e+02,-1.400000e+02,-1.400000e+02
-3.548177e+00,-1.400000e+02,-1.400000e+02,-1.400000e+02,-1.400000e+02
-3.544108e+00,-1.400000e+02,-1.400000e+02,-1.400000e+02,-1.400000e+02
-3.540039e+00,-1.400000e+02,-1.400000e+02,-1.400000e+02,-1.400000e+02
-3.535970e+00,-1.400000e+02,-1.400000e+02,-1.400000e+02,-1.400000e+02
-3.531901e+00,-1.400000e+02,-1.400000e+02,-1.400000e+02,-1.400000e+02
-3.527832e+00,-1.400000e+02,-1.400000e+02,-1.400000e+02,-1.400000e+02
-3.523763e+00,-1.400000e+02,-1.400000e+02,-1.400000e+02,-1.400000e+02
-3.519694e+00,-1.400000e+02,-1.400000e+02,-1.400000e+02,-1.400000e+02
-3.515625e+00,-1.400000e+02,-1.400000e+02,-1.400000e+02,-1.400000e+02
-3.511556e+00,-1.400000e+02,-1.400000e+02,-1.400000e+02,-1.400000e+02
-3.507487e+00,-1.400000e+02,-1.400000e+02,-1.400000e+02,-1.400000e+02
-3.503418e+00,-1.400000e+02,-1.400000e+02,-1.400000e+02,-1.400000e+02
-3.499349e+00,-1.400000e+02,-1.400000e+02,-1.400000e+02,-1.400000e+02
-3.495280e+00,-1.400000e+02,-1.400000e+02,-1.400000e+02,-1.400000e+02
-3.491211e+00,-1.400000e+02,-1.400000e+02,-1.400000e+02,-1.400000e+02
-3.487142e+00,-1.400000e+02,-1.400000e+02,-1.400000e+02,-1.400000e+02
-3.483073e+00,-1.400000e+02,-1.400000e+02,-1.400000e+02,-1.400000e+02
-3.479004e+00,-1.400000e+02,-1.400000e+02,-1.400000e+02,-1.400000e+02
-3.474935e+00,-1.400000e+02,-1.400000e+02,-1.400000e+02,-1.400000e+02
-3.470866e+00,-1.400000e+02,-1.400000e+02,-1.400000e+02,-1.400000e+02
-3.466797e+00,-1.400000e+02,-1.400000e+02,-1.400000e+02,-1.400000e+02
-3.462728e+00,-1.400000e+02,-1.400000e+02,-1.400000e+02,-1.400000e+02
-3.458659e+00,-1.400000e+02,-1.400000e+02,-1.400000e+02,-1.400000e+02
-3.454590e+00,-1.400000e+02,-1.400000e+02,-1.400000e+02,-1.400000e+02
-3.450521e+00,-1.400000e+02,-1.400000e+02,-1.400000e+02,-1.400000e+02
-3.446452e+00,-1.400000e+02,-1.400000e+02,-1.400000e+02,-1.400000e+02
-3.442383e+00,-1.400000e+02,-1.400000e+02,-1.400000e+02,-1.400000e+02
-3.438314e+00,-1.400000e+02,-1.400000e+02,-1.400000e+02,-1.400000e+02
-3.434245e+00,-1.400000e+02,-1.400000e+02,-1.400000e+02,-1.400000e+02
-3.430176e+00,-1.400000e+02,-1.400000e+02,-1.400000e+02,-1.400000e+02
-3.426107e+00,-1.400000e+02,-1.400000e+02,-1.400000e+02,-1.400000e+02
-3.422038e+00,-1.400000e+02,-1.400000e+02,-1.400000e+02,-1.400000e+02
-3.417969e+00,-1.400000e+02,-1.400000e+02,-1.400000e+02,-1.400000e+02
-3.413900e+00,-1.400000e+02,-1.400000e+02,-1.400000e+02,-1.400000e+02
-3.409831e+00,-1.400000e+02,-1.400000e+02,-1.400000e+02,-1.400000e+02
-3.405762e+00,-1.400000e+02,-1.400000e+02,-1.400000e+02,-1.400000e+02
-3.401693e+00,-1.400000e+02,-1.400000e+02,-1.400000e+02,-1.400000e+02
-3.397624e+00,-1.400000e+02,-1.400000e+02,-1.400000e+02,-1.400000e+02
-3.393555e+00,-1.400000e+02,-1.400000e+02,-1.400000e+02,-1.400000e+02
-3.389486e+00,-1.400000e+02,-1.400000e+02,-1.400000e+02,-1.400000e+02
-3.385417e+00,-1.400000e+02,-1.400000e+02,-1.400000e+02,-1.400000e+02
-3.381348e+00,-1.400000e+02,-1.400000e+02,-1.400000e+02,-1.400000e+02
-3.377279e+00,-1.400000e+02,-1.400000e+02,-1.400000e+02,-1.400000e+02
-3.373210e+00,-1.400000e+02,-1.400000e+02,-1.400000e+02,-1.400000e+02
-3.369141e+00,-1.400000e+02,-1.400000e+02,-1.400000e+02,-1.400000e+02
-3.365072e+00,-1.400000e+02,-1.400000e+02,-1.400000e+02,-1.400000e+02
-3.361003e+00,-1.400000e+02,-1.400000e+02,-1.400000e+02,-1.400000e+02
-3.356934e+00,-1.400000e+02,-1.400000e+02,-1.400000e+02,-1.400000e+02
-3.352865e+00,-1.400000e+02,-1.400000e+02,-1.400000e+02,-1.400000e+02
-3.348796e+00,-1.400000e+02,-1.400000e+02,-1.400000e+02,-1.400000e+02
-3.344727e+00,-1.400000e+02,-1.400000e+02,-1.400000e+02,-1.400000e+02
-3.340658e+00,-1.400000e+02,-1.400000e+02,-1.400000e+02,-1.400000e+02
-3.336589e+00,-1.400000e+02,-1.400000e+02,-1.400000e+02,-1.400000e+02
-3.332520e+00,-1.400000e+02,-1.400000e+02,-1.400000e+02,-1.400000e+02
-3.328451e+00,-1.400000e+02,-1.400000e+02,-1.400000e+02,-1.400000e+02
-3.324382e+00,-1.400000e+02,-1.400000e+02,-1.400000e+02,-1.400000e+02
-3.320313e+00,-1.400000e+02,-1.400000e+02,-1.400000e+02,-1.400000e+02
-3.316243e+00,-1.400000e+02,-1.400000e+02,-1.400000e+02,-1.400000e+02
-3.312174e+00,-1.400000e+02,-1.400000e+02,-1.400000e+02,-1.400000e+02
-3.308105e+00,-1.400000e+02,-1.400000e+02,-1.400000e+02,-1.400000e+02
-3.304036e+00,-1.400000e+02,-1.400000e+02,-1.400000e+02,-1.400000e+02
-3.299967e+00,-1.400000e+02,-1.400000e+02,-1.400000e+02,-1.400000e+02
-3.295898e+00,-1.400000e+02,-1.400000e+02,-1.400000e+02,-1.400000e+02
-3.291829e+00,-1.400000e+02,-1.400000e+02,-1.400000e+02,-1.400000e+02
-3.287760e+00,-1.400000e+02,-1.400000e+02,-1.400000e+02,-1.400000e+02
-3.283691e+00,-1.400000e+02,-1.400000e+02,-1.400000e+02,-1.400000e+02
-3.279622e+00,-1.400000e+02,-1.400000e+02,-1.400000e+02,-1.400000e+02
-3.275553e+00,-1.400000e+02,-1.400000e+02,-1.400000e+02,-1.400000e+02
-3.271484e+00,-1.400000e+02,-1.400000e+02,-1.400000e+02,-1.400000e+02
-3.267415e+00,-1.400000e+02,-1.400000e+02,-1.400000e+02,-1.400000e+02
-3.263346e+00,-1.400000e+02,-1.400000e+02,-1.400000e+02,-1.400000e+02
-3.259277e+00,-1.400000e+02,-1.400000e+02,-1.400000e+02,-1.400000e+02
-3.255208e+00,-1.400000e+02,-1.400000e+02,-1.400000e+02,-1.400000e+02
-3.251139e+00,-1.400000e+02,-1.400000e+02,-1.400000e+02,-1.400000e+02
-3.247070e+00,-1.400000e+02,-1.400000e+02,-1.400000e+02,-1.400000e+02
-3.243001e+00,-1.400000e+02,-1.400000e+02,-1.400000e+02,-1.400000e+02
-3.238932e+00,-1.400000e+02,-1.400000e+02,-1.400000e+02,-1.400000e+02
-3.234863e+00,-1.400000e+02,-1.400000e+02,-1.400000e+02,-1.400000e+02
-3.230794e+00,-1.400000e+02,-1.400000e+02,-1.400000e+02,-1.400000e+02
-3.226725e+00,-1.400000e+02,-1.400000e+02,-1.400000e+02,-1.400000e+02
-3.222656e+00,-1.400000e+02,-1.400000e+02,-1.400000e+02,-1.400000e+02
-3.218587e+00,-1.400000e+02,-1.400000e+02,-1.400000e+02,-1.400000e+02
-3.214518e+00,-1.400000e+02,-1.400000e+02,-1.400000e+02,-1.400000e+02
-3.210449e+00,-1.400000e+02,-1.400000e+02,-1.400000e+02,-1.400000e+02
-3.206380e+00,-1.400000e+02,-1.400000e+02,-1.400000e+02,-1.400000e+02
-3.202311e+00,-1.400000e+02,-1.400000e+02,-1.400000e+02,-1.400000e+02
-3.198242e+00,-1.400000e+02,-1.400000e+02,-1.400000e+02,-1.400000e+02
-3.194173e+00,-1.400000e+02,-1.400000e+02,-1.400000e+02,-1.400000e+02
-3.190104e+00,-1.400000e+02,-1.400000e+02,-1.400000e+02,-1.400000e+02
-3.186035e+00,-1.400000e+02,-1.400000e+02,-1.400000e+02,-1.400000e+02
-3.181966e+00,-1.400000e+02,-1.400000e+02,-1.400000e+02,-1.400000e+02
-3.177897e+00,-1.400000e+02,-1.400000e+02,-1.400000e+02,-1.400000e+02
-3.173828e+00,-1.400000e+02,-1.400000e+02,-1.400000e+02,-1.400000e+02
-3.169759e+00,-1.400000e+02,-1.400000e+02,-1.400000e+02,-1.400000e+02
-3.165690e+00,-1.400000e+02,-1.400000e+02,-1.400000e+02,-1.400000e+02
-3.161621e+00,-1.400000e+02,-1.400000e+02,-1.400000e+02,-1.400000e+02
-3.157552e+00,-1.400000e+02,-1.400000e+02,-1.400000e+02,-1.400000e+02
-3.153483e+00,-1.400000e+02,-1.400000e+02,-1.400000e+02,-1.400000e+02
-3.149414e+00,-1.400000e+02,-1.400000e+02,-1.400000e+02,-1.400000e+02
-3.145345e+00,-1.400000e+02,-1.400000e+02,-1.400000e+02,-1.400000e+02
-3.141276e+00,-1.400000e+02,-1.400000e+02,-1.400000e+02,-1.400000e+02
-3.137207e+00,-1.400000e+02,-1.400000e+02,-1.400000e+02,-1.400000e+02
-3.133138e+00,-1.400000e+02,-1.400000e+02,-1.400000e+02,-1.400000e+02
-3.129069e+00,-1.400000e+02,-1.400000e+02,-1.400000e+02,-1.400000e+02
-3.125000e+00,-1.400000e+02,-1.400000e+02,-1.400000e+02,-1.400000e+02
-3.120931e+00,-1.400000e+02,-1.400000e+02,-1.400000e+02,-1.400000e+02
-3.116862e+00,-1.400000e+02,-1.400000e+02,-1.400000e+02,-1.400000e+02
-3.112793e+00,-1.400000e+02,-1.400000e+02,-1.400000e+02,-1.400000e+02
-3.108724e+00,-1.400000e+02,-1.400000e+02,-1.400000e+02,-1.400000e+02
-3.104655e+00,-1.400000e+02,-1.400000e+02,-1.400000e+02,-1.400000e+02
-3.100586e+00,-1.400000e+02,-1.400000e+02,-1.400000e+02,-1.400000e+02
-3.096517e+00,-1.400000e+02,-1.400000e+02,-1.400000e+02,-1.400000e+02
-3.092448e+00,-1.400000e+02,-1.400000e+02,-1.400000e+02,-1.400000e+02
-3.088379e+00,-1.400000e+02,-1.400000e+02,-1.400000e+02,-1.400000e+02
-3.084310e+00,-1.400000e+02,-1.400000e+02,-1.400000e+02,-1.400000e+02
-3.080241e+00,-1.400000e+02,-1.400000e+02,-1.400000e+02,-1.400000e+02
-3.076172e+00,-1.400000e+02,-1.400000e+02,-1.400000e+02,-1.400000e+02
-3.072103e+00,-1.400000e+02,-1.400000e+02,-1.400000e+02,-1.400000e+02
-3.068034e+00,-1.400000e+02,-1.400000e+02,-1.400000e+02,-1.400000e+02
-3.063965e+00,-1.400000e+02,-1.400000e+02,-1.400000e+02,-1.400000e+02
-3.059896e+00,-1.400000e+02,-1.400000e+02,-1.400000e+02,-1.400000e+02
-3.055827e+00,-1.400000e+02,-1.400000e+02,-1.400000e+02,-1.400000e+02
-3.051758e+00,-1.400000e+02,-1.400000e+02,-1.400000e+02,-1.400000e+02
-3.047689e+00,-1.400000e+02,-1.400000e+02,-1.400000e+02,-1.400000e+02
-3.043620e+00,-1.400000e+02,-1.400000e+02,-1.400000e+02,-1.400000e+02
-3.039551e+00,-1.400000e+02,-1.400000e+02,-1.400000e+02,-1.400000e+02
-3.035482e+00,-1.400000e+02,-1.400000e+02,-1.400000e+02,-1.400000e+02
-3.031413e+00,-1.400000e+02,-1.400000e+02,-1.400000e+02,-1.400000e+02
-3.027344e+00,-1.400000e+02,-1.400000e+02,-1.400000e+02,-1.400000e+02
-3.023275e+00,-1.400000e+02,-1.400000e+02,-1.400000e+02,-1.400000e+02
-3.019206e+00,-1.400000e+02,-1.400000e+02,-1.400000e+02,-1.400000e+02
-3.015137e+00,-1.400000e+02,-1.400000e+02,-1.400000e+02,-1.400000e+02
-3.011068e+00,-1.400000e+02,-1.400000e+02,-1.400000e+02,-1.400000e+02
-3.006999e+00,-1.400000e+02,-1.400000e+02,-1.400000e+02,-1.400000e+02
-3.002930e+00,-1.400000e+02,-1.400000e+02,-1.400000e+02,-1.400000e+02
-2.998861e+00,-1.400000e+02,-1.400000e+02,-1.400000e+02,-1.400000e+02
-2.994792e+00,-1.400000e+02,-1.400000e+02,-1.400000e+02,-1.400000e+02
-2.990723e+00,-1.400000e+02,-1.400000e+02,-1.400000e+02,-1.400000e+02
-2.986654e+00,-1.400000e+02,-1.400000e+02,-1.400000e+02,-1.400000e+02
-2.982585e+00,-1.400000e+02,-1.400000e+02,-1.400000e+02,-1.400000e+02
-2.978516e+00,-1.400000e+02,-1.400000e+02,-1.400000e+02,-1.400000e+02
-2.974447e+00,-1.400000e+02,-1.400000e+02,-1.400000e+02,-1.400000e+02
-2.970378e+00,-1.400000e+02,-1.400000e+02,-1.400000e+02,-1.400000e+02
-2.966309e+00,-1.400000e+02,-1.400000e+02,-1.400000e+02,-1.400000e+02
-2.962240e+00,-1.400000e+02,-1.400000e+02,-1.400000e+02,-1.400000e+02
-2.958171e+00,-1.400000e+02,-1.400000e+02,-1.400000e+02,-1.400000e+02
-2.954102e+00,-1.400000e+02,-1.400000e+02,-1.400000e+02,-1.400000e+02
-2.950033e+00,-1.400000e+02,-1.400000e+02,-1.400000e+02,-1.400000e+02
-2.945964e+00,-1.400000e+02,-1.400000e+02,-1.400000e+02,-1.400000e+02
-2.941895e+00,-1.400000e+02,-1.400000e+02,-1.400000e+02,-1.400000e+02
-2.937826e+00,-1.400000e+02,-1.400000e+02,-1.400000e+02,-1.400000e+02
-2.933757e+00,-1.400000e+02,-1.400000e+02,-1.400000e+02,-1.400000e+02
-2.929688e+00,-1.400000e+02,-1.400000e+02,-1.400000e+02,-1.400000e+02
-2.925618e+00,-1.400000e+02,-1.400000e+02,-1.400000e+02,-1.400000e+02
-2.921549e+00,-1.400000e+02,-1.400000e+02,-1.400000e+02,-1.400000e+02
-2.917480e+00,-1.400000e+02,-1.400000e+02,-1.400000e+02,-1.400000e+02
-2.913411e+00,-1.400000e+02,-1.400000e+02,-1.400000e+02,-1.400000e+02
-2.909342e+00,-1.400000e+02,-1.400000e+02,-1.400000e+02,-1.400000e+02
-2.905273e+00,-1.400000e+02,-1.400000e+02,-1.400000e+02,-1.400000e+02
-2.901204e+00,-1.400000e+02,-1.400000e+02,-1.400000e+02,-1.400000e+02
-2.897135e+00,-1.400000e+02,-1.400000e+02,-1.400000e+02,-1.400000e+02
-2.893066e+00,-1.400000e+02,-1.400000e+02,-1.400000e+02,-1.400000e+02
-2.888997e+00,-1.400000e+02,-1.400000e+02,-1.400000e+02,-1.400000e+02
-2.884928e+00,-1.400000e+02,-1.400000e+02,-1.400000e+02,-1.400000e+02
-2.880859e+00,-1.400000e+02,-1.400000e+02,-1.400000e+02,-1.400000e+02
-2.876790e+00,-1.400000e+02,-1.400000e+02,-1.400000e+02,-1.400000e+02
-2.872721e+00,-1.400000e+02,-1.400000e+02,-1.400000e+02,-1.400000e+02
-2.868652e+00,-1.400000e+02,-1.400000e+02,-1.400000e+02,-1.400000e+02
-2.864583e+00,-1.400000e+02,-1.400000e+02,-1.400000e+02,-1.400000e+02
-2.860514e+00,-1.400000e+02,-1.400000e+02,-1.400000e+02,-1.400000e+02
-2.856445e+00,-1.400000e+02,-1.400000e+02,-1.400000e+02,-1.400000e+02
-2.852376e+00,-1.400000e+02,-1.400000e+02,-1.400000e+02,-1.400000e+02
-2.848307e+00,-1.400000e+02,-1.400000e+02,-1.400000e+02,-1.400000e+02
-2.844238e+00,-1.400000e+02,-1.400000e+02,-1.400000e+02,-1.400000e+02
-2.840169e+00,-1.400000e+02,-1.400000e+02,-1.400000e+02,-1.400000e+02
-2.836100e+00,-1.400000e+02,-1.400000e+02,-1.400000e+02,-1.400000e+02
-2.832031e+00,-1.400000e+02,-1.400000e+02,-1.400000e+02,-1.400000e+02
-2.827962e+00,-1.400000e+02,-1.400000e+02,-1.400000e+02,-1.400000e+02
-2.823893e+00,-1.400000e+02,-1.400000e+02,-1.400000e+02,-1.400000e+02
-2.819824e+00,-1.400000e+02,-1.400000e+02,-1.400000e+02,-1.400000e+02
-2.815755e+00,-1.400000e+02,-1.400000e+02,-1.400000e+02,-1.400000e+02
-2.811686e+00,-1.400000e+02,-1.400000e+02,-1.400000e+02,-1.400000e+02
-2.807617e+00,-1.400000e+02,-1.400000e+02,-1.400000e+02,-1.400000e+02
-2.803548e+00,-1.400000e+02,-1.400000e+02,-1.400000e+02,-1.400000e+02
-2.799479e+00,-1.400000e+02,-1.400000e+02,-1.400000e+02,-1.400000e+02
-2.795410e+00,-1.400000e+02,-1.400000e+02,-1.400000e+02,-1.400000e+02
-2.791341e+00,-1.400000e+02,-1.400000e+02,-1.400000e+02,-1.400000e+02
-2.787272e+00,-1.400000e+02,-1.400000e+02,-1.400000e+02,-1.400000e+02
-2.783203e+00,-1.400000e+02,-1.400000e+02,-1.400000e+02,-1.400000e+02
-2.779134e+00,-1.400000e+02,-1.400000e+02,-1.400000e+02,-1.400000e+02
-2.775065e+00,-1.400000e+02,-1.400000e+02,-1.400000e+02,-1.400000e+02
-2.770996e+00,-1.400000e+02,-1.400000e+02,-1.400000e+02,-1.400000e+02
-2.766927e+00,-1.400000e+02,-1.400000e+02,-1.400000e+02,-1.400000e+02
-2.762858e+00,-1.400000e+02,-1.400000e+02,-1.400000e+02,-1.400000e+02
-2.758789e+00,-1.400000e+02,-1.400000e+02,-1.400000e+02,-1.400000e+02
-2.754720e+00,-1.400000e+02,-1.400000e+02,-1.400000e+02,-1.400000e+02
-2.750651e+00,-1.400000e+02,-1.400000e+02,-1.400000e+02,-1.400000e+02
-2.746582e+00,-1.400000e+02,-1.400000e+02,-1.400000e+02,-1.400000e+02
-2.742513e+00,-1.400000e+02,-1.400000e+02,-1.400000e+02,-1.400000e+02
-2.738444e+00,-1.400000e+02,-1.400000e+02,-1.400000e+02,-1.400000e+02
-2.734375e+00,-1.400000e+02,-1.400000e+02,-1.400000e+02,-1.400000e+02
-2.730306e+00,-1.400000e+02,-1.400000e+02,-1.400000e+02,-1.400000e+02
-2.726237e+00,-1.400000e+02,-1.400000e+02,-1.400000e+02,-1.400000e+02
-2.722168e+00,-1.400000e+02,-1.400000e+02,-1.400000e+02,-1.400000e+02
-2.718099e+00,-1.400000e+02,-1.400000e+02,-1.400000e+02,-1.400000e+02
-2.714030e+00,-1.400000e+02,-1.400000e+02,-1.400000e+02,-1.400000e+02
-2.709961e+00,-1.400000e+02,-1.400000e+02,-1.400000e+02,-1.400000e+02
-2.705892e+00,-1.400000e+02,-1.400000e+02,-1.400000e+02,-1.400000e+02
-2.701823e+00,-1.400000e+02,-1.400000e+02,-1.400000e+02,-1.400000e+02
-2.697754e+00,-1.400000e+02,-1.400000e+02,-1.400000e+02,-1.400000e+02
-2.693685e+00,-1.400000e+02,-1.400000e+02,-1.400000e+02,-1.400000e+02
-2.689616e+00,-1.400000e+02,-1.400000e+02,-1.400000e+02,-1.400000e+02
-2.685547e+00,-1.400000e+02,-1.400000e+02,-1.400000e+02,-1.400000e+02
-2.681478e+00,-1.400000e+02,-1.400000e+02,-1.400000e+02,-1.400000e+02
-2.677409e+00,-1.400000e+02,-1.400000e+02,-1.400000e+02,-1.400000e+02
-2.673340e+00,-1.400000e+02,-1.400000e+02,-1.400000e+02,-1.400000e+02
-2.669271e+00,-1.400000e+02,-1.400000e+02,-1.400000e+02,-1.400000e+02
-2.665202e+00,-1.400000e+02,-1.400000e+02,-1.400000e+02,-1.400000e+02
-2.661133e+00,-1.400000e+02,-1.400000e+02,-1.400000e+02,-1.400000e+02
-2.657064e+00,-1.400000e+02,-1.400000e+02,-1.400000e+02,-1.400000e+02
-2.652995e+00,-1.400000e+02,-1.400000e+02,-1.400000e+02,-1.400000e+02
-2.648926e+00,-1.400000e+02,-1.400000e+02,-1.400000e+02,-1.400000e+02
-2.644857e+00,-1.400000e+02,-1.400000e+02,-1.400000e+02,-1.400000e+02
-2.640788e+00,-1.400000e+02,-1.400000e+02,-1.400000e+02,-1.400000e+02
-2.636719e+00,-1.400000e+02,-1.400000e+02,-1.400000e+02,-1.400000e+02
-2.632650e+00,-1.400000e+02,-1.400000e+02,-1.400000e+02,-1.400000e+02
-2.628581e+00,-1.400000e+02,-1.400000e+02,-1.400000e+02,-1.400000e+02
-2.624512e+00,-1.400000e+02,-1.400000e+02,-1.400000e+02,-1.400000e+02
-2.620443e+00,-1.400000e+02,-1.400000e+02,-1.400000e+02,-1.400000e+02
-2.616374e+00,-1.400000e+02,-1.400000e+02,-1.400000e+02,-1.400000e+02
-2.612305e+00,-1.400000e+02,-1.400000e+02,-1.400000e+02,-1.400000e+02
-2.608236e+00,-1.400000e+02,-1.400000e+02,-1.400000e+02,-1.400000e+02
-2.604167e+00,-1.400000e+02,-1.400000e+02,-1.400000e+02,-1.400000e+02
-2.600098e+00,-1.400000e+02,-1.400000e+02,-1.400000e+02,-1.400000e+02
-2.596029e+00,-1.400000e+02,-1.400000e+02,-1.400000e+02,-1.400000e+02
-2.591960e+00,-1.400000e+02,-1.400000e+02,-1.400000e+02,-1.400000e+02
-2.587891e+00,-1.400000e+02,-1.400000e+02,-1.400000e+02,-1.400000e+02
-2.583822e+00,-1.400000e+02,-1.400000e+02,-1.400000e+02,-1.400000e+02
-2.579753e+00,-1.400000e+02,-1.400000e+02,-1.400000e+02,-1.400000e+02
-2.575684e+00,-1.400000e+02,-1.400000e+02,-1.400000e+02,-1.400000e+02
-2.571615e+00,-1.400000e+02,-1.400000e+02,-1.400000e+02,-1.400000e+02
-2.567546e+00,-1.400000e+02,-1.400000e+02,-1.400000e+02,-1.400000e+02
-2.563477e+00,-1.400000e+02,-1.400000e+02,-1.400000e+02,-1.400000e+02
-2.559408e+00,-1.400000e+02,-1.400000e+02,-1.400000e+02,-1.400000e+02
-2.555339e+00,-1.400000e+02,-1.400000e+02,-1.400000e+02,-1.400000e+02
-2.551270e+00,-1.400000e+02,-1.400000e+02,-1.400000e+02,-1.400000e+02
-2.547201e+00,-1.400000e+02,-1.400000e+02,-1.400000e+02,-1.400000e+02
-2.543132e+00,-1.400000e+02,-1.400000e+02,-1.400000e+02,-1.400000e+02
-2.539062e+00,-1.400000e+02,-1.400000e+02,-1.400000e+02,-1.400000e+02
-2.534993e+00,-1.400000e+02,-1.400000e+02,-1.400000e+02,-1.400000e+02
-2.530924e+00,-1.400000e+02,-1.400000e+02,-1.400000e+02,-1.400000e+02
-2.526855e+00,-1.400000e+02,-1.400000e+02,-1.400000e+02,-1.400000e+02
-2.522786e+00,-1.400000e+02,-1.400000e+02,-1.400000e+02,-1.400000e+02
-2.518717e+00,-1.400000e+02,-1.400000e+02,-1.400000e+02,-1.400000e+02
-2.514648e+00,-1.400000e+02,-1.400000e+02,-1.400000e+02,-1.400000e+02
-2.510579e+00,-1.400000e+02,-1.400000e+02,-1.400000e+02,-1.400000e+02
-2.506510e+00,-1.400000e+02,-1.400000e+02,-1.400000e+02,-1.400000e+02
-2.502441e+00,-1.400000e+02,-1.400000e+02,-1.400000e+02,-1.400000e+02
-2.498372e+00,-1.400000e+02,-1.400000e+02,-1.400000e+02,-1.400000e+02
-2.494303e+00,-1.400000e+02,-1.400000e+02,-1.400000e+02,-1.400000e+02
-2.490234e+00,-1.400000e+02,-1.400000e+02,-1.400000e+02,-1.400000e+02
-2.486165e+00,-1.400000e+02,-1.400000e+02,-1.400000e+02,-1.400000e+02
-2.482096e+00,-1.400000e+02,-1.400000e+02,-1.400000e+02,-1.400000e+02
-2.478027e+00,-1.400000e+02,-1.400000e+02,-1.400000e+02,-1.400000e+02
-2.473958e+00,-1.400000e+02,-1.400000e+02,-1.400000e+02,-1.400000e+02
-2.469889e+00,-1.400000e+02,-1.400000e+02,-1.400000e+02,-1.400000e+02
-2.465820e+00,-1.400000e+02,-1.400000e+02,-1.400000e+02,-1.400000e+02
-2.461751e+00,-1.400000e+02,-1.400000e+02,-1.400000e+02,-1.400000e+02
-2.457682e+00,-1.400000e+02,-1.400000e+02,-1.400000e+02,-1.400000e+02
-2.453613e+00,-1.400000e+02,-1.400000e+02,-1.400000e+02,-1.400000e+02
-2.449544e+00,-1.400000e+02,-1.400000e+02,-1.400000e+02,-1.400000e+02
-2.445475e+00,-1.400000e+02,-1.400000e+02,-1.400000e+02,-1.400000e+02
-2.441406e+00,-1.400000e+02,-1.400000e+02,-1.400000e+02,-1.400000e+02
-2.437337e+00,-1.400000e+02,-1.400000e+02,-1.400000e+02,-1.400000e+02
-2.433268e+00,-1.400000e+02,-1.400000e+02,-1.400000e+02,-1.400000e+02
-2.429199e+00,-1.400000e+02,-1.400000e+02,-1.400000e+02,-1.400000e+02
-2.425130e+00,-1.400000e+02,-1.400000e+02,-1.400000e+02,-1.400000e+02
-2.421061e+00,-1.400000e+02,-1.400000e+02,-1.400000e+02,-1.400000e+02
-2.416992e+00,-1.400000e+02,-1.400000e+02,-1.400000e+02,-1.400000e+02
-2.412923e+00,-1.400000e+02,-1.400000e+02,-1.400000e+02,-1.400000e+02
-2.408854e+00,-1.400000e+02,-1.400000e+02,-1.400000e+02,-1.400000e+02
-2.404785e+00,-1.400000e+02,-1.400000e+02,-1.400000e+02,-1.400000e+02
-2.400716e+00,-1.400000e+02,-1.400000e+02,-1.400000e+02,-1.400000e+02
-2.396647e+00,-1.400000e+02,-1.400000e+02,-1.400000e+02,-1.400000e+02
-2.392578e+00,-1.400000e+02,-1.400000e+02,-1.400000e+02,-1.400000e+02
-2.388509e+00,-1.400000e+02,-1.400000e+02,-1.400000e+02,-1.400000e+02
-2.384440e+00,-1.400000e+02,-1.400000e+02,-1.400000e+02,-1.400000e+02
-2.380371e+00,-1.400000e+02,-1.400000e+02,-1.400000e+02,-1.400000e+02
-2.376302e+00,-1.400000e+02,-1.400000e+02,-1.400000e+02,-1.400000e+02
-2.372233e+00,-1.400000e+02,-1.400000e+02,-1.400000e+02,-1.400000e+02
-2.368164e+00,-1.400000e+02,-1.400000e+02,-1.400000e+02,-1.400000e+02
-2.364095e+00,-1.400000e+02,-1.400000e+02,-1.400000e+02,-1.400000e+02
-2.360026e+00,-1.400000e+02,-1.400000e+02,-1.400000e+02,-1.400000e+02
-2.355957e+00,-1.400000e+02,-1.400000e+02,-1.400000e+02,-1.400000e+02
-2.351888e+00,-1.400000e+02,-1.400000e+02,-1.400000e+02,-1.400000e+02
-2.347819e+00,-1.400000e+02,-1.400000e+02,-1.400000e+02,-1.400000e+02
-2.343750e+00,-1.400000e+02,-1.400000e+02,-1.400000e+02,-1.400000e+02
-2.339681e+00,-1.400000e+02,-1.400000e+02,-1.400000e+02,-1.400000e+02
-2.335612e+00,-1.400000e+02,-1.400000e+02,-1.400000e+02,-1.400000e+02
-2.331543e+00,-1.400000e+02,-1.400000e+02,-1.400000e+02,-1.400000e+02
-2.327474e+00,-1.400000e+02,-1.400000e+02,-1.400000e+02,-1.400000e+02
-2.323405e+00,-1.400000e+02,-1.400000e+02,-1.400000e+02,-1.400000e+02
-2.319336e+00,-1.400000e+02,-1.400000e+02,-1.400000e+02,-1.400000e+02
-2.315267e+00,-1.400000e+02,-1.400000e+02,-1.400000e+02,-1.400000e+02
-2.311198e+00,-1.400000e+02,-1.400000e+02,-1.400000e+02,-1.400000e+02
-2.307129e+00,-1.400000e+02,-1.400000e+02,-1.400000e+02,-1.400000e+02
-2.303060e+00,-1.400000e+02,-1.400000e+02,-1.400000e+02,-1.400000e+02
-2.298991e+00,-1.400000e+02,-1.400000e+02,-1.400000e+02,-1.400000e+02
-2.294922e+00,-1.400000e+02,-1.400000e+02,-1.400000e+02,-1.400000e+02
-2.290853e+00,-1.400000e+02,-1.400000e+02,-1.400000e+02,-1.400000e+02
-2.286784e+00,-1.400000e+02,-1.400000e+02,-1.400000e+02,-1.400000e+02
-2.282715e+00,-1.400000e+02,-1.400000e+02,-1.400000e+02,-1.400000e+02
-2.278646e+00,-1.400000e+02,-1.400000e+02,-1.400000e+02,-1.400000e+02
-2.274577e+00,-1.400000e+02,-1.400000e+02,-1.400000e+02,-1.400000e+02
-2.270508e+00,-1.400000e+02,-1.400000e+02,-1.400000e+02,-1.400000e+02
-2.266439e+00,-1.400000e+02,-1.400000e+02,-1.400000e+02,-1.400000e+02
-2.262370e+00,-1.400000e+02,-1.400000e+02,-1.400000e+02,-1.400000e+02
-2.258301e+00,-1.400000e+02,-1.400000e+02,-1.400000e+02,-1.400000e+02
-2.254232e+00,-1.400000e+02,-1.400000e+02,-1.400000e+02,-1.400000e+02
-2.250163e+00,-1.400000e+02,-1.400000e+02,-1.400000e+02,-1.400000e+02
-2.246094e+00,-1.400000e+02,-1.400000e+02,-1.400000e+02,-1.400000e+02
-2.242025e+00,-1.400000e+02,-1.400000e+02,-1.400000e+02,-1.400000e+02
-2.237956e+00,-1.400000e+02,-1.400000e+02,-1.400000e+02,-1.400000e+02
-2.233887e+00,-1.400000e+02,-1.400000e+02,-1.400000e+02,-1.400000e+02
-2.229818e+00,-1.400000e+02,-1.400000e+02,-1.400000e+02,-1.400000e+02
-2.225749e+00,-1.400000e+02,-1.400000e+02,-1.400000e+02,-1.400000e+02
-2.221680e+00,-1.400000e+02,-1.400000e+02,-1.400000e+02,-1.400000e+02
-2.217611e+00,-1.400000e+02,-1.400000e+02,-1.400000e+02,-1.400000e+02
-2.213542e+00,-1.400000e+02,-1.400000e+02,-1.400000e+02,-1.400000e+02
-2.209473e+00,-1.400000e+02,-1.400000e+02,-1.400000e+02,-1.400000e+02
-2.205404e+00,-1.400000e+02,-1.400000e+02,-1.400000e+02,-1.400000e+02
-2.201335e+00,-1.400000e+02,-1.400000e+02,-1.400000e+02,-1.400000e+02
-2.197266e+00,-1.400000e+02,-1.400000e+02,-1.400000e+02,-1.400000e+02
-2.193197e+00,-1.400000e+02,-1.400000e+02,-1.400000e+02,-1.400000e+02
-2.189128e+00,-1.400000e+02,-1.400000e+02,-1.400000e+02,-1.400000e+02
-2.185059e+00,-1.400000e+02,-1.400000e+02,-1.400000e+02,-1.400000e+02
-2.180990e+00,-1.400000e+02,-1.400000e+02,-1.400000e+02,-1.400000e+02
-2.176921e+00,-1.400000e+02,-1.400000e+02,-1.400000e+02,-1.400000e+02
-2.172852e+00,-1.400000e+02,-1.400000e+02,-1.400000e+02,-1.400000e+02
-2.168783e+00,-1.400000e+02,-1.400000e+02,-1.400000e+02,-1.400000e+02
-2.164714e+00,-1.400000e+02,-1.400000e+02,-1.400000e+02,-1.400000e+02
-2.160645e+00,-1.400000e+02,-1.400000e+02,-1.400000e+02,-1.400000e+02
-2.156576e+00,-1.400000e+02,-1.400000e+02,-1.400000e+02,-1.400000e+02
-2.152507e+00,-1.400000e+02,-1.400000e+02,-1.400000e+02,-1.400000e+02
-2.148438e+00,-1.400000e+02,-1.400000e+02,-1.400000e+02,-1.400000e+02
-2.144368e+00,-1.400000e+02,-1.400000e+02,-1.400000e+02,-1.400000e+02
-2.140299e+00,-1.400000e+02,-1.400000e+02,-1.400000e+02,-1.400000e+02
-2.136230e+00,-1.400000e+02,-1.400000e+02,-1.400000e+02,-1.400000e+02
-2.132161e+00,-1.400000e+02,-1.400000e+02,-1.400000e+02,-1.400000e+02
-2.128092e+00,-1.400000e+02,-1.400000e+02,-1.400000e+02,-1.400000e+02
-2.124023e+00,-1.400000e+02,-1.400000e+02,-1.400000e+02,-1.400000e+02
-2.119954e+00,-1.400000e+02,-1.400000e+02,-1.400000e+02,-1.400000e+02
-2.115885e+00,-1.400000e+02,-1.400000e+02,-1.400000e+02,-1.400000e+02
-2.111816e+00,-1.400000e+02,-1.400000e+02,-1.400000e+02,-1.400000e+02
-2.107747e+00,-1.400000e+02,-1.400000e+02,-1.400000e+02,-1.400000e+02
-2.103678e+00,-1.400000e+02,-1.400000e+02,-1.400000e+02,-1.400000e+02
-2.099609e+00,-1.400000e+02,-1.400000e+02,-1.400000e+02,-1.400000e+02
-2.095540e+00,-1.400000e+02,-1.400000e+02,-1.400000e+02,-1.400000e+02
-2.091471e+00,-1.400000e+02,-1.400000e+02,-1.400000e+02,-1.400000e+02
-2.087402e+00,-1.400000e+02,-1.400000e+02,-1.400000e+02,-1.400000e+02
-2.083333e+00,-1.400000e+02,-1.400000e+02,-1.400000e+02,-1.400000e+02
-2.079264e+00,-6.565586e+01,-6.554376e+01,-6.924762e+01,-6.806587e+01
-2.075195e+00,-7.031929e+01,-7.712405e+01,-6.804062e+01,-6.697535e+01
-2.071126e+00,-6.876521e+01,-6.555452e+01,-6.920520e+01,-6.771317e+01
-2.067057e+00,-6.648996e+01,-7.910865e+01,-7.423093e+01,-7.118011e+01
-2.062988e+00,-7.503360e+01,-6.802250e+01,-8.291249e+01,-1.064147e+02
-2.058919e+00,-6.545472e+01,-6.589881e+01,-6.868618e+01,-6.961541e+01
-2.054850e+00,-8.974355e+01,-7.068954e+01,-6.627169e+01,-6.621857e+01
-2.050781e+00,-6.534964e+01,-1.088899e+02,-7.253191e+01,-7.268604e+01
-2.046712e+00,-8.691133e+01,-7.267656e+01,-7.183673e+01,-7.077044e+01
-2.042643e+00,-6.542943e+01,-6.876549e+01,-6.630619e+01,-6.660343e+01
-2.038574e+00,-8.541860e+01,-6.744626e+01,-8.041915e+01,-9.296107e+01
-2.034505e+00,-6.542639e+01,-6.712599e+01,-6.711694e+01,-6.628764e+01
-2.030436e+00,-1.039751e+02,-6.743594e+01,-7.101773e+01,-8.053196e+01
-2.026367e+00,-6.550013e+01,-6.860253e+01,-6.864735e+01,-6.640374e+01
-2.022298e+00,-7.754274e+01,-7.168586e+01,-6.964376e+01,-8.395762e+01
-2.018229e+00,-6.625869e+01,-8.252640e+01,-6.859007e+01,-6.623180e+01
-2.014160e+00,-7.021862e+01,-7.526734e+01,-7.111131e+01,-8.009319e+01
-2.010091e+00,-6.911561e+01,-6.781651e+01,-6.712642e+01,-6.720205e+01
-2.006022e+00,-6.645676e+01,-6.618799e+01,-7.893242e+01,-6.925245e+01
-2.001953e+00,-8.141879e+01,-7.044970e+01,-6.622194e+01,-7.417061e+01
-1.997884e+00,-6.566660e+01,-7.840207e+01,-7.531316e+01,-6.622270e+01
-1.993815e+00,-7.154892e+01,-6.665754e+01,-6.877568e+01,-7.264486e+01
-1.989746e+00,-6.989504e+01,-6.892398e+01,-6.698315e+01,-7.195505e+01
-1.985677e+00,-6.582046e+01,-7.546659e+01,-9.172871e+01,-6.621759e+01
-1.981608e+00,-7.862786e+01,-6.620643e+01,-6.768596e+01,-7.043578e+01
-1.977539e+00,-6.803596e+01,-8.005269e+01,-6.706554e+01,-7.875734e+01
-1.973470e+00,-6.613818e+01,-6.679780e+01,-8.195735e+01,-6.722819e+01
-1.969401e+00,-7.917607e+01,-7.355018e+01,-6.941487e+01,-6.669759e+01
-1.965332e+00,-6.875236e+01,-6.713672e+01,-6.620104e+01,-7.320076e+01
-1.961263e+00,-6.578028e+01,-7.471936e+01,-7.046819e+01,-7.770278e+01
-1.957194e+00,-7.228039e+01,-6.649697e+01,-8.284199e+01,-6.791046e+01
-1.953125e+00,-7.378378e+01,-9.345332e+01,-6.820326e+01,-6.618751e+01
-1.949056e+00,-6.611931e+01,-6.645646e+01,-6.617831e+01,-6.822170e+01
-1.944987e+00,-6.695846e+01,-7.162414e+01,-6.893733e+01,-7.592417e+01
-1.940918e+00,-7.775449e+01,-7.116709e+01,-8.222974e+01,-7.968853e+01
-1.936849e+00,-7.196002e+01,-6.630731e+01,-7.316850e+01,-6.976748e+01
-1.932780e+00,-6.623062e+01,-7.468208e+01,-6.739123e+01,-6.678269e+01
-1.928711e+00,-6.638070e+01,-7.119407e+01,-6.613407e+01,-6.616914e+01
-1.924642e+00,-7.168805e+01,-6.622658e+01,-6.747694e+01,-6.715559e+01
-1.920573e+00,-8.537465e+01,-6.962343e+01,-7.186078e+01,-6.973305e+01
-1.916504e+00,-6.952574e+01,-8.871003e+01,-8.703935e+01,-7.477324e+01
-1.912435e+00,-6.618032e+01,-6.878790e+01,-7.587181e+01,-8.967472e+01
-1.908366e+00,-6.609791e+01,-6.620768e+01,-6.971115e+01,-7.953595e+01
-1.904297e+00,-6.861897e+01,-6.808313e+01,-6.718693e+01,-7.305537e+01
-1.900228e+00,-7.548963e+01,-7.602182e+01,-6.620469e+01,-7.005148e+01
-1.896159e+00,-8.515012e+01,-7.905633e+01,-6.616867e+01,-6.836025e+01
-1.892090e+00,-7.192420e+01,-6.962116e+01,-6.682600e+01,-6.736139e+01
-1.888021e+00,-6.798612e+01,-6.679080e+01,-6.805641e+01,-6.677447e+01
-1.883952e+00,-6.633984e+01,-6.618643e+01,-6.981272e+01,-6.644189e+01
-1.879883e+00,-6.589436e+01,-6.694479e+01,-7.210628e+01,-6.626441e+01
-1.875814e+00,-6.624887e+01,-6.880716e+01,-7.501788e+01,-6.617727e+01
-1.871745e+00,-6.720794e+01,-7.181978e+01,-7.874529e+01,-6.614045e+01
-1.867676e+00,-6.866128e+01,-7.647594e+01,-8.375596e+01,-6.613446e+01
-1.863607e+00,-7.053833e+01,-8.509596e+01,-9.146125e+01,-6.615854e+01
-1.859538e+00,-7.277971e+01,-9.365334e+01,-1.167782e+02,-6.622978e+01
-1.855469e+00,-7.530065e+01,-8.226110e+01,-9.923498e+01,-6.638322e+01
-1.851400e+00,-7.792224e+01,-7.890380e+01,-9.957858e+01,-6.667371e+01
-1.847331e+00,-8.025611e+01,-7.767160e+01,-1.117010e+02,-6.718164e+01
-1.843262e+00,-8.164479e+01,-7.774089e+01,-9.098238e+01,-6.802763e+01
-1.839193e+00,-8.149148e+01,-7.912561e+01,-8.358738e+01,-6.941000e+01
-1.835124e+00,-7.987565e+01,-8.270807e+01,-7.872966e+01,-7.171473e+01
-1.831055e+00,-7.745760e+01,-9.520585e+01,-7.510557e+01,-7.595800e+01
-1.826986e+00,-7.485038e+01,-8.497151e+01,-7.226753e+01,-8.809985e+01
-1.822917e+00,-7.239134e+01,-7.672440e+01,-7.001852e+01,-8.049732e+01
-1.818848e+00,-7.023309e+01,-7.220074e+01,-6.826908e+01,-7.269657e+01
-1.814779e+00,-6.845139e+01,-6.922177e+01,-6.699011e+01,-6.892530e+01
-1.810710e+00,-6.710550e+01,-6.727213e+01,-6.619743e+01,-6.685952e+01
-1.806641e+00,-6.627141e+01,-6.622537e+01,-6.595365e+01,-6.601547e+01
-1.802572e+00,-6.607143e+01,-6.615344e+01,-6.639026e+01,-6.637714e+01
-1.798503e+00,-6.672745e+01,-6.736199e+01,-6.777680e+01,-6.831729e+01
-1.794434e+00,-6.871324e+01,-7.076078e+01,-7.076544e+01,-7.328609e+01
-1.790365e+00,-7.343996e+01,-8.125040e+01,-7.785437e+01,-1.389477e+02
-1.786296e+00,-9.849796e+01,-7.657804e+01,-8.434456e+01,-7.290744e+01
-1.782227e+00,-7.375082e+01,-6.884622e+01,-7.201771e+01,-6.772658e+01
-1.778158e+00,-6.815152e+01,-6.623818e+01,-6.777924e+01,-6.599874e+01
-1.774089e+00,-6.619336e+01,-6.649247e+01,-6.606107e+01,-6.672551e+01
-1.770020e+00,-6.681658e+01,-7.041317e+01,-6.620836e+01,-7.086048e+01
-1.765951e+00,-7.116366e+01,-9.817186e+01,-6.860669e+01,-9.534249e+01
-1.761882e+00,-1.013640e+02,-7.065192e+01,-7.601773e+01,-7.148086e+01
-1.757813e+00,-7.037530e+01,-6.629591e+01,-7.959433e+01,-6.665358e+01
-1.753743e+00,-6.637321e+01,-6.679411e+01,-6.917661e+01,-6.612861e+01
-1.749674e+00,-6.712642e+01,-7.391613e+01,-6.614242e+01,-6.973274e+01
-1.745605e+00,-7.512544e+01,-7.539740e+01,-6.633593e+01,-9.606086e+01
-1.741536e+00,-7.419310e+01,-6.683636e+01,-7.037901e+01,-7.018224e+01
-1.737467e+00,-6.672831e+01,-6.651148e+01,-1.054277e+02,-6.607576e+01
-1.733398e+00,-6.715907e+01,-7.457097e+01,-7.038035e+01,-6.710277e+01
-1.729329e+00,-7.890954e+01,-7.266696e+01,-6.615269e+01,-7.623915e+01
-1.725260e+00,-7.034755e+01,-6.610942e+01,-6.657357e+01,-7.300438e+01
-1.721191e+00,-6.616755e+01,-6.818650e+01,-7.291699e+01,-6.635478e+01
-1.717122e+00,-7.133872e+01,-9.162143e+01,-7.744233e+01,-6.684212e+01
-1.713053e+00,-7.416652e+01,-6.736566e+01,-6.726387e+01,-7.688962e+01
-1.708984e+00,-6.625631e+01,-6.663489e+01,-6.595925e+01,-7.143821e+01
-1.704915e+00,-7.056346e+01,-8.172566e+01,-7.079705e+01,-6.595369e+01
-1.700846e+00,-7.356774e+01,-6.828002e+01,-7.975658e+01,-6.824508e+01
-1.696777e+00,-6.618751e+01,-6.635436e+01,-6.717433e+01,-9.570050e+01
-1.692708e+00,-7.389337e+01,-8.123030e+01,-6.611454e+01,-6.766755e+01
-1.688639e+00,-6.942077e+01,-6.785354e+01,-7.324801e+01,-6.620550e+01
-1.684570e+00,-6.693990e+01,-6.677943e+01,-7.324611e+01,-7.564255e+01
-1.680501e+00,-8.745985e+01,-1.012330e+02,-6.600930e+01,-7.034878e+01
-1.676432e+00,-6.638170e+01,-6.654628e+01,-6.780052e+01,-6.580403e+01
-1.672363e+00,-7.325805e+01,-6.871816e+01,-1.010573e+02,-7.170468e+01
-1.668294e+00,-6.843000e+01,-7.409485e+01,-6.745232e+01,-7.243508e+01
-1.664225e+00,-6.848010e+01,-6.581321e+01,-6.626482e+01,-6.579097e+01
-1.660156e+00,-7.212746e+01,-7.648949e+01,-7.817322e+01,-7.102061e+01
-1.656087e+00,-6.693175e+01,-6.753386e+01,-6.897560e+01,-7.235514e+01
-1.652018e+00,-7.670294e+01,-6.784930e+01,-6.587089e+01,-6.575884e+01
-1.647949e+00,-6.646539e+01,-7.426577e+01,-7.523420e+01,-7.258326e+01
-1.643880e+00,-8.006773e+01,-6.584383e+01,-6.940953e+01,-7.019090e+01
-1.639811e+00,-6.639979e+01,-8.501918e+01,-6.585885e+01,-6.592285e+01
-1.635742e+00,-7.894856e+01,-6.623410e+01,-7.674452e+01,-7.905363e+01
-1.631673e+00,-6.660698e+01,-7.170075e+01,-6.840556e+01,-6.753473e+01
-1.627604e+00,-7.463121e+01,-6.814591e+01,-6.624263e+01,-6.715418e+01
-1.623535e+00,-6.743503e+01,-6.804904e+01,-8.838966e+01,-8.037753e+01
-1.619466e+00,-7.031987e+01,-7.132662e+01,-6.674167e+01,-6.583575e+01
-1.615397e+00,-6.997634e+01,-6.653623e+01,-6.778435e+01,-7.191355e+01
-1.611328e+00,-6.728865e+01,-7.584602e+01,-7.654257e+01,-6.916409e+01
-1.607259e+00,-7.904673e+01,-6.593278e+01,-6.564898e+01,-6.650636e+01
-1.603190e+00,-6.623989e+01,-8.211582e+01,-7.312957e+01,-8.314077e+01
-1.599121e+00,-7.498681e+01,-6.573603e+01,-6.849539e+01,-6.576505e+01
-1.595052e+00,-6.872940e+01,-9.071738e+01,-6.663674e+01,-7.379963e+01
-1.590983e+00,-6.720409e+01,-6.568810e+01,-8.077606e+01,-6.763298e+01
-1.586914e+00,-9.193987e+01,-9.653478e+01,-6.564047e+01,-6.793645e+01
-1.582845e+00,-6.691766e+01,-6.567674e+01,-7.409303e+01,-7.237502e+01
-1.578776e+00,-6.854652e+01,-8.899591e+01,-6.748752e+01,-6.599214e+01
-1.574707e+00,-8.073002e+01,-6.571172e+01,-6.782729e+01,-8.582763e+01
-1.570638e+00,-6.677359e+01,-8.090709e+01,-7.248022e+01,-6.565294e+01
-1.566569e+00,-6.816900e+01,-6.591860e+01,-6.584586e+01,-7.878361e+01
-1.562500e+00,-9.434177e+01,-7.509012e+01,-8.889960e+01,-6.618958e+01
-1.558431e+00,-6.787657e+01,-6.655085e+01,-6.558579e+01,-7.232124e+01
-1.554362e+00,-6.662291e+01,-7.088737e+01,-7.705975e+01,-6.719504e+01
-1.550293e+00,-7.443969e+01,-6.807411e+01,-6.628310e+01,-6.965099e+01
-1.546224e+00,-7.364770e+01,-6.792269e+01,-7.126439e+01,-6.834124e+01
-1.542155e+00,-6.668399e+01,-7.157909e+01,-6.752231e+01,-6.834226e+01
-1.538086e+00,-6.710877e+01,-6.611023e+01,-6.879766e+01,-6.930850e+01
-1.534017e+00,-7.477223e+01,-8.277498e+01,-6.896173e+01,-6.774041e+01
-1.529948e+00,-7.606541e+01,-6.561081e+01,-6.758633e+01,-6.980644e+01
-1.525879e+00,-6.767639e+01,-7.591225e+01,-7.023843e+01,-6.760114e+01
-1.521810e+00,-6.622857e+01,-6.698635e+01,-6.701993e+01,-6.966992e+01
-1.517741e+00,-6.847772e+01,-6.831568e+01,-7.097624e+01,-6.787286e+01
-1.513672e+00,-7.690060e+01,-7.228455e+01,-6.685507e+01,-6.894453e+01
-1.509603e+00,-7.819379e+01,-6.570894e+01,-7.091821e+01,-6.866260e+01
-1.505534e+00,-6.932071e+01,-8.435607e+01,-6.702584e+01,-6.785848e+01
-1.501465e+00,-6.661953e+01,-6.638227e+01,-7.008509e+01,-7.030434e+01
-1.497396e+00,-6.626855e+01,-6.871575e+01,-6.760759e+01,-6.671499e+01
-1.493327e+00,-6.763181e+01,-7.261181e+01,-6.875863e+01,-7.371788e+01
-1.489258e+00,-7.091004e+01,-6.556216e+01,-6.885380e+01,-6.581996e+01
-1.485189e+00,-7.795443e+01,-7.678378e+01,-6.731184e+01,-8.349930e+01
-1.481120e+00,-8.984356e+01,-6.758881e+01,-7.139357e+01,-6.549088e+01
-1.477051e+00,-7.523495e+01,-6.665557e+01,-6.609002e+01,-7.934812e+01
-1.472982e+00,-7.085435e+01,-8.654548e+01,-7.740300e+01,-6.615237e+01
-1.468913e+00,-6.862456e+01,-6.600163e+01,-6.541287e+01,-7.054613e+01
-1.464844e+00,-6.738532e+01,-6.852005e+01,-8.760238e+01,-6.864987e+01
-1.460775e+00,-6.670312e+01,-7.519045e+01,-6.566607e+01,-6.676609e+01
-1.456706e+00,-6.635297e+01,-6.555090e+01,-7.229244e+01,-7.622401e+01
-1.452637e+00,-6.619609e+01,-7.020889e+01,-6.754784e+01,-6.544452e+01
-1.448568e+00,-6.614022e+01,-7.254269e+01,-6.736451e+01,-7.810621e+01
-1.444499e+00,-6.612546e+01,-6.546269e+01,-7.327823e+01,-6.665377e+01
-1.440430e+00,-6.611971e+01,-7.079806e+01,-6.542154e+01,-6.815190e+01
-1.436361e+00,-6.611763e+01,-7.237500e+01,-8.362242e+01,-7.282798e+01
-1.432292e+00,-6.614052e+01,-6.546097e+01,-6.605732e+01,-6.546003e+01
-1.428223e+00,-6.623684e+01,-6.992241e+01,-6.898581e+01,-7.834535e+01
-1.424154e+00,-6.648489e+01,-7.446693e+01,-7.105441e+01,-6.694903e+01
-1.420085e+00,-6.700198e+01,-6.563355e+01,-6.547464e+01,-6.718151e+01
-1.416016e+00,-6.797069e+01,-6.812978e+01,-8.265366e+01,-7.786112e+01
-1.411947e+00,-6.971480e+01,-8.238563e+01,-6.637826e+01,-6.547475e+01
-1.407878e+00,-7.297281e+01,-6.643467e+01,-6.760148e+01,-7.079466e+01
-1.403809e+00,-8.065364e+01,-6.633602e+01,-7.545277e+01,-7.053184e+01
-1.399740e+00,-8.409854e+01,-7.997680e+01,-6.527688e+01,-6.544273e+01
-1.395671e+00,-7.291789e+01,-6.894060e+01,-7.156340e+01,-7.585860e+01
-1.391602e+00,-6.854397e+01,-6.538593e+01,-6.973772e+01,-6.817835e+01
-1.387533e+00,-6.647147e+01,-7.001037e+01,-6.538334e+01,-6.580255e+01
-1.383464e+00,-6.609934e+01,-7.745268e+01,-7.686607e+01,-8.114329e+01
-1.379395e+00,-6.768939e+01,-6.628357e+01,-6.780767e+01,-6.740302e+01
-1.375326e+00,-7.296672e+01,-6.605896e+01,-6.573623e+01,-6.597324e+01
-1.371257e+00,-8.897256e+01,-7.512898e+01,-8.166783e+01,-8.218617e+01
-1.367188e+00,-7.047579e+01,-7.172231e+01,-6.725425e+01,-6.753063e+01
-1.363118e+00,-6.647153e+01,-6.560990e+01,-6.581465e+01,-6.575258e+01
-1.359049e+00,-6.638574e+01,-6.673310e+01,-8.105935e+01,-7.757323e+01
-1.354980e+00,-7.089567e+01,-7.849317e+01,-6.760246e+01,-6.867845e+01
-1.350911e+00,-8.657185e+01,-7.077138e+01,-6.551040e+01,-6.535237e+01
-1.346842e+00,-6.865918e+01,-6.554989e+01,-7.585745e+01,-7.219232e+01
-1.342773e+00,-6.594740e+01,-6.655727e+01,-6.916692e+01,-7.195520e+01
-1.338704e+00,-6.911636e+01,-7.599642e+01,-6.514587e+01,-6.534743e+01
-1.334635e+00,-9.064430e+01,-7.265634e+01,-7.071095e+01,-6.805678e+01
-1.330566e+00,-6.794111e+01,-6.600069e+01,-7.369492e+01,-8.524344e+01
-1.326497e+00,-6.614624e+01,-6.571383e+01,-6.541816e+01,-6.675043e+01
-1.322428e+00,-7.372878e+01,-7.088940e+01,-6.699508e+01,-6.561883e+01
-1.318359e+00,-7.175276e+01,-8.220816e+01,-9.321204e+01,-7.342147e+01
-1.314290e+00,-6.589234e+01,-6.793474e+01,-6.763102e+01,-7.231836e+01
-1.310221e+00,-7.075003e+01,-6.527583e+01,-6.514857e+01,-6.551603e+01
-1.306152e+00,-7.324551e+01,-6.683797e+01,-7.026521e+01,-6.659644e+01
-1.302083e+00,-6.586030e+01,-7.493105e+01,-7.690867e+01,-7.922693e+01
-1.298014e+00,-7.210324e+01,-7.568009e+01,-6.611379e+01,-7.009269e+01
-1.293945e+00,-7.034846e+01,-6.712795e+01,-6.550523e+01,-6.529681e+01
-1.289876e+00,-6.607400e+01,-6.522419e+01,-7.234411e+01,-6.680803e+01
-1.285807e+00,-8.416737e+01,-6.680417e+01,-7.453709e+01,-7.881042e+01
-1.281738e+00,-6.671438e+01,-7.364144e+01,-6.595165e+01,-7.088688e+01
-1.277669e+00,-6.910680e+01,-7.938728e+01,-6.540311e+01,-6.550124e+01
-1.273600e+00,-7.136272e+01,-6.833429e+01,-7.102352e+01,-6.596374e+01
-1.269531e+00,-6.620904e+01,-6.543621e+01,-7.861371e+01,-7.280399e+01
-1.265462e+00,-8.452906e+01,-6.563237e+01,-6.690195e+01,-7.646260e+01
-1.261393e+00,-6.575121e+01,-6.889402e+01,-6.498551e+01,-6.682884e+01
-1.257324e+00,-7.999362e+01,-8.020654e+01,-6.773279e+01,-6.510628e+01
-1.253255e+00,-6.611513e+01,-7.461755e+01,-8.245245e+01,-6.758330e+01
-1.249186e+00,-7.438340e+01,-6.760873e+01,-7.082643e+01,-7.911209e+01
-1.245117e+00,-6.647853e+01,-6.535894e+01,-6.559293e+01,-7.257358e+01
-1.241048e+00,-7.325221e+01,-6.548525e+01,-6.521095e+01,-6.625891e+01
-1.236979e+00,-6.641641e+01,-6.790604e+01,-6.885452e+01,-6.508993e+01
-1.232910e+00,-7.476399e+01,-7.455303e+01,-8.743407e+01,-6.731326e+01
-1.228841e+00,-6.596494e+01,-8.398116e+01,-7.088654e+01,-7.576561e+01
-1.224772e+00,-8.177108e+01,-7.057120e+01,-6.583284e+01,-7.631623e+01
-1.220703e+00,-6.561041e+01,-6.660528e+01,-6.494103e+01,-6.762349e+01
-1.216634e+00,-8.089413e+01,-6.519966e+01,-6.704536e+01,-6.516977e+01
-1.212565e+00,-6.624376e+01,-6.545235e+01,-7.429555e+01,-6.552128e+01
-1.208496e+00,-7.016806e+01,-6.734275e+01,-7.929844e+01,-6.872737e+01
-1.204427e+00,-6.975174e+01,-7.172807e+01,-6.853515e+01,-7.898304e+01
-1.200358e+00,-6.610373e+01,-8.539493e+01,-6.537752e+01,-7.574042e+01
-1.196289e+00,-1.014849e+02,-7.621619e+01,-6.492317e+01,-6.806263e+01
-1.192220e+00,-6.607504e+01,-6.944984e+01,-6.667191e+01,-6.543008e+01
-1.188151e+00,-6.872713e+01,-6.653284e+01,-7.167835e+01,-6.502995e+01
-1.184082e+00,-7.422986e+01,-6.527099e+01,-1.020091e+02,-6.647452e+01
-1.180013e+00,-6.550523e+01,-6.512590e+01,-7.238977e+01,-7.038928e+01
-1.175944e+00,-7.048679e+01,-6.596516e+01,-6.718390e+01,-8.178381e+01
-1.171875e+00,-7.277111e+01,-6.790794e+01,-6.514989e+01,-7.664629e+01
-1.167806e+00,-6.548280e+01,-7.150422e+01,-6.482225e+01,-6.920633e+01
-1.163737e+00,-6.906292e+01,-7.918881e+01,-6.591799e+01,-6.620452e+01
-1.159668e+00,-7.834487e+01,-8.589583e+01,-6.871314e+01,-6.501535e+01
-1.155599e+00,-6.621358e+01,-7.388851e+01,-7.478883e+01,-6.504848e+01
-1.151530e+00,-6.624991e+01,-6.953265e+01,-9.424218e+01,-6.618666e+01
-1.147461e+00,-7.657152e+01,-6.716705e+01,-7.347035e+01,-6.863991e+01
-1.143392e+00,-7.114555e+01,-6.582438e+01,-6.851742e+01,-7.333608e+01
-1.139323e+00,-6.558255e+01,-6.515587e+01,-6.611452e+01,-8.672623e+01
-1.135254e+00,-6.642490e+01,-6.500138e+01,-6.497460e+01,-7.835968e+01
-1.131185e+00,-7.453435e+01,-6.528303e+01,-6.468919e+01,-7.132891e+01
-1.127116e+00,-7.490068e+01,-6.597088e+01,-6.510252e+01,-6.805059e+01
-1.123047e+00,-6.678849e+01,-6.707404e+01,-6.618451e+01,-6.622472e+01
-1.118978e+00,-6.522814e+01,-6.864819e+01,-6.801972e+01,-6.523697e+01
-1.114909e+00,-6.708233e+01,-7.082742e+01,-7.089066e+01,-6.483132e+01
-1.110840e+00,-7.386408e+01,-7.392336e+01,-7.567075e+01,-6.487938e+01
-1.106771e+00,-8.165788e+01,-7.881782e+01,-8.736726e+01,-6.531300e+01
-1.102702e+00,-6.955926e+01,-9.036566e+01,-8.265476e+01,-6.610004e+01
-1.098633e+00,-6.608978e+01,-8.615149e+01,-7.487894e+01,-6.723644e+01
-1.094564e+00,-6.511448e+01,-7.823146e+01,-7.123456e+01,-6.874806e+01
-1.090495e+00,-6.569780e+01,-7.448352e+01,-6.901204e+01,-7.070362e+01
-1.086426e+00,-6.768066e+01,-7.213791e+01,-6.753243e+01,-7.325130e+01
-1.082357e+00,-7.146411e+01,-7.051363e+01,-6.651294e+01,-7.672740e+01
-1.078288e+00,-7.929700e+01,-6.933221e+01,-6.580448e+01,-8.209498e+01
-1.074219e+00,-8.730973e+01,-6.845039e+01,-6.531614e+01,-9.519434e+01
-1.070150e+00,-7.513128e+01,-6.778380e+01,-6.498674e+01,-8.866547e+01
-1.066081e+00,-7.098486e+01,-6.727812e+01,-6.477209e+01,-8.154026e+01
-1.062012e+00,-6.877313e+01,-6.689626e+01,-6.463875e+01,-7.819612e+01
-1.057943e+00,-6.746504e+01,-6.661202e+01,-6.456081e+01,-7.619796e+01
-1.053874e+00,-6.667189e+01,-6.640663e+01,-6.451813e+01,-7.492253e+01
-1.049805e+00,-6.620100e+01,-6.626685e+01,-6.449549e+01,-7.411997e+01
-1.045736e+00,-6.594648e+01,-6.618382e+01,-6.448217e+01,-7.367226e+01
-1.041667e+00,-6.585326e+01,-6.615244e+01,-6.447177e+01,-7.352414e+01
-1.037598e+00,-6.590411e+01,-6.617105e+01,-6.446219e+01,-7.365940e+01
-1.033529e+00,-6.611626e+01,-6.624131e+01,-6.445560e+01,-7.409488e+01
-1.029460e+00,-6.654478e+01,-6.636832e+01,-6.445849e+01,-7.488674e+01
-1.025391e+00,-6.729555e+01,-6.656095e+01,-6.448165e+01,-7.615462e+01
-1.021322e+00,-6.856126e+01,-6.683246e+01,-6.454039e+01,-7.815221e+01
-1.017253e+00,-7.073059e+01,-6.720161e+01,-6.465493e+01,-8.151542e+01
-1.013184e+00,-7.483461e+01,-6.769461e+01,-6.485132e+01,-8.876574e+01
-1.009115e+00,-8.697064e+01,-6.834857e+01,-6.516314e+01,-9.451863e+01
-1.005046e+00,-7.891547e+01,-6.921784e+01,-6.563482e+01,-8.179694e+01
-1.000977e+00,-7.104013e+01,-7.038684e+01,-6.632796e+01,-7.646634e+01
-9.969076e-01,-6.721421e+01,-7.199893e+01,-6.733416e+01,-7.299497e+01
-9.928385e-01,-6.518886e+01,-7.433285e+01,-6.880406e+01,-7.044238e+01
-9.887695e-01,-6.456303e+01,-7.807050e+01,-7.102423e+01,-6.847792e+01
-9.847005e-01,-6.549579e+01,-8.598843e+01,-7.468673e+01,-6.695554e+01
-9.806315e-01,-6.892270e+01,-9.014304e+01,-8.259715e+01,-6.580755e+01
-9.765625e-01,-8.097874e+01,-7.860368e+01,-8.661639e+01,-6.500874e+01
-9.724935e-01,-7.314232e+01,-7.369975e+01,-7.521375e+01,-6.456367e+01
-9.684245e-01,-6.631791e+01,-7.059236e+01,-7.046518e+01,-6.450508e+01
-9.643555e-01,-6.442104e+01,-6.840105e+01,-6.759761e+01,-6.490193e+01
-9.602865e-01,-6.593866e+01,-6.681457e+01,-6.575757e+01,-6.588420e+01
-9.562174e-01,-7.400810e+01,-6.569896e+01,-6.466792e+01,-6.771161e+01
-9.521484e-01,-7.359897e+01,-6.499860e+01,-6.424652e+01,-7.101059e+01
-9.480794e-01,-6.544668e+01,-6.470444e+01,-6.452540e+01,-7.816002e+01
-9.440104e-01,-6.456144e+01,-6.484647e+01,-6.566325e+01,-8.569831e+01
-9.399414e-01,-7.008151e+01,-6.550263e+01,-6.807593e+01,-7.275310e+01
-9.358724e-01,-7.546451e+01,-6.683321e+01,-7.308377e+01,-6.810115e+01
-9.318034e-01,-6.509986e+01,-6.918738e+01,-9.551016e+01,-6.565920e+01
-9.277344e-01,-6.502046e+01,-7.353395e+01,-7.405698e+01,-6.452423e+01
-9.236654e-01,-7.710862e+01,-8.555453e+01,-6.805915e+01,-6.449370e+01
-9.195964e-01,-6.778348e+01,-7.878415e+01,-6.528163e+01,-6.569100e+01
-9.155273e-01,-6.416012e+01,-7.109625e+01,-6.419206e+01,-6.872107e+01
-9.114583e-01,-7.140512e+01,-6.748958e+01,-6.452609e+01,-7.630826e+01
-9.073893e-01,-6.907744e+01,-6.553515e+01,-6.657802e+01,-8.072198e+01
-9.033203e-01,-6.405245e+01,-6.468387e+01,-7.185771e+01,-6.965485e+01
-8.992513e-01,-7.273359e+01,-6.481692e+01,-9.725448e+01,-6.578508e+01
-8.951823e-01,-6.718730e+01,-6.606706e+01,-7.081084e+01,-6.435885e+01
-8.911133e-01,-6.449158e+01,-6.897349e+01,-6.587200e+01,-6.477602e+01
-8.870443e-01,-9.985775e+01,-7.573537e+01,-6.414613e+01,-6.744452e+01
-8.829753e-01,-6.443278e+01,-8.484335e+01,-6.462046e+01,-7.529391e+01
-8.789063e-01,-6.803693e+01,-7.119803e+01,-6.782356e+01,-7.785022e+01
-8.748372e-01,-6.840933e+01,-6.680377e+01,-7.891610e+01,-6.787441e+01
-8.707682e-01,-6.444101e+01,-6.490218e+01,-7.321199e+01,-6.471718e+01
-8.666992e-01,-7.904729e+01,-6.463789e+01,-6.610671e+01,-6.439511e+01
-8.626302e-01,-6.371939e+01,-6.603230e+01,-6.404177e+01,-6.689600e+01
-8.585612e-01,-7.983579e+01,-6.998926e+01,-6.496902e+01,-7.582299e+01
-8.544922e-01,-6.398530e+01,-8.342134e+01,-7.012058e+01,-7.460840e+01
-8.504232e-01,-7.273990e+01,-7.392184e+01,-8.528437e+01,-6.636562e+01
-8.463542e-01,-6.434777e+01,-6.727036e+01,-6.776429e+01,-6.419450e+01
-8.422852e-01,-7.113893e+01,-6.483920e+01,-6.419265e+01,-6.541194e+01
-8.382161e-01,-6.432052e+01,-6.470176e+01,-6.462183e+01,-7.187719e+01
-8.341471e-01,-7.218055e+01,-6.694133e+01,-6.997266e+01,-7.765992e+01
-8.300781e-01,-6.386734e+01,-7.394727e+01,-8.063616e+01,-6.652648e+01
-8.260091e-01,-7.770078e+01,-7.947434e+01,-6.655475e+01,-6.411883e+01
-8.219401e-01,-6.341321e+01,-6.817305e+01,-6.388207e+01,-6.590873e+01
-8.178711e-01,-8.214580e+01,-6.490223e+01,-6.587006e+01,-7.586380e+01
-8.138021e-01,-6.378040e+01,-6.469543e+01,-7.803719e+01,-7.151103e+01
-8.097331e-01,-6.888858e+01,-6.758434e+01,-6.966207e+01,-6.485181e+01
-8.056641e-01,-6.658705e+01,-7.864876e+01,-6.418555e+01,-6.446190e+01
-8.015951e-01,-6.414890e+01,-7.284075e+01,-6.481076e+01,-7.000022e+01
-7.975260e-01,-8.155603e+01,-6.600064e+01,-7.367320e+01,-7.712020e+01
-7.934570e-01,-6.341668e+01,-6.441083e+01,-7.083877e+01,-6.558741e+01
-7.893880e-01,-6.764502e+01,-6.630513e+01,-6.419685e+01,-6.416759e+01
-7.853190e-01,-6.935356e+01,-7.485991e+01,-6.489736e+01,-6.911580e+01
-7.812500e-01,-6.306425e+01,-7.405374e+01,-7.612189e+01,-7.739183e+01
-7.771810e-01,-7.040294e+01,-6.596171e+01,-6.873238e+01,-6.530069e+01
-7.731120e-01,-6.786081e+01,-6.439028e+01,-6.377951e+01,-6.432497e+01
-7.690430e-01,-6.295633e+01,-6.704084e+01,-6.638584e+01,-7.136295e+01
-7.649740e-01,-6.876980e+01,-8.134559e+01,-8.878664e+01,-7.181638e+01
-7.609049e-01,-7.069874e+01,-6.994649e+01,-6.547381e+01,-6.428415e+01
-7.568359e-01,-6.306896e+01,-6.476601e+01,-6.402259e+01,-6.553942e+01
-7.527669e-01,-6.481644e+01,-6.504385e+01,-7.261777e+01,-8.557068e+01
-7.486979e-01,-8.747208e+01,-7.169819e+01,-6.898916e+01,-6.656345e+01
-7.446289e-01,-6.589643e+01,-7.497920e+01,-6.363382e+01,-6.400473e+01
-7.405599e-01,-6.267960e+01,-6.554695e+01,-6.783944e+01,-7.087705e+01
-7.364909e-01,-6.534333e+01,-6.453121e+01,-7.380663e+01,-7.047253e+01
-7.324219e-01,-8.320780e+01,-6.974901e+01,-6.389633e+01,-6.390197e+01
-7.283529e-01,-6.748324e+01,-7.740305e+01,-6.615687e+01,-6.741401e+01
-7.242839e-01,-6.292476e+01,-6.566076e+01,-7.848513e+01,-7.546156e+01
-7.202148e-01,-6.296181e+01,-6.452983e+01,-6.411504e+01,-6.420874e+01
-7.161458e-01,-6.691716e+01,-7.064101e+01,-6.573361e+01,-6.616665e+01
-7.120768e-01,-8.536483e+01,-7.398832e+01,-7.892069e+01,-7.952788e+01
-7.080078e-01,-6.930970e+01,-6.492553e+01,-6.397337e+01,-6.435437e+01
-7.039388e-01,-6.398288e+01,-6.514289e+01,-6.624837e+01,-6.597821e+01
-6.998698e-01,-6.234316e+01,-7.632911e+01,-7.448167e+01,-7.851101e+01
-6.958008e-01,-6.266541e+01,-6.881954e+01,-6.358118e+01,-6.413230e+01
-6.917318e-01,-6.468783e+01,-6.419195e+01,-6.820205e+01,-6.673187e+01
-6.876628e-01,-6.901147e+01,-6.774232e+01,-6.941840e+01,-7.362368e+01
-6.835938e-01,-8.014161e+01,-7.869727e+01,-6.345934e+01,-6.374530e+01
-6.795247e-01,-7.664600e+01,-6.508859e+01,-7.420867e+01,-6.914165e+01
-6.754557e-01,-6.891424e+01,-6.518129e+01,-6.555862e+01,-6.877918e+01
-6.713867e-01,-6.560508e+01,-8.118480e+01,-6.458284e+01,-6.377524e+01
-6.673177e-01,-6.380959e+01,-6.682765e+01,-7.937545e+01,-7.697681e+01
-6.632487e-01,-6.278928e+01,-6.432713e+01,-6.348314e+01,-6.526403e+01
-6.591797e-01,-6.222034e+01,-7.317047e+01,-6.943063e+01,-6.529289e+01
-6.551107e-01,-6.192021e+01,-6.856456e+01,-6.675440e+01,-7.566920e+01
-6.510417e-01,-6.177157e+01,-6.410197e+01,-6.413108e+01,-6.360085e+01
-6.469727e-01,-6.169610e+01,-7.102069e+01,-7.999791e+01,-7.144045e+01
-6.429036e-01,-6.164536e+01,-6.938550e+01,-6.332385e+01,-6.607356e+01
-6.388346e-01,-6.159803e+01,-6.405137e+01,-7.170326e+01,-6.488196e+01
-6.347656e-01,-6.155945e+01,-7.113745e+01,-6.508430e+01,-7.530196e+01
-6.306966e-01,-6.156172e+01,-6.874476e+01,-6.559571e+01,-6.349525e+01
-6.266276e-01,-6.166472e+01,-6.408763e+01,-6.969614e+01,-7.505063e+01
-6.225586e-01,-6.196073e+01,-7.374347e+01,-6.354517e+01,-6.464620e+01
-6.184896e-01,-6.258850e+01,-6.700652e+01,-8.283299e+01,-6.689065e+01
-6.144206e-01,-6.377302e+01,-6.448702e+01,-6.315962e+01,-6.817429e+01
-6.103516e-01,-6.594781e+01,-8.515376e+01,-7.611361e+01,-6.420221e+01
-6.062826e-01,-7.027311e+01,-6.509253e+01,-6.371115e+01,-7.618256e+01
-6.022135e-01,-8.482612e+01,-6.602470e+01,-6.951815e+01,-6.340603e+01
-5.981445e-01,-7.288109e+01,-7.514380e+01,-6.480389e+01,-8.358925e+01
-5.940755e-01,-6.578048e+01,-6.394881e+01,-6.677804e+01,-6.361453e+01
-5.900065e-01,-6.244572e+01,-7.100852e+01,-6.611617e+01,-7.217954e+01
-5.859375e-01,-6.102561e+01,-6.705120e+01,-6.541290e+01,-6.439096e+01
-5.818685e-01,-6.131940e+01,-6.471925e+01,-6.731075e+01,-6.847486e+01
-5.777995e-01,-6.396307e+01,-8.254532e+01,-6.474800e+01,-6.541534e+01
-5.737305e-01,-7.277829e+01,-6.399763e+01,-6.803522e+01,-6.668978e+01
-5.696615e-01,-7.142689e+01,-7.058417e+01,-6.451829e+01,-6.638727e+01
-5.655924e-01,-6.294546e+01,-6.655361e+01,-6.803113e+01,-6.580933e+01
-5.615234e-01,-6.063739e+01,-6.522719e+01,-6.464679e+01,-6.701723e+01
-5.574544e-01,-6.202593e+01,-7.407668e+01,-6.728252e+01,-6.547801e+01
-5.533854e-01,-7.035530e+01,-6.380289e+01,-6.520408e+01,-6.709279e+01
-5.493164e-01,-6.900208e+01,-8.105614e+01,-6.602852e+01,-6.558455e+01
-5.452474e-01,-6.127820e+01,-6.425419e+01,-6.644965e+01,-6.657394e+01
-5.411784e-01,-6.079261e+01,-6.973470e+01,-6.462429e+01,-6.618547e+01
-5.371094e-01,-6.769510e+01,-6.601664e+01,-6.905115e+01,-6.561664e+01
-5.330404e-01,-6.842547e+01,-6.617412e+01,-6.342269e+01,-6.754489e+01
-5.289714e-01,-6.054665e+01,-6.892671e+01,-7.544656e+01,-6.449705e+01
-5.249023e-01,-6.173785e+01,-6.460147e+01,-6.276722e+01,-7.039133e+01
-5.208333e-01,-8.814015e+01,-7.306419e+01,-8.250682e+01,-6.352620e+01
-5.167643e-01,-6.190405e+01,-6.392138e+01,-6.308757e+01,-7.768927e+01
-5.126953e-01,-6.044486e+01,-7.878618e+01,-6.902351e+01,-6.303280e+01
-5.086263e-01,-7.433704e+01,-6.366713e+01,-6.519506e+01,-8.049120e+01
-5.045573e-01,-6.208884e+01,-8.667408e+01,-6.433515e+01,-6.343663e+01
-5.004883e-01,-6.039479e+01,-6.358500e+01,-7.196857e+01,-6.910867e+01
-4.964193e-01,-8.535134e+01,-9.381575e+01,-6.262814e+01,-6.551255e+01
-4.923503e-01,-6.054940e+01,-6.354944e+01,-7.610519e+01,-6.466784e+01
-4.882813e-01,-6.200805e+01,-8.823391e+01,-6.377751e+01,-7.186365e+01
-4.842122e-01,-6.819829e+01,-6.355073e+01,-6.511905e+01,-6.294607e+01
-4.801432e-01,-5.938367e+01,-7.978264e+01,-7.079645e+01,-7.815430e+01
-4.760742e-01,-7.212228e+01,-6.370124e+01,-6.250529e+01,-6.384053e+01
-4.720052e-01,-6.029543e+01,-7.352697e+01,-7.231459e+01,-6.594448e+01
-4.679362e-01,-6.291378e+01,-6.425928e+01,-6.489246e+01,-6.968295e+01
-4.638672e-01,-6.318742e+01,-6.898370e+01,-6.335348e+01,-6.287637e+01
-4.597982e-01,-6.023210e+01,-6.572896e+01,-9.222002e+01,-7.574627e+01
-4.557292e-01,-6.735722e+01,-6.576594e+01,-6.311888e+01,-6.442985e+01
-4.516602e-01,-5.926131e+01,-6.934677e+01,-6.478300e+01,-6.430084e+01
-4.475911e-01,-7.153061e+01,-6.381163e+01,-7.477840e+01,-7.788582e+01
-4.435221e-01,-5.890894e+01,-8.276912e+01,-6.258580e+01,-6.296897e+01
-4.394531e-01,-7.250333e+01,-6.337709e+01,-6.560593e+01,-6.664844e+01
-4.353841e-01,-5.882679e+01,-7.171642e+01,-7.296022e+01,-7.026907e+01
-4.313151e-01,-6.898947e+01,-6.534135e+01,-6.250744e+01,-6.264640e+01
-4.272461e-01,-5.914273e+01,-6.496555e+01,-6.510580e+01,-6.851781e+01
-4.231771e-01,-6.426219e+01,-7.398070e+01,-7.642017e+01,-6.847146e+01
-4.191081e-01,-6.053787e+01,-6.320370e+01,-6.287633e+01,-6.257419e+01
-4.150391e-01,-6.041009e+01,-7.140113e+01,-6.361424e+01,-6.848694e+01
-4.109701e-01,-6.515970e+01,-6.607123e+01,-8.610747e+01,-6.916604e+01
-4.069010e-01,-5.820416e+01,-6.383712e+01,-6.449384e+01,-6.254198e+01
-4.028320e-01,-7.920234e+01,-9.722027e+01,-6.224652e+01,-6.650047e+01
-3.987630e-01,-5.860162e+01,-6.403052e+01,-6.870608e+01,-7.361579e+01
-3.946940e-01,-6.100092e+01,-6.504328e+01,-7.047058e+01,-6.296874e+01
-3.906250e-01,-6.539112e+01,-7.854887e+01,-6.247906e+01,-6.396950e+01
-3.865560e-01,-5.760200e+01,-6.350723e+01,-6.312237e+01,-8.420427e+01
-3.824870e-01,-6.489811e+01,-6.537028e+01,-7.403700e+01,-6.517055e+01
-3.784180e-01,-6.180881e+01,-7.896046e+01,-6.760643e+01,-6.239756e+01
-3.743490e-01,-5.741573e+01,-6.369116e+01,-6.215382e+01,-6.723620e+01
-3.702799e-01,-6.523907e+01,-6.436030e+01,-6.305799e+01,-7.502039e+01
-3.662109e-01,-6.232345e+01,-8.810548e+01,-7.195874e+01,-6.349573e+01
-3.621419e-01,-5.706349e+01,-6.515013e+01,-6.990045e+01,-6.259068e+01
-3.580729e-01,-6.115369e+01,-6.300954e+01,-6.274414e+01,-6.847274e+01
-3.540039e-01,-6.962485e+01,-6.948421e+01,-6.195493e+01,-7.416874e+01
-3.499349e-01,-5.778249e+01,-7.147376e+01,-6.565744e+01,-6.367205e+01
-3.458659e-01,-5.725877e+01,-6.331778e+01,-8.875245e+01,-6.224093e+01
-3.417969e-01,-6.462948e+01,-6.358064e+01,-6.688144e+01,-6.581207e+01
-3.377279e-01,-6.546661e+01,-7.203678e+01,-6.229048e+01,-9.418787e+01
-3.336589e-01,-5.737122e+01,-7.066328e+01,-6.176346e+01,-6.650333e+01
-3.295898e-01,-5.652043e+01,-6.344801e+01,-6.436961e+01,-6.237431e+01
-3.255208e-01,-6.042372e+01,-6.288740e+01,-7.315135e+01,-6.253879e+01
-3.214518e-01,-9.131240e+01,-6.716849e+01,-7.336747e+01,-6.676330e+01
-3.173828e-01,-6.101066e+01,-9.603819e+01,-6.469655e+01,-9.391565e+01
-3.133138e-01,-5.656088e+01,-6.692875e+01,-6.190812e+01,-6.764365e+01
-3.092448e-01,-5.583359e+01,-6.293404e+01,-6.147354e+01,-6.292149e+01
-3.051758e-01,-5.768628e+01,-6.261707e+01,-6.287020e+01,-6.186365e+01
-3.011068e-01,-6.317866e+01,-6.515645e+01,-6.655155e+01,-6.324011e+01
-2.970378e-01,-8.781738e+01,-7.276797e+01,-7.609194e+01,-6.773936e+01
-2.929688e-01,-6.264944e+01,-7.769120e+01,-7.562778e+01,-8.578048e+01
-2.888997e-01,-5.781119e+01,-6.700951e+01,-6.691399e+01,-7.031330e+01
-2.848307e-01,-5.571226e+01,-6.353490e+01,-6.346422e+01,-6.454435e+01
-2.807617e-01,-5.494141e+01,-6.226167e+01,-6.180353e+01,-6.225417e+01
-2.766927e-01,-5.502484e+01,-6.227050e+01,-6.114965e+01,-6.162925e+01
-2.726237e-01,-5.574060e+01,-6.325231e+01,-6.119177e+01,-6.221049e+01
-2.685547e-01,-5.696631e+01,-6.513193e+01,-6.177648e+01,-6.394561e+01
-2.644857e-01,-5.862594e+01,-6.802964e+01,-6.282225e+01,-6.716149e+01
-2.604167e-01,-6.066016e+01,-7.244151e+01,-6.428925e+01,-7.330874e+01
-2.563477e-01,-6.299315e+01,-8.042589e+01,-6.616775e+01,-1.030425e+02
-2.522786e-01,-6.547223e+01,-9.211943e+01,-6.847435e+01,-7.344906e+01
-2.482096e-01,-6.775999e+01,-7.864349e+01,-7.125025e+01,-6.818751e+01
-2.441406e-01,-6.924329e+01,-7.490931e+01,-7.455152e+01,-6.545829e+01
-2.400716e-01,-6.926175e+01,-7.343760e+01,-7.839451e+01,-6.381835e+01
-2.360026e-01,-6.773583e+01,-7.330646e+01,-8.251910e+01,-6.278665e+01
-2.319336e-01,-6.526223e+01,-7.450229e+01,-8.569172e+01,-6.213230e+01
-2.278646e-01,-6.249834e+01,-7.788893e+01,-8.561372e+01,-6.172127e+01
-2.237956e-01,-5.983244e+01,-9.004398e+01,-8.228290e+01,-6.146731e+01
-2.197266e-01,-5.744333e+01,-7.992586e+01,-7.799813e+01,-6.131327e+01
-2.156576e-01,-5.541566e+01,-7.147771e+01,-7.399570e+01,-6.122356e+01
-2.115885e-01,-5.380871e+01,-6.681372e+01,-7.053855e+01,-6.118152e+01
-2.075195e-01,-5.269293e+01,-6.375827e+01,-6.761425e+01,-6.118896e+01
-2.034505e-01,-5.217846e+01,-6.184045e+01,-6.517291e+01,-6.126710e+01
-1.993815e-01,-5.246062e+01,-6.102154e+01,-6.318278e+01,-6.145906e+01
-1.953125e-01,-5.394006e+01,-6.156578e+01,-6.164179e+01,-6.183551e+01
-1.912435e-01,-5.770763e+01,-6.434871e+01,-6.058250e+01,-6.250778e+01
-1.871745e-01,-7.075922e+01,-7.386682e+01,-6.008290e+01,-6.366053e+01
-1.831055e-01,-6.092039e+01,-7.036267e+01,-6.029504e+01,-6.564473e+01
-1.790365e-01,-5.386721e+01,-6.244645e+01,-6.152646e+01,-6.933027e+01
-1.749674e-01,-5.115924e+01,-6.051710e+01,-6.453470e+01,-7.885370e+01
-1.708984e-01,-5.105016e+01,-6.304905e+01,-7.250763e+01,-7.637289e+01
-1.668294e-01,-5.419926e+01,-8.362638e+01,-7.431522e+01,-6.722389e+01
-1.627604e-01,-6.984679e+01,-6.356228e+01,-6.414024e+01,-6.309019e+01
-1.586914e-01,-5.595349e+01,-6.012400e+01,-6.049980e+01,-6.093292e+01
-1.546224e-01,-5.043383e+01,-6.506804e+01,-5.957838e+01,-6.025618e+01
-1.505534e-01,-5.006553e+01,-6.819229e+01,-6.133202e+01,-6.122193e+01
-1.464844e-01,-5.557047e+01,-5.984264e+01,-6.860887e+01,-6.488766e+01
-1.424154e-01,-6.113389e+01,-6.468423e+01,-7.088248e+01,-7.964732e+01
-1.383464e-01,-5.009982e+01,-6.480392e+01,-6.120265e+01,-6.737309e+01
-1.342773e-01,-4.901523e+01,-5.962454e+01,-5.916976e+01,-6.127860e+01
-1.302083e-01,-5.642639e+01,-8.833028e+01,-6.200133e+01,-5.984736e+01
-1.261393e-01,-5.466130e+01,-5.933918e+01,-9.011013e+01,-6.227350e+01
-1.220703e-01,-4.789058e+01,-6.761960e+01,-6.196691e+01,-7.618852e+01
-1.180013e-01,-5.058249e+01,-5.964253e+01,-5.880804e+01,-6.474477e+01
-1.139323e-01,-6.071580e+01,-6.610093e+01,-6.326124e+01,-5.968543e+01
-1.098633e-01,-4.737655e+01,-5.896216e+01,-6.933263e+01,-6.109084e+01
-1.057943e-01,-4.896115e+01,-7.250129e+01,-5.889776e+01,-7.871949e+01
-1.017253e-01,-5.922714e+01,-5.802205e+01,-6.075119e+01,-6.211629e+01
-9.765625e-02,-4.608003e+01,-6.681395e+01,-7.251046e+01,-5.922484e+01
-9.358724e-02,-4.979991e+01,-6.040269e+01,-5.845000e+01,-6.715302e+01
-8.951823e-02,-5.108278e+01,-5.777421e+01,-6.193265e+01,-6.330408e+01
-8.544922e-02,-4.481160e+01,-6.888754e+01,-6.403259e+01,-5.886333e+01
-8.138021e-02,-6.015532e+01,-6.123988e+01,-5.788276e+01,-7.050850e+01
-7.731120e-02,-4.476320e+01,-5.656119e+01,-8.096864e+01,-6.030518e+01
-7.324219e-02,-4.696798e+01,-5.778992e+01,-5.773343e+01,-6.018339e+01
-6.917318e-02,-4.759020e+01,-6.465503e+01,-6.487075e+01,-6.686311e+01
-6.510417e-02,-4.311948e+01,-7.288146e+01,-5.826227e+01,-5.815226e+01
-6.103516e-02,-5.385886e+01,-6.093913e+01,-6.252171e+01,-8.277018e+01
-5.696615e-02,-4.123302e+01,-5.734224e+01,-5.779779e+01,-5.763069e+01
-5.289714e-02,-7.908047e+01,-5.568814e+01,-6.457425e+01,-9.639725e+01
-4.882812e-02,-3.985276e+01,-5.487644e+01,-5.634291e+01,-5.723479e+01
-4.475911e-02,-5.910559e+01,-5.467338e+01,-8.316937e+01,-6.825443e+01
-4.069010e-02,-3.830507e+01,-5.546030e+01,-5.621831e+01,-5.797315e+01
-3.662109e-02,-5.888845e+01,-5.894478e+01,-5.785998e+01,-5.849045e+01
-3.255208e-02,-3.632048e+01,-8.317637e+01,-6.859288e+01,-6.956636e+01
-2.848307e-02,-5.957142e+01,-5.431046e+01,-5.523272e+01,-5.618833e+01
-2.441406e-02,-3.396067e+01,-4.875302e+01,-5.437347e+01,-5.614973e+01
-2.034505e-02,-4.197305e+01,-4.971463e+01,-5.858257e+01,-6.299867e+01
-1.627604e-02,-3.150846e+01,-6.350670e+01,-7.292639e+01,-7.164643e+01
-1.220703e-02,-3.130232e+01,-5.334966e+01,-6.842065e+01,-6.122422e+01
-8.138021e-03,-2.935208e+01,-3.102460e+01,-9.417432e+01,-7.229790e+01
-4.069010e-03,-1.868569e+01,-1.379048e+01,-3.514800e+01,-3.073642e+01
0.000000e+00,0.000000e+00,0.000000e+00,0.000000e+00,0.000000e+00
4.069010e-03,-1.868569e+01,-1.379048e+01,-3.514800e+01,-3.073642e+01
8.138021e-03,-2.935208e+01,-3.102460e+01,-9.417432e+01,-7.229790e+01
1.220703e-02,-3.130232e+01,-5.334966e+01,-6.842065e+01,-6.122422e+01
1.627604e-02,-3.150846e+01,-6.350670e+01,-7.292639e+01,-7.164643e+01
2.034505e-02,-4.197305e+01,-4.971463e+01,-5.858257e+01,-6.299867e+01
2.441406e-02,-3.396067e+01,-4.875302e+01,-5.437347e+01,-5.614973e+01
2.848307e-02,-5.957142e+01,-5.431046e+01,-5.523272e+01,-5.618833e+01
3.255208e-02,-3.632048e+01,-8.317637e+01,-6.859288e+01,-6.956636e+01
3.662109e-02,-5.888845e+01,-5.894478e+01,-5.785998e+01,-5.849045e+01
4.069010e-02,-3.830507e+01,-5.546030e+01,-5.621831e+01,-5.797315e+01
4.475911e-02,-5.910559e+01,-5.467338e+01,-8.316937e+01,-6.825443e+01
4.882812e-02,-3.985276e+01,-5.487644e+01,-5.634291e+01,-5.723479e+01
5.289714e-02,-7.908047e+01,-5.568814e+01,-6.457425e+01,-9.639725e+01
5.696615e-02,-4.123302e+01,-5.734224e+01,-5.779779e+01,-5.763069e+01
6.103516e-02,-5.385886e+01,-6.093913e+01,-6.252171e+01,-8.277018e+01
6.510417e-02,-4.311948e+01,-7.288146e+01,-5.826227e+01,-5.815226e+01
6.917318e-02,-4.759020e+01,-6.465503e+01,-6.487075e+01,-6.686311e+01
7.324219e-02,-4.696798e+01,-5.778992e+01,-5.773343e+01,-6.018339e+01
7.731120e-02,-4.476320e+01,-5.656119e+01,-8.096864e+01,-6.030518e+01
8.138021e-02,-6.015532e+01,-6.123988e+01,-5.788276e+01,-7.050850e+01
8.544922e-02,-4.481160e+01,-6.888754e+01,-6.403259e+01,-5.886333e+01
8.951823e-02,-5.108278e+01,-5.777421e+01,-6.193265e+01,-6.330408e+01
9.358724e-02,-4.979991e+01,-6.040269e+01,-5.845000e+01,-6.715302e+01
9.765625e-02,-4.608003e+01,-6.681395e+01,-7.251046e+01,-5.922484e+01
1.017253e-01,-5.922714e+01,-5.802205e+01,-6.075119e+01,-6.211629e+01
1.057943e-01,-4.896115e+01,-7.250129e+01,-5.889776e+01,-7.871949e+01
1.098633e-01,-4.737655e+01,-5.896216e+01,-6.933263e+01,-6.109084e+01
1.139323e-01,-6.071580e+01,-6.610093e+01,-6.326124e+01,-5.968543e+01
1.180013e-01,-5.058249e+01,-5.964253e+01,-5.880804e+01,-6.474477e+01
1.220703e-01,-4.789058e+01,-6.761960e+01,-6.196691e+01,-7.618852e+01
1.261393e-01,-5.466130e+01,-5.933918e+01,-9.011013e+01,-6.227350e+01
1.302083e-01,-5.642639e+01,-8.833028e+01,-6.200133e+01,-5.984736e+01
1.342773e-01,-4.901523e+01,-5.962454e+01,-5.916976e+01,-6.127860e+01
1.383464e-01,-5.009982e+01,-6.480392e+01,-6.120265e+01,-6.737309e+01
1.424154e-01,-6.113389e+01,-6.468423e+01,-7.088248e+01,-7.964732e+01
1.464844e-01,-5.557047e+01,-5.984264e+01,-6.860887e+01,-6.488766e+01
1.505534e-01,-5.006553e+01,-6.819229e+01,-6.133202e+01,-6.122193e+01
1.546224e-01,-5.043383e+01,-6.506804e+01,-5.957838e+01,-6.025618e+01
1.586914e-01,-5.595349e+01,-6.012400e+01,-6.049980e+01,-6.093292e+01
1.627604e-01,-6.984679e+01,-6.356228e+01,-6.414024e+01,-6.309019e+01
1.668294e-01,-5.419926e+01,-8.362638e+01,-7.431522e+01,-6.722389e+01
1.708984e-01,-5.105016e+01,-6.304905e+01,-7.250763e+01,-7.637289e+01
1.749674e-01,-5.115924e+01,-6.051710e+01,-6.453470e+01,-7.885370e+01
1.790365e-01,-5.386721e+01,-6.244645e+01,-6.152646e+01,-6.933027e+01
1.831055e-01,-6.092039e+01,-7.036267e+01,-6.029504e+01,-6.564473e+01
1.871745e-01,-7.075922e+01,-7.386682e+01,-6.008290e+01,-6.366053e+01
1.912435e-01,-5.770763e+01,-6.434871e+01,-6.058250e+01,-6.250778e+01
1.953125e-01,-5.394006e+01,-6.156578e+01,-6.164179e+01,-6.183551e+01
1.993815e-01,-5.246062e+01,-6.102154e+01,-6.318278e+01,-6.145906e+01
2.034505e-01,-5.217846e+01,-6.184045e+01,-6.517291e+01,-6.126710e+01
2.075195e-01,-5.269293e+01,-6.375827e+01,-6.761425e+01,-6.118896e+01
2.115885e-01,-5.380871e+01,-6.681372e+01,-7.053855e+01,-6.118152e+01
2.156576e-01,-5.541566e+01,-7.147771e+01,-7.399570e+01,-6.122356e+01
2.197266e-01,-5.744333e+01,-7.992586e+01,-7.799813e+01,-6.131327e+01
2.237956e-01,-5.983244e+01,-9.004398e+01,-8.228290e+01,-6.146731e+01
2.278646e-01,-6.249834e+01,-7.788893e+01,-8.561372e+01,-6.172127e+01
2.319336e-01,-6.526223e+01,-7.450229e+01,-8.569172e+01,-6.213230e+01
2.360026e-01,-6.773583e+01,-7.330646e+01,-8.251910e+01,-6.278665e+01
2.400716e-01,-6.926175e+01,-7.343760e+01,-7.839451e+01,-6.381835e+01
2.441406e-01,-6.924329e+01,-7.490931e+01,-7.455152e+01,-6.545829e+01
2.482096e-01,-6.775999e+01,-7.864349e+01,-7.125025e+01,-6.818751e+01
2.522786e-01,-6.547223e+01,-9.211943e+01,-6.847435e+01,-7.344906e+01
2.563477e-01,-6.299315e+01,-8.042589e+01,-6.616775e+01,-1.030425e+02
2.604167e-01,-6.066016e+01,-7.244151e+01,-6.428925e+01,-7.330874e+01
2.644857e-01,-5.862594e+01,-6.802964e+01,-6.282225e+01,-6.716149e+01
2.685547e-01,-5.696631e+01,-6.513193e+01,-6.177648e+01,-6.394561e+01
2.726237e-01,-5.574060e+01,-6.325231e+01,-6.119177e+01,-6.221049e+01
2.766927e-01,-5.502484e+01,-6.227050e+01,-6.114965e+01,-6.162925e+01
2.807617e-01,-5.494141e+01,-6.226167e+01,-6.180353e+01,-6.225417e+01
2.848307e-01,-5.571226e+01,-6.353490e+01,-6.346422e+01,-6.454435e+01
2.888997e-01,-5.781119e+01,-6.700951e+01,-6.691399e+01,-7.031330e+01
2.929688e-01,-6.264944e+01,-7.769120e+01,-7.562778e+01,-8.578048e+01
2.970378e-01,-8.781738e+01,-7.276797e+01,-7.609194e+01,-6.773936e+01
3.011068e-01,-6.317866e+01,-6.515645e+01,-6.655155e+01,-6.324011e+01
3.051758e-01,-5.768628e+01,-6.261707e+01,-6.287020e+01,-6.186365e+01
3.092448e-01,-5.583359e+01,-6.293404e+01,-6.147354e+01,-6.292149e+01
3.133138e-01,-5.656088e+01,-6.692875e+01,-6.190812e+01,-6.764365e+01
3.173828e-01,-6.101066e+01,-9.603819e+01,-6.469655e+01,-9.391565e+01
3.214518e-01,-9.131240e+01,-6.716849e+01,-7.336747e+01,-6.676330e+01
3.255208e-01,-6.042372e+01,-6.288740e+01,-7.315135e+01,-6.253879e+01
3.295898e-01,-5.652043e+01,-6.344801e+01,-6.436961e+01,-6.237431e+01
3.336589e-01,-5.737122e+01,-7.066328e+01,-6.176346e+01,-6.650333e+01
3.377279e-01,-6.546661e+01,-7.203678e+01,-6.229048e+01,-9.418787e+01
3.417969e-01,-6.462948e+01,-6.358064e+01,-6.688144e+01,-6.581207e+01
3.458659e-01,-5.725877e+01,-6.331778e+01,-8.875245e+01,-6.224093e+01
3.499349e-01,-5.778249e+01,-7.147376e+01,-6.565744e+01,-6.367205e+01
3.540039e-01,-6.962485e+01,-6.948421e+01,-6.195493e+01,-7.416874e+01
3.580729e-01,-6.115369e+01,-6.300954e+01,-6.274414e+01,-6.847274e+01
3.621419e-01,-5.706349e+01,-6.515013e+01,-6.990045e+01,-6.259068e+01
3.662109e-01,-6.232345e+01,-8.810548e+01,-7.195874e+01,-6.349573e+01
3.702799e-01,-6.523907e+01,-6.436030e+01,-6.305799e+01,-7.502039e+01
3.743490e-01,-5.741573e+01,-6.369116e+01,-6.215382e+01,-6.723620e+01
3.784180e-01,-6.180881e+01,-7.896046e+01,-6.760643e+01,-6.239756e+01
3.824870e-01,-6.489811e+01,-6.537028e+01,-7.403700e+01,-6.517055e+01
3.865560e-01,-5.760200e+01,-6.350723e+01,-6.312237e+01,-8.420427e+01
3.906250e-01,-6.539112e+01,-7.854887e+01,-6.247906e+01,-6.396950e+01
3.946940e-01,-6.100092e+01,-6.504328e+01,-7.047058e+01,-6.296874e+01
3.987630e-01,-5.860162e+01,-6.403052e+01,-6.870608e+01,-7.361579e+01
4.028320e-01,-7.920234e+01,-9.722027e+01,-6.224652e+01,-6.650047e+01
4.069010e-01,-5.820416e+01,-6.383712e+01,-6.449384e+01,-6.254198e+01
4.109701e-01,-6.515970e+01,-6.607123e+01,-8.610747e+01,-6.916604e+01
4.150391e-01,-6.041009e+01,-7.140113e+01,-6.361424e+01,-6.848694e+01
4.191081e-01,-6.053787e+01,-6.320370e+01,-6.287633e+01,-6.257419e+01
4.231771e-01,-6.426219e+01,-7.398070e+01,-7.642017e+01,-6.847146e+01
4.272461e-01,-5.914273e+01,-6.496555e+01,-6.510580e+01,-6.851781e+01
4.313151e-01,-6.898947e+01,-6.534135e+01,-6.250744e+01,-6.264640e+01
4.353841e-01,-5.882679e+01,-7.171642e+01,-7.296022e+01,-7.026907e+01
4.394531e-01,-7.250333e+01,-6.337709e+01,-6.560593e+01,-6.664844e+01
4.435221e-01,-5.890894e+01,-8.276912e+01,-6.258580e+01,-6.296897e+01
4.475911e-01,-7.153061e+01,-6.381163e+01,-7.477840e+01,-7.788582e+01
4.516602e-01,-5.926131e+01,-6.934677e+01,-6.478300e+01,-6.430084e+01
4.557292e-01,-6.735722e+01,-6.576594e+01,-6.311888e+01,-6.442985e+01
4.597982e-01,-6.023210e+01,-6.572896e+01,-9.222002e+01,-7.574627e+01
4.638672e-01,-6.318742e+01,-6.898370e+01,-6.335348e+01,-6.287637e+01
4.679362e-01,-6.291378e+01,-6.425928e+01,-6.489246e+01,-6.968295e+01
4.720052e-01,-6.029543e+01,-7.352697e+01,-7.231459e+01,-6.594448e+01
4.760742e-01,-7.212228e+01,-6.370124e+01,-6.250529e+01,-6.384053e+01
4.801432e-01,-5.938367e+01,-7.978264e+01,-7.079645e+01,-7.815430e+01
4.842122e-01,-6.819829e+01,-6.355073e+01,-6.511905e+01,-6.294607e+01
4.882813e-01,-6.200805e+01,-8.823391e+01,-6.377751e+01,-7.186365e+01
4.923503e-01,-6.054940e+01,-6.354944e+01,-7.610519e+01,-6.466784e+01
4.964193e-01,-8.535134e+01,-9.381575e+01,-6.262814e+01,-6.551255e+01
5.004883e-01,-6.039479e+01,-6.358500e+01,-7.196857e+01,-6.910867e+01
5.045573e-01,-6.208884e+01,-8.667408e+01,-6.433515e+01,-6.343663e+01
5.086263e-01,-7.433704e+01,-6.366713e+01,-6.519506e+01,-8.049120e+01
5.126953e-01,-6.044486e+01,-7.878618e+01,-6.902351e+01,-6.303280e+01
5.167643e-01,-6.190405e+01,-6.392138e+01,-6.308757e+01,-7.768927e+01
5.208333e-01,-8.814015e+01,-7.306419e+01,-8.250682e+01,-6.352620e+01
5.249023e-01,-6.173785e+01,-6.460147e+01,-6.276722e+01,-7.039133e+01
5.289714e-01,-6.054665e+01,-6.892671e+01,-7.544656e+01,-6.449705e+01
5.330404e-01,-6.842547e+01,-6.617412e+01,-6.342269e+01,-6.754489e+01
5.371094e-01,-6.769510e+01,-6.601664e+01,-6.905115e+01,-6.561664e+01
5.411784e-01,-6.079261e+01,-6.973470e+01,-6.462429e+01,-6.618547e+01
5.452474e-01,-6.127820e+01,-6.425419e+01,-6.644965e+01,-6.657394e+01
5.493164e-01,-6.900208e+01,-8.105614e+01,-6.602852e+01,-6.558455e+01
5.533854e-01,-7.035530e+01,-6.380289e+01,-6.520408e+01,-6.709279e+01
5.574544e-01,-6.202593e+01,-7.407668e+01,-6.728252e+01,-6.547801e+01
5.615234e-01,-6.063739e+01,-6.522719e+01,-6.464679e+01,-6.701723e+01
5.655924e-01,-6.294546e+01,-6.655361e+01,-6.803113e+01,-6.580933e+01
5.696615e-01,-7.142689e+01,-7.058417e+01,-6.451829e+01,-6.638727e+01
5.737305e-01,-7.277829e+01,-6.399763e+01,-6.803522e+01,-6.668978e+01
5.777995e-01,-6.396307e+01,-8.254532e+01,-6.474800e+01,-6.541534e+01
5.818685e-01,-6.131940e+01,-6.471925e+01,-6.731075e+01,-6.847486e+01
5.859375e-01,-6.102561e+01,-6.705120e+01,-6.541290e+01,-6.439096e+01
5.900065e-01,-6.244572e+01,-7.100852e+01,-6.611617e+01,-7.217954e+01
5.940755e-01,-6.578048e+01,-6.394881e+01,-6.677804e+01,-6.361453e+01
5.981445e-01,-7.288109e+01,-7.514380e+01,-6.480389e+01,-8.358925e+01
6.022135e-01,-8.482612e+01,-6.602470e+01,-6.951815e+01,-6.340603e+01
6.062826e-01,-7.027311e+01,-6.509253e+01,-6.371115e+01,-7.618256e+01
6.103516e-01,-6.594781e+01,-8.515376e+01,-7.611361e+01,-6.420221e+01
6.144206e-01,-6.377302e+01,-6.448702e+01,-6.315962e+01,-6.817429e+01
6.184896e-01,-6.258850e+01,-6.700652e+01,-8.283299e+01,-6.689065e+01
6.225586e-01,-6.196073e+01,-7.374347e+01,-6.354517e+01,-6.464620e+01
6.266276e-01,-6.166472e+01,-6.408763e+01,-6.969614e+01,-7.505063e+01
6.306966e-01,-6.156172e+01,-6.874476e+01,-6.559571e+01,-6.349525e+01
6.347656e-01,-6.155945e+01,-7.113745e+01,-6.508430e+01,-7.530196e+01
6.388346e-01,-6.159803e+01,-6.405137e+01,-7.170326e+01,-6.488196e+01
6.429036e-01,-6.164536e+01,-6.938550e+01,-6.332385e+01,-6.607356e+01
6.469727e-01,-6.169610e+01,-7.102069e+01,-7.999791e+01,-7.144045e+01
6.510417e-01,-6.177157e+01,-6.410197e+01,-6.413108e+01,-6.360085e+01
6.551107e-01,-6.192021e+01,-6.856456e+01,-6.675440e+01,-7.566920e+01
6.591797e-01,-6.222034e+01,-7.317047e+01,-6.943063e+01,-6.529289e+01
6.632487e-01,-6.278928e+01,-6.432713e+01,-6.348314e+01,-6.526403e+01
6.673177e-01,-6.380959e+01,-6.682765e+01,-7.937545e+01,-7.697681e+01
6.713867e-01,-6.560508e+01,-8.118480e+01,-6.458284e+01,-6.377524e+01
6.754557e-01,-6.891424e+01,-6.518129e+01,-6.555862e+01,-6.877918e+01
6.795247e-01,-7.664600e+01,-6.508859e+01,-7.420867e+01,-6.914165e+01
6.835938e-01,-8.014161e+01,-7.869727e+01,-6.345934e+01,-6.374530e+01
6.876628e-01,-6.901147e+01,-6.774232e+01,-6.941840e+01,-7.362368e+01
6.917318e-01,-6.468783e+01,-6.419195e+01,-6.820205e+01,-6.673187e+01
6.958008e-01,-6.266541e+01,-6.881954e+01,-6.358118e+01,-6.413230e+01
6.998698e-01,-6.234316e+01,-7.632911e+01,-7.448167e+01,-7.851101e+01
7.039388e-01,-6.398288e+01,-6.514289e+01,-6.624837e+01,-6.597821e+01
7.080078e-01,-6.930970e+01,-6.492553e+01,-6.397337e+01,-6.435437e+01
7.120768e-01,-8.536483e+01,-7.398832e+01,-7.892069e+01,-7.952788e+01
7.161458e-01,-6.691716e+01,-7.064101e+01,-6.573361e+01,-6.616665e+01
7.202148e-01,-6.296181e+01,-6.452983e+01,-6.411504e+01,-6.420874e+01
7.242839e-01,-6.292476e+01,-6.566076e+01,-7.848513e+01,-7.546156e+01
7.283529e-01,-6.748324e+01,-7.740305e+01,-6.615687e+01,-6.741401e+01
7.324219e-01,-8.320780e+01,-6.974901e+01,-6.389633e+01,-6.390197e+01
7.364909e-01,-6.534333e+01,-6.453121e+01,-7.380663e+01,-7.047253e+01
7.405599e-01,-6.267960e+01,-6.554695e+01,-6.783944e+01,-7.087705e+01
7.446289e-01,-6.589643e+01,-7.497920e+01,-6.363382e+01,-6.400473e+01
7.486979e-01,-8.747208e+01,-7.169819e+01,-6.898916e+01,-6.656345e+01
7.527669e-01,-6.481644e+01,-6.504385e+01,-7.261777e+01,-8.557068e+01
7.568359e-01,-6.306896e+01,-6.476601e+01,-6.402259e+01,-6.553942e+01
7.609049e-01,-7.069874e+01,-6.994649e+01,-6.547381e+01,-6.428415e+01
7.649740e-01,-6.876980e+01,-8.134559e+01,-8.878664e+01,-7.181638e+01
7.690430e-01,-6.295633e+01,-6.704084e+01,-6.638584e+01,-7.136295e+01
7.731120e-01,-6.786081e+01,-6.439028e+01,-6.377951e+01,-6.432497e+01
7.771810e-01,-7.040294e+01,-6.596171e+01,-6.873238e+01,-6.530069e+01
7.812500e-01,-6.306425e+01,-7.405374e+01,-7.612189e+01,-7.739183e+01
7.853190e-01,-6.935356e+01,-7.485991e+01,-6.489736e+01,-6.911580e+01
7.893880e-01,-6.764502e+01,-6.630513e+01,-6.419685e+01,-6.416759e+01
7.934570e-01,-6.341668e+01,-6.441083e+01,-7.083877e+01,-6.558741e+01
7.975260e-01,-8.155603e+01,-6.600064e+01,-7.367320e+01,-7.712020e+01
8.015951e-01,-6.414890e+01,-7.284075e+01,-6.481076e+01,-7.000022e+01
8.056641e-01,-6.658705e+01,-7.864876e+01,-6.418555e+01,-6.446190e+01
8.097331e-01,-6.888858e+01,-6.758434e+01,-6.966207e+01,-6.485181e+01
8.138021e-01,-6.378040e+01,-6.469543e+01,-7.803719e+01,-7.151103e+01
8.178711e-01,-8.214580e+01,-6.490223e+01,-6.587006e+01,-7.586380e+01
8.219401e-01,-6.341321e+01,-6.817305e+01,-6.388207e+01,-6.590873e+01
8.260091e-01,-7.770078e+01,-7.947434e+01,-6.655475e+01,-6.411883e+01
8.300781e-01,-6.386734e+01,-7.394727e+01,-8.063616e+01,-6.652648e+01
8.341471e-01,-7.218055e+01,-6.694133e+01,-6.997266e+01,-7.765992e+01
8.382161e-01,-6.432052e+01,-6.470176e+01,-6.462183e+01,-7.187719e+01
8.422852e-01,-7.113893e+01,-6.483920e+01,-6.419265e+01,-6.541194e+01
8.463542e-01,-6.434777e+01,-6.727036e+01,-6.776429e+01,-6.419450e+01
8.504232e-01,-7.273990e+01,-7.392184e+01,-8.528437e+01,-6.636562e+01
8.544922e-01,-6.398530e+01,-8.342134e+01,-7.012058e+01,-7.460840e+01
8.585612e-01,-7.983579e+01,-6.998926e+01,-6.496902e+01,-7.582299e+01
8.626302e-01,-6.371939e+01,-6.603230e+01,-6.404177e+01,-6.689600e+01
8.666992e-01,-7.904729e+01,-6.463789e+01,-6.610671e+01,-6.439511e+01
8.707682e-01,-6.444101e+01,-6.490218e+01,-7.321199e+01,-6.471718e+01
8.748372e-01,-6.840933e+01,-6.680377e+01,-7.891610e+01,-6.787441e+01
8.789063e-01,-6.803693e+01,-7.119803e+01,-6.782356e+01,-7.785022e+01
8.829753e-01,-6.443278e+01,-8.484335e+01,-6.462046e+01,-7.529391e+01
8.870443e-01,-9.985775e+01,-7.573537e+01,-6.414613e+01,-6.744452e+01
8.911133e-01,-6.449158e+01,-6.897349e+01,-6.587200e+01,-6.477602e+01
8.951823e-01,-6.718730e+01,-6.606706e+01,-7.081084e+01,-6.435885e+01
8.992513e-01,-7.273359e+01,-6.481692e+01,-9.725448e+01,-6.578508e+01
9.033203e-01,-6.405245e+01,-6.468387e+01,-7.185771e+01,-6.965485e+01
9.073893e-01,-6.907744e+01,-6.553515e+01,-6.657802e+01,-8.072198e+01
9.114583e-01,-7.140512e+01,-6.748958e+01,-6.452609e+01,-7.630826e+01
9.155273e-01,-6.416012e+01,-7.109625e+01,-6.419206e+01,-6.872107e+01
9.195964e-01,-6.778348e+01,-7.878415e+01,-6.528163e+01,-6.569100e+01
9.236654e-01,-7.710862e+01,-8.555453e+01,-6.805915e+01,-6.449370e+01
9.277344e-01,-6.502046e+01,-7.353395e+01,-7.405698e+01,-6.452423e+01
9.318034e-01,-6.509986e+01,-6.918738e+01,-9.551016e+01,-6.565920e+01
9.358724e-01,-7.546451e+01,-6.683321e+01,-7.308377e+01,-6.810115e+01
9.399414e-01,-7.008151e+01,-6.550263e+01,-6.807593e+01,-7.275310e+01
9.440104e-01,-6.456144e+01,-6.484647e+01,-6.566325e+01,-8.569831e+01
9.480794e-01,-6.544668e+01,-6.470444e+01,-6.452540e+01,-7.816002e+01
9.521484e-01,-7.359897e+01,-6.499860e+01,-6.424652e+01,-7.101059e+01
9.562174e-01,-7.400810e+01,-6.569896e+01,-6.466792e+01,-6.771161e+01
9.602865e-01,-6.593866e+01,-6.681457e+01,-6.575757e+01,-6.588420e+01
9.643555e-01,-6.442104e+01,-6.840105e+01,-6.759761e+01,-6.490193e+01
9.684245e-01,-6.631791e+01,-7.059236e+01,-7.046518e+01,-6.450508e+01
9.724935e-01,-7.314232e+01,-7.369975e+01,-7.521375e+01,-6.456367e+01
9.765625e-01,-8.097874e+01,-7.860368e+01,-8.661639e+01,-6.500874e+01
9.806315e-01,-6.892270e+01,-9.014304e+01,-8.259715e+01,-6.580755e+01
9.847005e-01,-6.549579e+01,-8.598843e+01,-7.468673e+01,-6.695554e+01
9.887695e-01,-6.456303e+01,-7.807050e+01,-7.102423e+01,-6.847792e+01
9.928385e-01,-6.518886e+01,-7.433285e+01,-6.880406e+01,-7.044238e+01
9.969076e-01,-6.721421e+01,-7.199893e+01,-6.733416e+01,-7.299497e+01
1.000977e+00,-7.104013e+01,-7.038684e+01,-6.632796e+01,-7.646634e+01
1.005046e+00,-7.891547e+01,-6.921784e+01,-6.563482e+01,-8.179694e+01
1.009115e+00,-8.697064e+01,-6.834857e+01,-6.516314e+01,-9.451863e+01
1.013184e+00,-7.483461e+01,-6.769461e+01,-6.485132e+01,-8.876574e+01
1.017253e+00,-7.073059e+01,-6.720161e+01,-6.465493e+01,-8.151542e+01
1.021322e+00,-6.856126e+01,-6.683246e+01,-6.454039e+01,-7.815221e+01
1.025391e+00,-6.729555e+01,-6.656095e+01,-6.448165e+01,-7.615462e+01
1.029460e+00,-6.654478e+01,-6.636832e+01,-6.445849e+01,-7.488674e+01
1.033529e+00,-6.611626e+01,-6.624131e+01,-6.445560e+01,-7.409488e+01
1.037598e+00,-6.590411e+01,-6.617105e+01,-6.446219e+01,-7.365940e+01
1.041667e+00,-6.585326e+01,-6.615244e+01,-6.447177e+01,-7.352414e+01
1.045736e+00,-6.594648e+01,-6.618382e+01,-6.448217e+01,-7.367226e+01
1.049805e+00,-6.620100e+01,-6.626685e+01,-6.449549e+01,-7.411997e+01
1.053874e+00,-6.667189e+01,-6.640663e+01,-6.451813e+01,-7.492253e+01
1.057943e+00,-6.746504e+01,-6.661202e+01,-6.456081e+01,-7.619796e+01
1.062012e+00,-6.877313e+01,-6.689626e+01,-6.463875e+01,-7.819612e+01
1.066081e+00,-7.098486e+01,-6.727812e+01,-6.477209e+01,-8.154026e+01
1.070150e+00,-7.513128e+01,-6.778380e+01,-6.498674e+01,-8.866547e+01
1.074219e+00,-8.730973e+01,-6.845039e+01,-6.531614e+01,-9.519434e+01
1.078288e+00,-7.929700e+01,-6.933221e+01,-6.580448e+01,-8.209498e+01
1.082357e+00,-7.146411e+01,-7.051363e+01,-6.651294e+01,-7.672740e+01
1.086426e+00,-6.768066e+01,-7.213791e+01,-6.753243e+01,-7.325130e+01
1.090495e+00,-6.569780e+01,-7.448352e+01,-6.901204e+01,-7.070362e+01
1.094564e+00,-6.511448e+01,-7.823146e+01,-7.123456e+01,-6.874806e+01
1.098633e+00,-6.608978e+01,-8.615149e+01,-7.487894e+01,-6.723644e+01
1.102702e+00,-6.955926e+01,-9.036566e+01,-8.265476e+01,-6.610004e+01
1.106771e+00,-8.165788e+01,-7.881782e+01,-8.736726e+01,-6.531300e+01
1.110840e+00,-7.386408e+01,-7.392336e+01,-7.567075e+01,-6.487938e+01
1.114909e+00,-6.708233e+01,-7.082742e+01,-7.089066e+01,-6.483132e+01
1.118978e+00,-6.522814e+01,-6.864819e+01,-6.801972e+01,-6.523697e+01
1.123047e+00,-6.678849e+01,-6.707404e+01,-6.618451e+01,-6.622472e+01
1.127116e+00,-7.490068e+01,-6.597088e+01,-6.510252e+01,-6.805059e+01
1.131185e+00,-7.453435e+01,-6.528303e+01,-6.468919e+01,-7.132891e+01
1.135254e+00,-6.642490e+01,-6.500138e+01,-6.497460e+01,-7.835968e+01
1.139323e+00,-6.558255e+01,-6.515587e+01,-6.611452e+01,-8.672623e+01
1.143392e+00,-7.114555e+01,-6.582438e+01,-6.851742e+01,-7.333608e+01
1.147461e+00,-7.657152e+01,-6.716705e+01,-7.347035e+01,-6.863991e+01
1.151530e+00,-6.624991e+01,-6.953265e+01,-9.424218e+01,-6.618666e+01
1.155599e+00,-6.621358e+01,-7.388851e+01,-7.478883e+01,-6.504848e+01
1.159668e+00,-7.834487e+01,-8.589583e+01,-6.871314e+01,-6.501535e+01
1.163737e+00,-6.906292e+01,-7.918881e+01,-6.591799e+01,-6.620452e+01
1.167806e+00,-6.548280e+01,-7.150422e+01,-6.482225e+01,-6.920633e+01
1.171875e+00,-7.277111e+01,-6.790794e+01,-6.514989e+01,-7.664629e+01
1.175944e+00,-7.048679e+01,-6.596516e+01,-6.718390e+01,-8.178381e+01
1.180013e+00,-6.550523e+01,-6.512590e+01,-7.238977e+01,-7.038928e+01
1.184082e+00,-7.422986e+01,-6.527099e+01,-1.020091e+02,-6.647452e+01
1.188151e+00,-6.872713e+01,-6.653284e+01,-7.167835e+01,-6.502995e+01
1.192220e+00,-6.607504e+01,-6.944984e+01,-6.667191e+01,-6.543008e+01
1.196289e+00,-1.014849e+02,-7.621619e+01,-6.492317e+01,-6.806263e+01
1.200358e+00,-6.610373e+01,-8.539493e+01,-6.537752e+01,-7.574042e+01
1.204427e+00,-6.975174e+01,-7.172807e+01,-6.853515e+01,-7.898304e+01
1.208496e+00,-7.016806e+01,-6.734275e+01,-7.929844e+01,-6.872737e+01
1.212565e+00,-6.624376e+01,-6.545235e+01,-7.429555e+01,-6.552128e+01
1.216634e+00,-8.089413e+01,-6.519966e+01,-6.704536e+01,-6.516977e+01
1.220703e+00,-6.561041e+01,-6.660528e+01,-6.494103e+01,-6.762349e+01
1.224772e+00,-8.177108e+01,-7.057120e+01,-6.583284e+01,-7.631623e+01
1.228841e+00,-6.596494e+01,-8.398116e+01,-7.088654e+01,-7.576561e+01
1.232910e+00,-7.476399e+01,-7.455303e+01,-8.743407e+01,-6.731326e+01
1.236979e+00,-6.641641e+01,-6.790604e+01,-6.885452e+01,-6.508993e+01
1.241048e+00,-7.325221e+01,-6.548525e+01,-6.521095e+01,-6.625891e+01
1.245117e+00,-6.647853e+01,-6.535894e+01,-6.559293e+01,-7.257358e+01
1.249186e+00,-7.438340e+01,-6.760873e+01,-7.082643e+01,-7.911209e+01
1.253255e+00,-6.611513e+01,-7.461755e+01,-8.245245e+01,-6.758330e+01
1.257324e+00,-7.999362e+01,-8.020654e+01,-6.773279e+01,-6.510628e+01
1.261393e+00,-6.575121e+01,-6.889402e+01,-6.498551e+01,-6.682884e+01
1.265462e+00,-8.452906e+01,-6.563237e+01,-6.690195e+01,-7.646260e+01
1.269531e+00,-6.620904e+01,-6.543621e+01,-7.861371e+01,-7.280399e+01
1.273600e+00,-7.136272e+01,-6.833429e+01,-7.102352e+01,-6.596374e+01
1.277669e+00,-6.910680e+01,-7.938728e+01,-6.540311e+01,-6.550124e+01
1.281738e+00,-6.671438e+01,-7.364144e+01,-6.595165e+01,-7.088688e+01
1.285807e+00,-8.416737e+01,-6.680417e+01,-7.453709e+01,-7.881042e+01
1.289876e+00,-6.607400e+01,-6.522419e+01,-7.234411e+01,-6.680803e+01
1.293945e+00,-7.034846e+01,-6.712795e+01,-6.550523e+01,-6.529681e+01
1.298014e+00,-7.210324e+01,-7.568009e+01,-6.611379e+01,-7.009269e+01
1.302083e+00,-6.586030e+01,-7.493105e+01,-7.690867e+01,-7.922693e+01
1.306152e+00,-7.324551e+01,-6.683797e+01,-7.026521e+01,-6.659644e+01
1.310221e+00,-7.075003e+01,-6.527583e+01,-6.514857e+01,-6.551603e+01
1.314290e+00,-6.589234e+01,-6.793474e+01,-6.763102e+01,-7.231836e+01
1.318359e+00,-7.175276e+01,-8.220816e+01,-9.321204e+01,-7.342147e+01
1.322428e+00,-7.372878e+01,-7.088940e+01,-6.699508e+01,-6.561883e+01
1.326497e+00,-6.614624e+01,-6.571383e+01,-6.541816e+01,-6.675043e+01
1.330566e+00,-6.794111e+01,-6.600069e+01,-7.369492e+01,-8.524344e+01
1.334635e+00,-9.064430e+01,-7.265634e+01,-7.071095e+01,-6.805678e+01
1.338704e+00,-6.911636e+01,-7.599642e+01,-6.514587e+01,-6.534743e+01
1.342773e+00,-6.594740e+01,-6.655727e+01,-6.916692e+01,-7.195520e+01
1.346842e+00,-6.865918e+01,-6.554989e+01,-7.585745e+01,-7.219232e+01
1.350911e+00,-8.657185e+01,-7.077138e+01,-6.551040e+01,-6.535237e+01
1.354980e+00,-7.089567e+01,-7.849317e+01,-6.760246e+01,-6.867845e+01
1.359049e+00,-6.638574e+01,-6.673310e+01,-8.105935e+01,-7.757323e+01
1.363118e+00,-6.647153e+01,-6.560990e+01,-6.581465e+01,-6.575258e+01
1.367188e+00,-7.047579e+01,-7.172231e+01,-6.725425e+01,-6.753063e+01
1.371257e+00,-8.897256e+01,-7.512898e+01,-8.166783e+01,-8.218617e+01
1.375326e+00,-7.296672e+01,-6.605896e+01,-6.573623e+01,-6.597324e+01
1.379395e+00,-6.768939e+01,-6.628357e+01,-6.780767e+01,-6.740302e+01
1.383464e+00,-6.609934e+01,-7.745268e+01,-7.686607e+01,-8.114329e+01
1.387533e+00,-6.647147e+01,-7.001037e+01,-6.538334e+01,-6.580255e+01
1.391602e+00,-6.854397e+01,-6.538593e+01,-6.973772e+01,-6.817835e+01
1.395671e+00,-7.291789e+01,-6.894060e+01,-7.156340e+01,-7.585860e+01
1.399740e+00,-8.409854e+01,-7.997680e+01,-6.527688e+01,-6.544273e+01
1.403809e+00,-8.065364e+01,-6.633602e+01,-7.545277e+01,-7.053184e+01
1.407878e+00,-7.297281e+01,-6.643467e+01,-6.760148e+01,-7.079466e+01
1.411947e+00,-6.971480e+01,-8.238563e+01,-6.637826e+01,-6.547475e+01
1.416016e+00,-6.797069e+01,-6.812978e+01,-8.265366e+01,-7.786112e+01
1.420085e+00,-6.700198e+01,-6.563355e+01,-6.547464e+01,-6.718151e+01
1.424154e+00,-6.648489e+01,-7.446693e+01,-7.105441e+01,-6.694903e+01
1.428223e+00,-6.623684e+01,-6.992241e+01,-6.898581e+01,-7.834535e+01
1.432292e+00,-6.614052e+01,-6.546097e+01,-6.605732e+01,-6.546003e+01
1.436361e+00,-6.611763e+01,-7.237500e+01,-8.362242e+01,-7.282798e+01
1.440430e+00,-6.611971e+01,-7.079806e+01,-6.542154e+01,-6.815190e+01
1.444499e+00,-6.612546e+01,-6.546269e+01,-7.327823e+01,-6.665377e+01
1.448568e+00,-6.614022e+01,-7.254269e+01,-6.736451e+01,-7.810621e+01
1.452637e+00,-6.619609e+01,-7.020889e+01,-6.754784e+01,-6.544452e+01
1.456706e+00,-6.635297e+01,-6.555090e+01,-7.229244e+01,-7.622401e+01
1.460775e+00,-6.670312e+01,-7.519045e+01,-6.566607e+01,-6.676609e+01
1.464844e+00,-6.738532e+01,-6.852005e+01,-8.760238e+01,-6.864987e+01
1.468913e+00,-6.862456e+01,-6.600163e+01,-6.541287e+01,-7.054613e+01
1.472982e+00,-7.085435e+01,-8.654548e+01,-7.740300e+01,-6.615237e+01
1.477051e+00,-7.523495e+01,-6.665557e+01,-6.609002e+01,-7.934812e+01
1.481120e+00,-8.984356e+01,-6.758881e+01,-7.139357e+01,-6.549088e+01
1.485189e+00,-7.795443e+01,-7.678378e+01,-6.731184e+01,-8.349930e+01
1.489258e+00,-7.091004e+01,-6.556216e+01,-6.885380e+01,-6.581996e+01
1.493327e+00,-6.763181e+01,-7.261181e+01,-6.875863e+01,-7.371788e+01
1.497396e+00,-6.626855e+01,-6.871575e+01,-6.760759e+01,-6.671499e+01
1.501465e+00,-6.661953e+01,-6.638227e+01,-7.008509e+01,-7.030434e+01
1.505534e+00,-6.932071e+01,-8.435607e+01,-6.702584e+01,-6.785848e+01
1.509603e+00,-7.819379e+01,-6.570894e+01,-7.091821e+01,-6.866260e+01
1.513672e+00,-7.690060e+01,-7.228455e+01,-6.685507e+01,-6.894453e+01
1.517741e+00,-6.847772e+01,-6.831568e+01,-7.097624e+01,-6.787286e+01
1.521810e+00,-6.622857e+01,-6.698635e+01,-6.701993e+01,-6.966992e+01
1.525879e+00,-6.767639e+01,-7.591225e+01,-7.023843e+01,-6.760114e+01
1.529948e+00,-7.606541e+01,-6.561081e+01,-6.758633e+01,-6.980644e+01
1.534017e+00,-7.477223e+01,-8.277498e+01,-6.896173e+01,-6.774041e+01
1.538086e+00,-6.710877e+01,-6.611023e+01,-6.879766e+01,-6.930850e+01
1.542155e+00,-6.668399e+01,-7.157909e+01,-6.752231e+01,-6.834226e+01
1.546224e+00,-7.364770e+01,-6.792269e+01,-7.126439e+01,-6.834124e+01
1.550293e+00,-7.443969e+01,-6.807411e+01,-6.628310e+01,-6.965099e+01
1.554362e+00,-6.662291e+01,-7.088737e+01,-7.705975e+01,-6.719504e+01
1.558431e+00,-6.787657e+01,-6.655085e+01,-6.558579e+01,-7.232124e+01
1.562500e+00,-9.434177e+01,-7.509012e+01,-8.889960e+01,-6.618958e+01
1.566569e+00,-6.816900e+01,-6.591860e+01,-6.584586e+01,-7.878361e+01
1.570638e+00,-6.677359e+01,-8.090709e+01,-7.248022e+01,-6.565294e+01
1.574707e+00,-8.073002e+01,-6.571172e+01,-6.782729e+01,-8.582763e+01
1.578776e+00,-6.854652e+01,-8.899591e+01,-6.748752e+01,-6.599214e+01
1.582845e+00,-6.691766e+01,-6.567674e+01,-7.409303e+01,-7.237502e+01
1.586914e+00,-9.193987e+01,-9.653478e+01,-6.564047e+01,-6.793645e+01
1.590983e+00,-6.720409e+01,-6.568810e+01,-8.077606e+01,-6.763298e+01
1.595052e+00,-6.872940e+01,-9.071738e+01,-6.663674e+01,-7.379963e+01
1.599121e+00,-7.498681e+01,-6.573603e+01,-6.849539e+01,-6.576505e+01
1.603190e+00,-6.623989e+01,-8.211582e+01,-7.312957e+01,-8.314077e+01
1.607259e+00,-7.904673e+01,-6.593278e+01,-6.564898e+01,-6.650636e+01
1.611328e+00,-6.728865e+01,-7.584602e+01,-7.654257e+01,-6.916409e+01
1.615397e+00,-6.997634e+01,-6.653623e+01,-6.778435e+01,-7.191355e+01
1.619466e+00,-7.031987e+01,-7.132662e+01,-6.674167e+01,-6.583575e+01
1.623535e+00,-6.743503e+01,-6.804904e+01,-8.838966e+01,-8.037753e+01
1.627604e+00,-7.463121e+01,-6.814591e+01,-6.624263e+01,-6.715418e+01
1.631673e+00,-6.660698e+01,-7.170075e+01,-6.840556e+01,-6.753473e+01
1.635742e+00,-7.894856e+01,-6.623410e+01,-7.674452e+01,-7.905363e+01
1.639811e+00,-6.639979e+01,-8.501918e+01,-6.585885e+01,-6.592285e+01
1.643880e+00,-8.006773e+01,-6.584383e+01,-6.940953e+01,-7.019090e+01
1.647949e+00,-6.646539e+01,-7.426577e+01,-7.523420e+01,-7.258326e+01
1.652018e+00,-7.670294e+01,-6.784930e+01,-6.587089e+01,-6.575884e+01
1.656087e+00,-6.693175e+01,-6.753386e+01,-6.897560e+01,-7.235514e+01
1.660156e+00,-7.212746e+01,-7.648949e+01,-7.817322e+01,-7.102061e+01
1.664225e+00,-6.848010e+01,-6.581321e+01,-6.626482e+01,-6.579097e+01
1.668294e+00,-6.843000e+01,-7.409485e+01,-6.745232e+01,-7.243508e+01
1.672363e+00,-7.325805e+01,-6.871816e+01,-1.010573e+02,-7.170468e+01
1.676432e+00,-6.638170e+01,-6.654628e+01,-6.780052e+01,-6.580403e+01
1.680501e+00,-8.745985e+01,-1.012330e+02,-6.600930e+01,-7.034878e+01
1.684570e+00,-6.693990e+01,-6.677943e+01,-7.324611e+01,-7.564255e+01
1.688639e+00,-6.942077e+01,-6.785354e+01,-7.324801e+01,-6.620550e+01
1.692708e+00,-7.389337e+01,-8.123030e+01,-6.611454e+01,-6.766755e+01
1.696777e+00,-6.618751e+01,-6.635436e+01,-6.717433e+01,-9.570050e+01
1.700846e+00,-7.356774e+01,-6.828002e+01,-7.975658e+01,-6.824508e+01
1.704915e+00,-7.056346e+01,-8.172566e+01,-7.079705e+01,-6.595369e+01
1.708984e+00,-6.625631e+01,-6.663489e+01,-6.595925e+01,-7.143821e+01
1.713053e+00,-7.416652e+01,-6.736566e+01,-6.726387e+01,-7.688962e+01
1.717122e+00,-7.133872e+01,-9.162143e+01,-7.744233e+01,-6.684212e+01
1.721191e+00,-6.616755e+01,-6.818650e+01,-7.291699e+01,-6.635478e+01
1.725260e+00,-7.034755e+01,-6.610942e+01,-6.657357e+01,-7.300438e+01
1.729329e+00,-7.890954e+01,-7.266696e+01,-6.615269e+01,-7.623915e+01
1.733398e+00,-6.715907e+01,-7.457097e+01,-7.038035e+01,-6.710277e+01
1.737467e+00,-6.672831e+01,-6.651148e+01,-1.054277e+02,-6.607576e+01
1.741536e+00,-7.419310e+01,-6.683636e+01,-7.037901e+01,-7.018224e+01
1.745605e+00,-7.512544e+01,-7.539740e+01,-6.633593e+01,-9.606086e+01
1.749674e+00,-6.712642e+01,-7.391613e+01,-6.614242e+01,-6.973274e+01
1.753743e+00,-6.637321e+01,-6.679411e+01,-6.917661e+01,-6.612861e+01
1.757813e+00,-7.037530e+01,-6.629591e+01,-7.959433e+01,-6.665358e+01
1.761882e+00,-1.013640e+02,-7.065192e+01,-7.601773e+01,-7.148086e+01
1.765951e+00,-7.116366e+01,-9.817186e+01,-6.860669e+01,-9.534249e+01
1.770020e+00,-6.681658e+01,-7.041317e+01,-6.620836e+01,-7.086048e+01
1.774089e+00,-6.619336e+01,-6.649247e+01,-6.606107e+01,-6.672551e+01
1.778158e+00,-6.815152e+01,-6.623818e+01,-6.777924e+01,-6.599874e+01
1.782227e+00,-7.375082e+01,-6.884622e+01,-7.201771e+01,-6.772658e+01
1.786296e+00,-9.849796e+01,-7.657804e+01,-8.434456e+01,-7.290744e+01
1.790365e+00,-7.343996e+01,-8.125040e+01,-7.785437e+01,-1.389477e+02
1.794434e+00,-6.871324e+01,-7.076078e+01,-7.076544e+01,-7.328609e+01
1.798503e+00,-6.672745e+01,-6.736199e+01,-6.777680e+01,-6.831729e+01
1.802572e+00,-6.607143e+01,-6.615344e+01,-6.639026e+01,-6.637714e+01
1.806641e+00,-6.627141e+01,-6.622537e+01,-6.595365e+01,-6.601547e+01
1.810710e+00,-6.710550e+01,-6.727213e+01,-6.619743e+01,-6.685952e+01
1.814779e+00,-6.845139e+01,-6.922177e+01,-6.699011e+01,-6.892530e+01
1.818848e+00,-7.023309e+01,-7.220074e+01,-6.826908e+01,-7.269657e+01
1.822917e+00,-7.239134e+01,-7.672440e+01,-7.001852e+01,-8.049732e+01
1.826986e+00,-7.485038e+01,-8.497151e+01,-7.226753e+01,-8.809985e+01
1.831055e+00,-7.745760e+01,-9.520585e+01,-7.510557e+01,-7.595800e+01
1.835124e+00,-7.987565e+01,-8.270807e+01,-7.872966e+01,-7.171473e+01
1.839193e+00,-8.149148e+01,-7.912561e+01,-8.358738e+01,-6.941000e+01
1.843262e+00,-8.164479e+01,-7.774089e+01,-9.098238e+01,-6.802763e+01
1.847331e+00,-8.025611e+01,-7.767160e+01,-1.117010e+02,-6.718164e+01
1.851400e+00,-7.792224e+01,-7.890380e+01,-9.957858e+01,-6.667371e+01
1.855469e+00,-7.530065e+01,-8.226110e+01,-9.923498e+01,-6.638322e+01
1.859538e+00,-7.277971e+01,-9.365334e+01,-1.167782e+02,-6.622978e+01
1.863607e+00,-7.053833e+01,-8.509596e+01,-9.146125e+01,-6.615854e+01
1.867676e+00,-6.866128e+01,-7.647594e+01,-8.375596e+01,-6.613446e+01
1.871745e+00,-6.720794e+01,-7.181978e+01,-7.874529e+01,-6.614045e+01
1.875814e+00,-6.624887e+01,-6.880716e+01,-7.501788e+01,-6.617727e+01
1.879883e+00,-6.589436e+01,-6.694479e+01,-7.210628e+01,-6.626441e+01
1.883952e+00,-6.633984e+01,-6.618643e+01,-6.981272e+01,-6.644189e+01
1.888021e+00,-6.798612e+01,-6.679080e+01,-6.805641e+01,-6.677447e+01
1.892090e+00,-7.192420e+01,-6.962116e+01,-6.682600e+01,-6.736139e+01
1.896159e+00,-8.515012e+01,-7.905633e+01,-6.616867e+01,-6.836025e+01
1.900228e+00,-7.548963e+01,-7.602182e+01,-6.620469e+01,-7.005148e+01
1.904297e+00,-6.861897e+01,-6.808313e+01,-6.718693e+01,-7.305537e+01
1.908366e+00,-6.609791e+01,-6.620768e+01,-6.971115e+01,-7.953595e+01
1.912435e+00,-6.618032e+01,-6.878790e+01,-7.587181e+01,-8.967472e+01
1.916504e+00,-6.952574e+01,-8.871003e+01,-8.703935e+01,-7.477324e+01
1.920573e+00,-8.537465e+01,-6.962343e+01,-7.186078e+01,-6.973305e+01
1.924642e+00,-7.168805e+01,-6.622658e+01,-6.747694e+01,-6.715559e+01
1.928711e+00,-6.638070e+01,-7.119407e+01,-6.613407e+01,-6.616914e+01
1.932780e+00,-6.623062e+01,-7.468208e+01,-6.739123e+01,-6.678269e+01
1.936849e+00,-7.196002e+01,-6.630731e+01,-7.316850e+01,-6.976748e+01
1.940918e+00,-7.775449e+01,-7.116709e+01,-8.222974e+01,-7.968853e+01
1.944987e+00,-6.695846e+01,-7.162414e+01,-6.893733e+01,-7.592417e+01
1.949056e+00,-6.611931e+01,-6.645646e+01,-6.617831e+01,-6.822170e+01
1.953125e+00,-7.378378e+01,-9.345332e+01,-6.820326e+01,-6.618751e+01
1.957194e+00,-7.228039e+01,-6.649697e+01,-8.284199e+01,-6.791046e+01
1.961263e+00,-6.578028e+01,-7.471936e+01,-7.046819e+01,-7.770278e+01
1.965332e+00,-6.875236e+01,-6.713672e+01,-6.620104e+01,-7.320076e+01
1.969401e+00,-7.917607e+01,-7.355018e+01,-6.941487e+01,-6.669759e+01
1.973470e+00,-6.613818e+01,-6.679780e+01,-8.195735e+01,-6.722819e+01
1.977539e+00,-6.803596e+01,-8.005269e+01,-6.706554e+01,-7.875734e+01
1.981608e+00,-7.862786e+01,-6.620643e+01,-6.768596e+01,-7.043578e+01
1.985677e+00,-6.582046e+01,-7.546659e+01,-9.172871e+01,-6.621759e+01
1.989746e+00,-6.989504e+01,-6.892398e+01,-6.698315e+01,-7.195505e+01
1.993815e+00,-7.154892e+01,-6.665754e+01,-6.877568e+01,-7.264486e+01
1.997884e+00,-6.566660e+01,-7.840207e+01,-7.531316e+01,-6.622270e+01
2.001953e+00,-8.141879e+01,-7.044970e+01,-6.622194e+01,-7.417061e+01
2.006022e+00,-6.645676e+01,-6.618799e+01,-7.893242e+01,-6.925245e+01
2.010091e+00,-6.911561e+01,-6.781651e+01,-6.712642e+01,-6.720205e+01
2.014160e+00,-7.021862e+01,-7.526734e+01,-7.111131e+01,-8.009319e+01
2.018229e+00,-6.625869e+01,-8.252640e+01,-6.859007e+01,-6.623180e+01
2.022298e+00,-7.754274e+01,-7.168586e+01,-6.964376e+01,-8.395762e+01
2.026367e+00,-6.550013e+01,-6.860253e+01,-6.864735e+01,-6.640374e+01
2.030436e+00,-1.039751e+02,-6.743594e+01,-7.101773e+01,-8.053196e+01
2.034505e+00,-6.542639e+01,-6.712599e+01,-6.711694e+01,-6.628764e+01
2.038574e+00,-8.541860e+01,-6.744626e+01,-8.041915e+01,-9.296107e+01
2.042643e+00,-6.542943e+01,-6.876549e+01,-6.630619e+01,-6.660343e+01
2.046712e+00,-8.691133e+01,-7.267656e+01,-7.183673e+01,-7.077044e+01
2.050781e+00,-6.534964e+01,-1.088899e+02,-7.253191e+01,-7.268604e+01
2.054850e+00,-8.974355e+01,-7.068954e+01,-6.627169e+01,-6.621857e+01
2.058919e+00,-6.545472e+01,-6.589881e+01,-6.868618e+01,-6.961541e+01
2.062988e+00,-7.503360e+01,-6.802250e+01,-8.291249e+01,-1.064147e+02
2.067057e+00,-6.648996e+01,-7.910865e+01,-7.423093e+01,-7.118011e+01
2.071126e+00,-6.876521e+01,-6.555452e+01,-6.920520e+01,-6.771317e+01
2.075195e+00,-7.031929e+01,-7.712405e+01,-6.804062e+01,-6.697535e+01
2.079264e+00,-6.565586e+01,-6.554376e+01,-6.924762e+01,-6.806587e+01
2.083333e+00,-1.400000e+02,-1.400000e+02,-1.400000e+02,-1.400000e+02
2.087402e+00,-1.400000e+02,-1.400000e+02,-1.400000e+02,-1.400000e+02
2.091471e+00,-1.400000e+02,-1.400000e+02,-1.400000e+02,-1.400000e+02
2.095540e+00,-1.400000e+02,-1.400000e+02,-1.400000e+02,-1.400000e+02
2.099609e+00,-1.400000e+02,-1.400000e+02,-1.400000e+02,-1.400000e+02
2.103678e+00,-1.400000e+02,-1.400000e+02,-1.400000e+02,-1.400000e+02
2.107747e+00,-1.400000e+02,-1.400000e+02,-1.400000e+02,-1.400000e+02
2.111816e+00,-1.400000e+02,-1.400000e+02,-1.400000e+02,-1.400000e+02
2.115885e+00,-1.400000e+02,-1.400000e+02,-1.400000e+02,-1.400000e+02
2.119954e+00,-1.400000e+02,-1.400000e+02,-1.400000e+02,-1.400000e+02
2.124023e+00,-1.400000e+02,-1.400000e+02,-1.400000e+02,-1.400000e+02
2.128092e+00,-1.400000e+02,-1.400000e+02,-1.400000e+02,-1.400000e+02
2.132161e+00,-1.400000e+02,-1.400000e+02,-1.400000e+02,-1.400000e+02
2.136230e+00,-1.400000e+02,-1.400000e+02,-1.400000e+02,-1.400000e+02
2.140299e+00,-1.400000e+02,-1.400000e+02,-1.400000e+02,-1.400000e+02
2.144368e+00,-1.400000e+02,-1.400000e+02,-1.400000e+02,-1.400000e+02
2.148438e+00,-1.400000e+02,-1.400000e+02,-1.400000e+02,-1.400000e+02
2.152507e+00,-1.400000e+02,-1.400000e+02,-1.400000e+02,-1.400000e+02
2.156576e+00,-1.400000e+02,-1.400000e+02,-1.400000e+02,-1.400000e+02
2.160645e+00,-1.400000e+02,-1.400000e+02,-1.400000e+02,-1.400000e+02
2.164714e+00,-1.400000e+02,-1.400000e+02,-1.400000e+02,-1.400000e+02
2.168783e+00,-1.400000e+02,-1.400000e+02,-1.400000e+02,-1.400000e+02
2.172852e+00,-1.400000e+02,-1.400000e+02,-1.400000e+02,-1.400000e+02
2.176921e+00,-1.400000e+02,-1.400000e+02,-1.400000e+02,-1.400000e+02
2.180990e+00,-1.400000e+02,-1.400000e+02,-1.400000e+02,-1.400000e+02
2.185059e+00,-1.400000e+02,-1.400000e+02,-1.400000e+02,-1.400000e+02
2.189128e+00,-1.400000e+02,-1.400000e+02,-1.400000e+02,-1.400000e+02
2.193197e+00,-1.400000e+02,-1.400000e+02,-1.400000e+02,-1.400000e+02
2.197266e+00,-1.400000e+02,-1.400000e+02,-1.400000e+02,-1.400000e+02
2.201335e+00,-1.400000e+02,-1.400000e+02,-1.400000e+02,-1.400000e+02
2.205404e+00,-1.400000e+02,-1.400000e+02,-1.400000e+02,-1.400000e+02
2.209473e+00,-1.400000e+02,-1.400000e+02,-1.400000e+02,-1.400000e+02
2.213542e+00,-1.400000e+02,-1.400000e+02,-1.400000e+02,-1.400000e+02
2.217611e+00,-1.400000e+02,-1.400000e+02,-1.400000e+02,-1.400000e+02
2.221680e+00,-1.400000e+02,-1.400000e+02,-1.400000e+02,-1.400000e+02
2.225749e+00,-1.400000e+02,-1.400000e+02,-1.400000e+02,-1.400000e+02
2.229818e+00,-1.400000e+02,-1.400000e+02,-1.400000e+02,-1.400000e+02
2.233887e+00,-1.400000e+02,-1.400000e+02,-1.400000e+02,-1.400000e+02
2.237956e+00,-1.400000e+02,-1.400000e+02,-1.400000e+02,-1.400000e+02
2.242025e+00,-1.400000e+02,-1.400000e+02,-1.400000e+02,-1.400000e+02
2.246094e+00,-1.400000e+02,-1.400000e+02,-1.400000e+02,-1.400000e+02
2.250163e+00,-1.400000e+02,-1.400000e+02,-1.400000e+02,-1.400000e+02
2.254232e+00,-1.400000e+02,-1.400000e+02,-1.400000e+02,-1.400000e+02
2.258301e+00,-1.400000e+02,-1.400000e+02,-1.400000e+02,-1.400000e+02
2.262370e+00,-1.400000e+02,-1.400000e+02,-1.400000e+02,-1.400000e+02
2.266439e+00,-1.400000e+02,-1.400000e+02,-1.400000e+02,-1.400000e+02
2.270508e+00,-1.400000e+02,-1.400000e+02,-1.400000e+02,-1.400000e+02
2.274577e+00,-1.400000e+02,-1.400000e+02,-1.400000e+02,-1.400000e+02
2.278646e+00,-1.400000e+02,-1.400000e+02,-1.400000e+02,-1.400000e+02
2.282715e+00,-1.400000e+02,-1.400000e+02,-1.400000e+02,-1.400000e+02
2.286784e+00,-1.400000e+02,-1.400000e+02,-1.400000e+02,-1.400000e+02
2.290853e+00,-1.400000e+02,-1.400000e+02,-1.400000e+02,-1.400000e+02
2.294922e+00,-1.400000e+02,-1.400000e+02,-1.400000e+02,-1.400000e+02
2.298991e+00,-1.400000e+02,-1.400000e+02,-1.400000e+02,-1.400000e+02
2.303060e+00,-1.400000e+02,-1.400000e+02,-1.400000e+02,-1.400000e+02
2.307129e+00,-1.400000e+02,-1.400000e+02,-1.400000e+02,-1.400000e+02
2.311198e+00,-1.400000e+02,-1.400000e+02,-1.400000e+02,-1.400000e+02
2.315267e+00,-1.400000e+02,-1.400000e+02,-1.400000e+02,-1.400000e+02
2.319336e+00,-1.400000e+02,-1.400000e+02,-1.400000e+02,-1.400000e+02
2.323405e+00,-1.400000e+02,-1.400000e+02,-1.400000e+02,-1.400000e+02
2.327474e+00,-1.400000e+02,-1.400000e+02,-1.400000e+02,-1.400000e+02
2.331543e+00,-1.400000e+02,-1.400000e+02,-1.400000e+02,-1.400000e+02
2.335612e+00,-1.400000e+02,-1.400000e+02,-1.400000e+02,-1.400000e+02
2.339681e+00,-1.400000e+02,-1.400000e+02,-1.400000e+02,-1.400000e+02
2.343750e+00,-1.400000e+02,-1.400000e+02,-1.400000e+02,-1.400000e+02
2.347819e+00,-1.400000e+02,-1.400000e+02,-1.400000e+02,-1.400000e+02
2.351888e+00,-1.400000e+02,-1.400000e+02,-1.400000e+02,-1.400000e+02
2.355957e+00,-1.400000e+02,-1.400000e+02,-1.400000e+02,-1.400000e+02
2.360026e+00,-1.400000e+02,-1.400000e+02,-1.400000e+02,-1.400000e+02
2.364095e+00,-1.400000e+02,-1.400000e+02,-1.400000e+02,-1.400000e+02
2.368164e+00,-1.400000e+02,-1.400000e+02,-1.400000e+02,-1.400000e+02
2.372233e+00,-1.400000e+02,-1.400000e+02,-1.400000e+02,-1.400000e+02
2.376302e+00,-1.400000e+02,-1.400000e+02,-1.400000e+02,-1.400000e+02
2.380371e+00,-1.400000e+02,-1.400000e+02,-1.400000e+02,-1.400000e+02
2.384440e+00,-1.400000e+02,-1.400000e+02,-1.400000e+02,-1.400000e+02
2.388509e+00,-1.400000e+02,-1.400000e+02,-1.400000e+02,-1.400000e+02
2.392578e+00,-1.400000e+02,-1.400000e+02,-1.400000e+02,-1.400000e+02
2.396647e+00,-1.400000e+02,-1.400000e+02,-1.400000e+02,-1.400000e+02
2.400716e+00,-1.400000e+02,-1.400000e+02,-1.400000e+02,-1.400000e+02
2.404785e+00,-1.400000e+02,-1.400000e+02,-1.400000e+02,-1.400000e+02
2.408854e+00,-1.400000e+02,-1.400000e+02,-1.400000e+02,-1.400000e+02
2.412923e+00,-1.400000e+02,-1.400000e+02,-1.400000e+02,-1.400000e+02
2.416992e+00,-1.400000e+02,-1.400000e+02,-1.400000e+02,-1.400000e+02
2.421061e+00,-1.400000e+02,-1.400000e+02,-1.400000e+02,-1.400000e+02
2.425130e+00,-1.400000e+02,-1.400000e+02,-1.400000e+02,-1.400000e+02
2.429199e+00,-1.400000e+02,-1.400000e+02,-1.400000e+02,-1.400000e+02
2.433268e+00,-1.400000e+02,-1.400000e+02,-1.400000e+02,-1.400000e+02
2.437337e+00,-1.400000e+02,-1.400000e+02,-1.400000e+02,-1.400000e+02
2.441406e+00,-1.400000e+02,-1.400000e+02,-1.400000e+02,-1.400000e+02
2.445475e+00,-1.400000e+02,-1.400000e+02,-1.400000e+02,-1.400000e+02
2.449544e+00,-1.400000e+02,-1.400000e+02,-1.400000e+02,-1.400000e+02
2.453613e+00,-1.400000e+02,-1.400000e+02,-1.400000e+02,-1.400000e+02
2.457682e+00,-1.400000e+02,-1.400000e+02,-1.400000e+02,-1.400000e+02
2.461751e+00,-1.400000e+02,-1.400000e+02,-1.400000e+02,-1.400000e+02
2.465820e+00,-1.400000e+02,-1.400000e+02,-1.400000e+02,-1.400000e+02
2.469889e+00,-1.400000e+02,-1.400000e+02,-1.400000e+02,-1.400000e+02
2.473958e+00,-1.400000e+02,-1.400000e+02,-1.400000e+02,-1.400000e+02
2.478027e+00,-1.400000e+02,-1.400000e+02,-1.400000e+02,-1.400000e+02
2.482096e+00,-1.400000e+02,-1.400000e+02,-1.400000e+02,-1.400000e+02
2.486165e+00,-1.400000e+02,-1.400000e+02,-1.400000e+02,-1.400000e+02
2.490234e+00,-1.400000e+02,-1.400000e+02,-1.400000e+02,-1.400000e+02
2.494303e+00,-1.400000e+02,-1.400000e+02,-1.400000e+02,-1.400000e+02
2.498372e+00,-1.400000e+02,-1.400000e+02,-1.400000e+02,-1.400000e+02
2.502441e+00,-1.400000e+02,-1.400000e+02,-1.400000e+02,-1.400000e+02
2.506510e+00,-1.400000e+02,-1.400000e+02,-1.400000e+02,-1.400000e+02
2.510579e+00,-1.400000e+02,-1.400000e+02,-1.400000e+02,-1.400000e+02
2.514648e+00,-1.400000e+02,-1.400000e+02,-1.400000e+02,-1.400000e+02
2.518717e+00,-1.400000e+02,-1.400000e+02,-1.400000e+02,-1.400000e+02
2.522786e+00,-1.400000e+02,-1.400000e+02,-1.400000e+02,-1.400000e+02
2.526855e+00,-1.400000e+02,-1.400000e+02,-1.400000e+02,-1.400000e+02
2.530924e+00,-1.400000e+02,-1.400000e+02,-1.400000e+02,-1.400000e+02
2.534993e+00,-1.400000e+02,-1.400000e+02,-1.400000e+02,-1.400000e+02
2.539062e+00,-1.400000e+02,-1.400000e+02,-1.400000e+02,-1.400000e+02
2.543132e+00,-1.400000e+02,-1.400000e+02,-1.400000e+02,-1.400000e+02
2.547201e+00,-1.400000e+02,-1.400000e+02,-1.400000e+02,-1.400000e+02
2.551270e+00,-1.400000e+02,-1.400000e+02,-1.400000e+02,-1.400000e+02
2.555339e+00,-1.400000e+02,-1.400000e+02,-1.400000e+02,-1.400000e+02
2.559408e+00,-1.400000e+02,-1.400000e+02,-1.400000e+02,-1.400000e+02
2.563477e+00,-1.400000e+02,-1.400000e+02,-1.400000e+02,-1.400000e+02
2.567546e+00,-1.400000e+02,-1.400000e+02,-1.400000e+02,-1.400000e+02
2.571615e+00,-1.400000e+02,-1.400000e+02,-1.400000e+02,-1.400000e+02
2.575684e+00,-1.400000e+02,-1.400000e+02,-1.400000e+02,-1.400000e+02
2.579753e+00,-1.400000e+02,-1.400000e+02,-1.400000e+02,-1.400000e+02
2.583822e+00,-1.400000e+02,-1.400000e+02,-1.400000e+02,-1.400000e+02
2.587891e+00,-1.400000e+02,-1.400000e+02,-1.400000e+02,-1.400000e+02
2.591960e+00,-1.400000e+02,-1.400000e+02,-1.400000e+02,-1.400000e+02
2.596029e+00,-1.400000e+02,-1.400000e+02,-1.400000e+02,-1.400000e+02
2.600098e+00,-1.400000e+02,-1.400000e+02,-1.400000e+02,-1.400000e+02
2.604167e+00,-1.400000e+02,-1.400000e+02,-1.400000e+02,-1.400000e+02
2.608236e+00,-1.400000e+02,-1.400000e+02,-1.400000e+02,-1.400000e+02
2.612305e+00,-1.400000e+02,-1.400000e+02,-1.400000e+02,-1.400000e+02
2.616374e+00,-1.400000e+02,-1.400000e+02,-1.400000e+02,-1.400000e+02
2.620443e+00,-1.400000e+02,-1.400000e+02,-1.400000e+02,-1.400000e+02
2.624512e+00,-1.400000e+02,-1.400000e+02,-1.400000e+02,-1.400000e+02
2.628581e+00,-1.400000e+02,-1.400000e+02,-1.400000e+02,-1.400000e+02
2.632650e+00,-1.400000e+02,-1.400000e+02,-1.400000e+02,-1.400000e+02
2.636719e+00,-1.400000e+02,-1.400000e+02,-1.400000e+02,-1.400000e+02
2.640788e+00,-1.400000e+02,-1.400000e+02,-1.400000e+02,-1.400000e+02
2.644857e+00,-1.400000e+02,-1.400000e+02,-1.400000e+02,-1.400000e+02
2.648926e+00,-1.400000e+02,-1.400000e+02,-1.400000e+02,-1.400000e+02
2.652995e+00,-1.400000e+02,-1.400000e+02,-1.400000e+02,-1.400000e+02
2.657064e+00,-1.400000e+02,-1.400000e+02,-1.400000e+02,-1.400000e+02
2.661133e+00,-1.400000e+02,-1.400000e+02,-1.400000e+02,-1.400000e+02
2.665202e+00,-1.400000e+02,-1.400000e+02,-1.400000e+02,-1.400000e+02
2.669271e+00,-1.400000e+02,-1.400000e+02,-1.400000e+02,-1.400000e+02
2.673340e+00,-1.400000e+02,-1.400000e+02,-1.400000e+02,-1.400000e+02
2.677409e+00,-1.400000e+02,-1.400000e+02,-1.400000e+02,-1.400000e+02
2.681478e+00,-1.400000e+02,-1.400000e+02,-1.400000e+02,-1.400000e+02
2.685547e+00,-1.400000e+02,-1.400000e+02,-1.400000e+02,-1.400000e+02
2.689616e+00,-1.400000e+02,-1.400000e+02,-1.400000e+02,-1.400000e+02
2.693685e+00,-1.400000e+02,-1.400000e+02,-1.400000e+02,-1.400000e+02
2.697754e+00,-1.400000e+02,-1.400000e+02,-1.400000e+02,-1.400000e+02
2.701823e+00,-1.400000e+02,-1.400000e+02,-1.400000e+02,-1.400000e+02
2.705892e+00,-1.400000e+02,-1.400000e+02,-1.400000e+02,-1.400000e+02
2.709961e+00,-1.400000e+02,-1.400000e+02,-1.400000e+02,-1.400000e+02
2.714030e+00,-1.400000e+02,-1.400000e+02,-1.400000e+02,-1.400000e+02
2.718099e+00,-1.400000e+02,-1.400000e+02,-1.400000e+02,-1.400000e+02
2.722168e+00,-1.400000e+02,-1.400000e+02,-1.400000e+02,-1.400000e+02
2.726237e+00,-1.400000e+02,-1.400000e+02,-1.400000e+02,-1.400000e+02
2.730306e+00,-1.400000e+02,-1.400000e+02,-1.400000e+02,-1.400000e+02
2.734375e+00,-1.400000e+02,-1.400000e+02,-1.400000e+02,-1.400000e+02
2.738444e+00,-1.400000e+02,-1.400000e+02,-1.400000e+02,-1.400000e+02
2.742513e+00,-1.400000e+02,-1.400000e+02,-1.400000e+02,-1.400000e+02
2.746582e+00,-1.400000e+02,-1.400000e+02,-1.400000e+02,-1.400000e+02
2.750651e+00,-1.400000e+02,-1.400000e+02,-1.400000e+02,-1.400000e+02
2.754720e+00,-1.400000e+02,-1.400000e+02,-1.400000e+02,-1.400000e+02
2.758789e+00,-1.400000e+02,-1.400000e+02,-1.400000e+02,-1.400000e+02
2.762858e+00,-1.400000e+02,-1.400000e+02,-1.400000e+02,-1.400000e+02
2.766927e+00,-1.400000e+02,-1.400000e+02,-1.400000e+02,-1.400000e+02
2.770996e+00,-1.400000e+02,-1.400000e+02,-1.400000e+02,-1.400000e+02
2.775065e+00,-1.400000e+02,-1.400000e+02,-1.400000e+02,-1.400000e+02
2.779134e+00,-1.400000e+02,-1.400000e+02,-1.400000e+02,-1.400000e+02
2.783203e+00,-1.400000e+02,-1.400000e+02,-1.400000e+02,-1.400000e+02
2.787272e+00,-1.400000e+02,-1.400000e+02,-1.400000e+02,-1.400000e+02
2.791341e+00,-1.400000e+02,-1.400000e+02,-1.400000e+02,-1.400000e+02
2.795410e+00,-1.400000e+02,-1.400000e+02,-1.400000e+02,-1.400000e+02
2.799479e+00,-1.400000e+02,-1.400000e+02,-1.400000e+02,-1.400000e+02
2.803548e+00,-1.400000e+02,-1.400000e+02,-1.400000e+02,-1.400000e+02
2.807617e+00,-1.400000e+02,-1.400000e+02,-1.400000e+02,-1.400000e+02
2.811686e+00,-1.400000e+02,-1.400000e+02,-1.400000e+02,-1.400000e+02
2.815755e+00,-1.400000e+02,-1.400000e+02,-1.400000e+02,-1.400000e+02
2.819824e+00,-1.400000e+02,-1.400000e+02,-1.400000e+02,-1.400000e+02
2.823893e+00,-1.400000e+02,-1.400000e+02,-1.400000e+02,-1.400000e+02
2.827962e+00,-1.400000e+02,-1.400000e+02,-1.400000e+02,-1.400000e+02
2.832031e+00,-1.400000e+02,-1.400000e+02,-1.400000e+02,-1.400000e+02
2.836100e+00,-1.400000e+02,-1.400000e+02,-1.400000e+02,-1.400000e+02
2.840169e+00,-1.400000e+02,-1.400000e+02,-1.400000e+02,-1.400000e+02
2.844238e+00,-1.400000e+02,-1.400000e+02,-1.400000e+02,-1.400000e+02
2.848307e+00,-1.400000e+02,-1.400000e+02,-1.400000e+02,-1.400000e+02
2.852376e+00,-1.400000e+02,-1.400000e+02,-1.400000e+02,-1.400000e+02
2.856445e+00,-1.400000e+02,-1.400000e+02,-1.400000e+02,-1.400000e+02
2.860514e+00,-1.400000e+02,-1.400000e+02,-1.400000e+02,-1.400000e+02
2.864583e+00,-1.400000e+02,-1.400000e+02,-1.400000e+02,-1.400000e+02
2.868652e+00,-1.400000e+02,-1.400000e+02,-1.400000e+02,-1.400000e+02
2.872721e+00,-1.400000e+02,-1.400000e+02,-1.400000e+02,-1.400000e+02
2.876790e+00,-1.400000e+02,-1.400000e+02,-1.400000e+02,-1.400000e+02
2.880859e+00,-1.400000e+02,-1.400000e+02,-1.400000e+02,-1.400000e+02
2.884928e+00,-1.400000e+02,-1.400000e+02,-1.400000e+02,-1.400000e+02
2.888997e+00,-1.400000e+02,-1.400000e+02,-1.400000e+02,-1.400000e+02
2.893066e+00,-1.400000e+02,-1.400000e+02,-1.400000e+02,-1.400000e+02
2.897135e+00,-1.400000e+02,-1.400000e+02,-1.400000e+02,-1.400000e+02
2.901204e+00,-1.400000e+02,-1.400000e+02,-1.400000e+02,-1.400000e+02
2.905273e+00,-1.400000e+02,-1.400000e+02,-1.400000e+02,-1.400000e+02
2.909342e+00,-1.400000e+02,-1.400000e+02,-1.400000e+02,-1.400000e+02
2.913411e+00,-1.400000e+02,-1.400000e+02,-1.400000e+02,-1.400000e+02
2.917480e+00,-1.400000e+02,-1.400000e+02,-1.400000e+02,-1.400000e+02
2.921549e+00,-1.400000e+02,-1.400000e+02,-1.400000e+02,-1.400000e+02
2.925618e+00,-1.400000e+02,-1.400000e+02,-1.400000e+02,-1.400000e+02
2.929688e+00,-1.400000e+02,-1.400000e+02,-1.400000e+02,-1.400000e+02
2.933757e+00,-1.400000e+02,-1.400000e+02,-1.400000e+02,-1.400000e+02
2.937826e+00,-1.400000e+02,-1.400000e+02,-1.400000e+02,-1.400000e+02
2.941895e+00,-1.400000e+02,-1.400000e+02,-1.400000e+02,-1.400000e+02
2.945964e+00,-1.400000e+02,-1.400000e+02,-1.400000e+02,-1.400000e+02
2.950033e+00,-1.400000e+02,-1.400000e+02,-1.400000e+02,-1.400000e+02
2.954102e+00,-1.400000e+02,-1.400000e+02,-1.400000e+02,-1.400000e+02
2.958171e+00,-1.400000e+02,-1.400000e+02,-1.400000e+02,-1.400000e+02
2.962240e+00,-1.400000e+02,-1.400000e+02,-1.400000e+02,-1.400000e+02
2.966309e+00,-1.400000e+02,-1.400000e+02,-1.400000e+02,-1.400000e+02
2.970378e+00,-1.400000e+02,-1.400000e+02,-1.400000e+02,-1.400000e+02
2.974447e+00,-1.400000e+02,-1.400000e+02,-1.400000e+02,-1.400000e+02
2.978516e+00,-1.400000e+02,-1.400000e+02,-1.400000e+02,-1.400000e+02
2.982585e+00,-1.400000e+02,-1.400000e+02,-1.400000e+02,-1.400000e+02
2.986654e+00,-1.400000e+02,-1.400000e+02,-1.400000e+02,-1.400000e+02
2.990723e+00,-1.400000e+02,-1.400000e+02,-1.400000e+02,-1.400000e+02
2.994792e+00,-1.400000e+02,-1.400000e+02,-1.400000e+02,-1.400000e+02
2.998861e+00,-1.400000e+02,-1.400000e+02,-1.400000e+02,-1.400000e+02
3.002930e+00,-1.400000e+02,-1.400000e+02,-1.400000e+02,-1.400000e+02
3.006999e+00,-1.400000e+02,-1.400000e+02,-1.400000e+02,-1.400000e+02
3.011068e+00,-1.400000e+02,-1.400000e+02,-1.400000e+02,-1.400000e+02
3.015137e+00,-1.400000e+02,-1.400000e+02,-1.400000e+02,-1.400000e+02
3.019206e+00,-1.400000e+02,-1.400000e+02,-1.400000e+02,-1.400000e+02
3.023275e+00,-1.400000e+02,-1.400000e+02,-1.400000e+02,-1.400000e+02
3.027344e+00,-1.400000e+02,-1.400000e+02,-1.400000e+02,-1.400000e+02
3.031413e+00,-1.400000e+02,-1.400000e+02,-1.400000e+02,-1.400000e+02
3.035482e+00,-1.400000e+02,-1.400000e+02,-1.400000e+02,-1.400000e+02
3.039551e+00,-1.400000e+02,-1.400000e+02,-1.400000e+02,-1.400000e+02
3.043620e+00,-1.400000e+02,-1.400000e+02,-1.400000e+02,-1.400000e+02
3.047689e+00,-1.400000e+02,-1.400000e+02,-1.400000e+02,-1.400000e+02
3.051758e+00,-1.400000e+02,-1.400000e+02,-1.400000e+02,-1.400000e+02
3.055827e+00,-1.400000e+02,-1.400000e+02,-1.400000e+02,-1.400000e+02
3.059896e+00,-1.400000e+02,-1.400000e+02,-1.400000e+02,-1.400000e+02
3.063965e+00,-1.400000e+02,-1.400000e+02,-1.400000e+02,-1.400000e+02
3.068034e+00,-1.400000e+02,-1.400000e+02,-1.400000e+02,-1.400000e+02
3.072103e+00,-1.400000e+02,-1.400000e+02,-1.400000e+02,-1.400000e+02
3.076172e+00,-1.400000e+02,-1.400000e+02,-1.400000e+02,-1.400000e+02
3.080241e+00,-1.400000e+02,-1.400000e+02,-1.400000e+02,-1.400000e+02
3.084310e+00,-1.400000e+02,-1.400000e+02,-1.400000e+02,-1.400000e+02
3.088379e+00,-1.400000e+02,-1.400000e+02,-1.400000e+02,-1.400000e+02
3.092448e+00,-1.400000e+02,-1.400000e+02,-1.400000e+02,-1.400000e+02
3.096517e+00,-1.400000e+02,-1.400000e+02,-1.400000e+02,-1.400000e+02
3.100586e+00,-1.400000e+02,-1.400000e+02,-1.400000e+02,-1.400000e+02
3.104655e+00,-1.400000e+02,-1.400000e+02,-1.400000e+02,-1.400000e+02
3.108724e+00,-1.400000e+02,-1.400000e+02,-1.400000e+02,-1.400000e+02
3.112793e+00,-1.400000e+02,-1.400000e+02,-1.400000e+02,-1.400000e+02
3.116862e+00,-1.400000e+02,-1.400000e+02,-1.400000e+02,-1.400000e+02
3.120931e+00,-1.400000e+02,-1.400000e+02,-1.400000e+02,-1.400000e+02
3.125000e+00,-1.400000e+02,-1.400000e+02,-1.400000e+02,-1.400000e+02
3.129069e+00,-1.400000e+02,-1.400000e+02,-1.400000e+02,-1.400000e+02
3.133138e+00,-1.400000e+02,-1.400000e+02,-1.400000e+02,-1.400000e+02
3.137207e+00,-1.400000e+02,-1.400000e+02,-1.400000e+02,-1.400000e+02
3.141276e+00,-1.400000e+02,-1.400000e+02,-1.400000e+02,-1.400000e+02
3.145345e+00,-1.400000e+02,-1.400000e+02,-1.400000e+02,-1.400000e+02
3.149414e+00,-1.400000e+02,-1.400000e+02,-1.400000e+02,-1.400000e+02
3.153483e+00,-1.400000e+02,-1.400000e+02,-1.400000e+02,-1.400000e+02
3.157552e+00,-1.400000e+02,-1.400000e+02,-1.400000e+02,-1.400000e+02
3.161621e+00,-1.400000e+02,-1.400000e+02,-1.400000e+02,-1.400000e+02
3.165690e+00,-1.400000e+02,-1.400000e+02,-1.400000e+02,-1.400000e+02
3.169759e+00,-1.400000e+02,-1.400000e+02,-1.400000e+02,-1.400000e+02
3.173828e+00,-1.400000e+02,-1.400000e+02,-1.400000e+02,-1.400000e+02
3.177897e+00,-1.400000e+02,-1.400000e+02,-1.400000e+02,-1.400000e+02
3.181966e+00,-1.400000e+02,-1.400000e+02,-1.400000e+02,-1.400000e+02
3.186035e+00,-1.400000e+02,-1.400000e+02,-1.400000e+02,-1.400000e+02
3.190104e+00,-1.400000e+02,-1.400000e+02,-1.400000e+02,-1.400000e+02
3.194173e+00,-1.400000e+02,-1.400000e+02,-1.400000e+02,-1.400000e+02
3.198242e+00,-1.400000e+02,-1.400000e+02,-1.400000e+02,-1.400000e+02
3.202311e+00,-1.400000e+02,-1.400000e+02,-1.400000e+02,-1.400000e+02
3.206380e+00,-1.400000e+02,-1.400000e+02,-1.400000e+02,-1.400000e+02
3.210449e+00,-1.400000e+02,-1.400000e+02,-1.400000e+02,-1.400000e+02
3.214518e+00,-1.400000e+02,-1.400000e+02,-1.400000e+02,-1.400000e+02
3.218587e+00,-1.400000e+02,-1.400000e+02,-1.400000e+02,-1.400000e+02
3.222656e+00,-1.400000e+02,-1.400000e+02,-1.400000e+02,-1.400000e+02
3.226725e+00,-1.400000e+02,-1.400000e+02,-1.400000e+02,-1.400000e+02
3.230794e+00,-1.400000e+02,-1.400000e+02,-1.400000e+02,-1.400000e+02
3.234863e+00,-1.400000e+02,-1.400000e+02,-1.400000e+02,-1.400000e+02
3.238932e+00,-1.400000e+02,-1.400000e+02,-1.400000e+02,-1.400000e+02
3.243001e+00,-1.400000e+02,-1.400000e+02,-1.400000e+02,-1.400000e+02
3.247070e+00,-1.400000e+02,-1.400000e+02,-1.400000e+02,-1.400000e+02
3.251139e+00,-1.400000e+02,-1.400000e+02,-1.400000e+02,-1.400000e+02
3.255208e+00,-1.400000e+02,-1.400000e+02,-1.400000e+02,-1.400000e+02
3.259277e+00,-1.400000e+02,-1.400000e+02,-1.400000e+02,-1.400000e+02
3.263346e+00,-1.400000e+02,-1.400000e+02,-1.400000e+02,-1.400000e+02
3.267415e+00,-1.400000e+02,-1.400000e+02,-1.400000e+02,-1.400000e+02
3.271484e+00,-1.400000e+02,-1.400000e+02,-1.400000e+02,-1.400000e+02
3.275553e+00,-1.400000e+02,-1.400000e+02,-1.400000e+02,-1.400000e+02
3.279622e+00,-1.400000e+02,-1.400000e+02,-1.400000e+02,-1.400000e+02
3.283691e+00,-1.400000e+02,-1.400000e+02,-1.400000e+02,-1.400000e+02
3.287760e+00,-1.400000e+02,-1.400000e+02,-1.400000e+02,-1.400000e+02
3.291829e+00,-1.400000e+02,-1.400000e+02,-1.400000e+02,-1.400000e+02
3.295898e+00,-1.400000e+02,-1.400000e+02,-1.400000e+02,-1.400000e+02
3.299967e+00,-1.400000e+02,-1.400000e+02,-1.400000e+02,-1.400000e+02
3.304036e+00,-1.400000e+02,-1.400000e+02,-1.400000e+02,-1.400000e+02
3.308105e+00,-1.400000e+02,-1.400000e+02,-1.400000e+02,-1.400000e+02
3.312174e+00,-1.400000e+02,-1.400000e+02,-1.400000e+02,-1.400000e+02
3.316243e+00,-1.400000e+02,-1.400000e+02,-1.400000e+02,-1.400000e+02
3.320313e+00,-1.400000e+02,-1.400000e+02,-1.400000e+02,-1.400000e+02
3.324382e+00,-1.400000e+02,-1.400000e+02,-1.400000e+02,-1.400000e+02
3.328451e+00,-1.400000e+02,-1.400000e+02,-1.400000e+02,-1.400000e+02
3.332520e+00,-1.400000e+02,-1.400000e+02,-1.400000e+02,-1.400000e+02
3.336589e+00,-1.400000e+02,-1.400000e+02,-1.400000e+02,-1.400000e+02
3.340658e+00,-1.400000e+02,-1.400000e+02,-1.400000e+02,-1.400000e+02
3.344727e+00,-1.400000e+02,-1.400000e+02,-1.400000e+02,-1.400000e+02
3.348796e+00,-1.400000e+02,-1.400000e+02,-1.400000e+02,-1.400000e+02
3.352865e+00,-1.400000e+02,-1.400000e+02,-1.400000e+02,-1.400000e+02
3.356934e+00,-1.400000e+02,-1.400000e+02,-1.400000e+02,-1.400000e+02
3.361003e+00,-1.400000e+02,-1.400000e+02,-1.400000e+02,-1.400000e+02
3.365072e+00,-1.400000e+02,-1.400000e+02,-1.400000e+02,-1.400000e+02
3.369141e+00,-1.400000e+02,-1.400000e+02,-1.400000e+02,-1.400000e+02
3.373210e+00,-1.400000e+02,-1.400000e+02,-1.400000e+02,-1.400000e+02
3.377279e+00,-1.400000e+02,-1.400000e+02,-1.400000e+02,-1.400000e+02
3.381348e+00,-1.400000e+02,-1.400000e+02,-1.400000e+02,-1.400000e+02
3.385417e+00,-1.400000e+02,-1.400000e+02,-1.400000e+02,-1.400000e+02
3.389486e+00,-1.400000e+02,-1.400000e+02,-1.400000e+02,-1.400000e+02
3.393555e+00,-1.400000e+02,-1.400000e+02,-1.400000e+02,-1.400000e+02
3.397624e+00,-1.400000e+02,-1.400000e+02,-1.400000e+02,-1.400000e+02
3.401693e+00,-1.400000e+02,-1.400000e+02,-1.400000e+02,-1.400000e+02
3.405762e+00,-1.400000e+02,-1.400000e+02,-1.400000e+02,-1.400000e+02
3.409831e+00,-1.400000e+02,-1.400000e+02,-1.400000e+02,-1.400000e+02
3.413900e+00,-1.400000e+02,-1.400000e+02,-1.400000e+02,-1.400000e+02
3.417969e+00,-1.400000e+02,-1.400000e+02,-1.400000e+02,-1.400000e+02
3.422038e+00,-1.400000e+02,-1.400000e+02,-1.400000e+02,-1.400000e+02
3.426107e+00,-1.400000e+02,-1.400000e+02,-1.400000e+02,-1.400000e+02
3.430176e+00,-1.400000e+02,-1.400000e+02,-1.400000e+02,-1.400000e+02
3.434245e+00,-1.400000e+02,-1.400000e+02,-1.400000e+02,-1.400000e+02
3.438314e+00,-1.400000e+02,-1.400000e+02,-1.400000e+02,-1.400000e+02
3.442383e+00,-1.400000e+02,-1.400000e+02,-1.400000e+02,-1.400000e+02
3.446452e+00,-1.400000e+02,-1.400000e+02,-1.400000e+02,-1.400000e+02
3.450521e+00,-1.400000e+02,-1.400000e+02,-1.400000e+02,-1.400000e+02
3.454590e+00,-1.400000e+02,-1.400000e+02,-1.400000e+02,-1.400000e+02
3.458659e+00,-1.400000e+02,-1.400000e+02,-1.400000e+02,-1.400000e+02
3.462728e+00,-1.400000e+02,-1.400000e+02,-1.400000e+02,-1.400000e+02
3.466797e+00,-1.400000e+02,-1.400000e+02,-1.400000e+02,-1.400000e+02
3.470866e+00,-1.400000e+02,-1.400000e+02,-1.400000e+02,-1.400000e+02
3.474935e+00,-1.400000e+02,-1.400000e+02,-1.400000e+02,-1.400000e+02
3.479004e+00,-1.400000e+02,-1.400000e+02,-1.400000e+02,-1.400000e+02
3.483073e+00,-1.400000e+02,-1.400000e+02,-1.400000e+02,-1.400000e+02
3.487142e+00,-1.400000e+02,-1.400000e+02,-1.400000e+02,-1.400000e+02
3.491211e+00,-1.400000e+02,-1.400000e+02,-1.400000e+02,-1.400000e+02
3.495280e+00,-1.400000e+02,-1.400000e+02,-1.400000e+02,-1.400000e+02
3.499349e+00,-1.400000e+02,-1.400000e+02,-1.400000e+02,-1.400000e+02
3.503418e+00,-1.400000e+02,-1.400000e+02,-1.400000e+02,-1.400000e+02
3.507487e+00,-1.400000e+02,-1.400000e+02,-1.400000e+02,-1.400000e+02
3.511556e+00,-1.400000e+02,-1.400000e+02,-1.400000e+02,-1.400000e+02
3.515625e+00,-1.400000e+02,-1.400000e+02,-1.400000e+02,-1.400000e+02
3.519694e+00,-1.400000e+02,-1.400000e+02,-1.400000e+02,-1.400000e+02
3.523763e+00,-1.400000e+02,-1.400000e+02,-1.400000e+02,-1.400000e+02
3.527832e+00,-1.400000e+02,-1.400000e+02,-1.400000e+02,-1.400000e+02
3.531901e+00,-1.400000e+02,-1.400000e+02,-1.400000e+02,-1.400000e+02
3.535970e+00,-1.400000e+02,-1.400000e+02,-1.400000e+02,-1.400000e+02
3.540039e+00,-1.400000e+02,-1.400000e+02,-1.400000e+02,-1.400000e+02
3.544108e+00,-1.400000e+02,-1.400000e+02,-1.400000e+02,-1.400000e+02
3.548177e+00,-1.400000e+02,-1.400000e+02,-1.400000e+02,-1.400000e+02
3.552246e+00,-1.400000e+02,-1.400000e+02,-1.400000e+02,-1.400000e+02
3.556315e+00,-1.400000e+02,-1.400000e+02,-1.400000e+02,-1.400000e+02
3.560384e+00,-1.400000e+02,-1.400000e+02,-1.400000e+02,-1.400000e+02
3.564453e+00,-1.400000e+02,-1.400000e+02,-1.400000e+02,-1.400000e+02
3.568522e+00,-1.400000e+02,-1.400000e+02,-1.400000e+02,-1.400000e+02
3.572591e+00,-1.400000e+02,-1.400000e+02,-1.400000e+02,-1.400000e+02
3.576660e+00,-1.400000e+02,-1.400000e+02,-1.400000e+02,-1.400000e+02
3.580729e+00,-1.400000e+02,-1.400000e+02,-1.400000e+02,-1.400000e+02
3.584798e+00,-1.400000e+02,-1.400000e+02,-1.400000e+02,-1.400000e+02
3.588867e+00,-1.400000e+02,-1.400000e+02,-1.400000e+02,-1.400000e+02
3.592936e+00,-1.400000e+02,-1.400000e+02,-1.400000e+02,-1.400000e+02
3.597005e+00,-1.400000e+02,-1.400000e+02,-1.400000e+02,-1.400000e+02
3.601074e+00,-1.400000e+02,-1.400000e+02,-1.400000e+02,-1.400000e+02
3.605143e+00,-1.400000e+02,-1.400000e+02,-1.400000e+02,-1.400000e+02
3.609212e+00,-1.400000e+02,-1.400000e+02,-1.400000e+02,-1.400000e+02
3.613281e+00,-1.400000e+02,-1.400000e+02,-1.400000e+02,-1.400000e+02
3.617350e+00,-1.400000e+02,-1.400000e+02,-1.400000e+02,-1.400000e+02
3.621419e+00,-1.400000e+02,-1.400000e+02,-1.400000e+02,-1.400000e+02
3.625488e+00,-1.400000e+02,-1.400000e+02,-1.400000e+02,-1.400000e+02
3.629557e+00,-1.400000e+02,-1.400000e+02,-1.400000e+02,-1.400000e+02
3.633626e+00,-1.400000e+02,-1.400000e+02,-1.400000e+02,-1.400000e+02
3.637695e+00,-1.400000e+02,-1.400000e+02,-1.400000e+02,-1.400000e+02
3.641764e+00,-1.400000e+02,-1.400000e+02,-1.400000e+02,-1.400000e+02
3.645833e+00,-1.400000e+02,-1.400000e+02,-1.400000e+02,-1.400000e+02
3.649902e+00,-1.400000e+02,-1.400000e+02,-1.400000e+02,-1.400000e+02
3.653971e+00,-1.400000e+02,-1.400000e+02,-1.400000e+02,-1.400000e+02
3.658040e+00,-1.400000e+02,-1.400000e+02,-1.400000e+02,-1.400000e+02
3.662109e+00,-1.400000e+02,-1.400000e+02,-1.400000e+02,-1.400000e+02
3.666178e+00,-1.400000e+02,-1.400000e+02,-1.400000e+02,-1.400000e+02
3.670247e+00,-1.400000e+02,-1.400000e+02,-1.400000e+02,-1.400000e+02
3.674316e+00,-1.400000e+02,-1.400000e+02,-1.400000e+02,-1.400000e+02
3.678385e+00,-1.400000e+02,-1.400000e+02,-1.400000e+02,-1.400000e+02
3.682454e+00,-1.400000e+02,-1.400000e+02,-1.400000e+02,-1.400000e+02
3.686523e+00,-1.400000e+02,-1.400000e+02,-1.400000e+02,-1.400000e+02
3.690592e+00,-1.400000e+02,-1.400000e+02,-1.400000e+02,-1.400000e+02
3.694661e+00,-1.400000e+02,-1.400000e+02,-1.400000e+02,-1.400000e+02
3.698730e+00,-1.400000e+02,-1.400000e+02,-1.400000e+02,-1.400000e+02
3.702799e+00,-1.400000e+02,-1.400000e+02,-1.400000e+02,-1.400000e+02
3.706868e+00,-1.400000e+02,-1.400000e+02,-1.400000e+02,-1.400000e+02
3.710938e+00,-1.400000e+02,-1.400000e+02,-1.400000e+02,-1.400000e+02
3.715007e+00,-1.400000e+02,-1.400000e+02,-1.400000e+02,-1.400000e+02
3.719076e+00,-1.400000e+02,-1.400000e+02,-1.400000e+02,-1.400000e+02
3.723145e+00,-1.400000e+02,-1.400000e+02,-1.400000e+02,-1.400000e+02
3.727214e+00,-1.400000e+02,-1.400000e+02,-1.400000e+02,-1.400000e+02
3.731283e+00,-1.400000e+02,-1.400000e+02,-1.400000e+02,-1.400000e+02
3.735352e+00,-1.400000e+02,-1.400000e+02,-1.400000e+02,-1.400000e+02
3.739421e+00,-1.400000e+02,-1.400000e+02,-1.400000e+02,-1.400000e+02
3.743490e+00,-1.400000e+02,-1.400000e+02,-1.400000e+02,-1.400000e+02
3.747559e+00,-1.400000e+02,-1.400000e+02,-1.400000e+02,-1.400000e+02
3.751628e+00,-1.400000e+02,-1.400000e+02,-1.400000e+02,-1.400000e+02
3.755697e+00,-1.400000e+02,-1.400000e+02,-1.400000e+02,-1.400000e+02
3.759766e+00,-1.400000e+02,-1.400000e+02,-1.400000e+02,-1.400000e+02
3.763835e+00,-1.400000e+02,-1.400000e+02,-1.400000e+02,-1.400000e+02
3.767904e+00,-1.400000e+02,-1.400000e+02,-1.400000e+02,-1.400000e+02
3.771973e+00,-1.400000e+02,-1.400000e+02,-1.400000e+02,-1.400000e+02
3.776042e+00,-1.400000e+02,-1.400000e+02,-1.400000e+02,-1.400000e+02
3.780111e+00,-1.400000e+02,-1.400000e+02,-1.400000e+02,-1.400000e+02
3.784180e+00,-1.400000e+02,-1.400000e+02,-1.400000e+02,-1.400000e+02
3.788249e+00,-1.400000e+02,-1.400000e+02,-1.400000e+02,-1.400000e+02
3.792318e+00,-1.400000e+02,-1.400000e+02,-1.400000e+02,-1.400000e+02
3.796387e+00,-1.400000e+02,-1.400000e+02,-1.400000e+02,-1.400000e+02
3.800456e+00,-1.400000e+02,-1.400000e+02,-1.400000e+02,-1.400000e+02
3.804525e+00,-1.400000e+02,-1.400000e+02,-1.400000e+02,-1.400000e+02
3.808594e+00,-1.400000e+02,-1.400000e+02,-1.400000e+02,-1.400000e+02
3.812663e+00,-1.400000e+02,-1.400000e+02,-1.400000e+02,-1.400000e+02
3.816732e+00,-1.400000e+02,-1.400000e+02,-1.400000e+02,-1.400000e+02
3.820801e+00,-1.400000e+02,-1.400000e+02,-1.400000e+02,-1.400000e+02
3.824870e+00,-1.400000e+02,-1.400000e+02,-1.400000e+02,-1.400000e+02
3.828939e+00,-1.400000e+02,-1.400000e+02,-1.400000e+02,-1.400000e+02
3.833008e+00,-1.400000e+02,-1.400000e+02,-1.400000e+02,-1.400000e+02
3.837077e+00,-1.400000e+02,-1.400000e+02,-1.400000e+02,-1.400000e+02
3.841146e+00,-1.400000e+02,-1.400000e+02,-1.400000e+02,-1.400000e+02
3.845215e+00,-1.400000e+02,-1.400000e+02,-1.400000e+02,-1.400000e+02
3.849284e+00,-1.400000e+02,-1.400000e+02,-1.400000e+02,-1.400000e+02
3.853353e+00,-1.400000e+02,-1.400000e+02,-1.400000e+02,-1.400000e+02
3.857422e+00,-1.400000e+02,-1.400000e+02,-1.400000e+02,-1.400000e+02
3.861491e+00,-1.400000e+02,-1.400000e+02,-1.400000e+02,-1.400000e+02
3.865560e+00,-1.400000e+02,-1.400000e+02,-1.400000e+02,-1.400000e+02
3.869629e+00,-1.400000e+02,-1.400000e+02,-1.400000e+02,-1.400000e+02
3.873698e+00,-1.400000e+02,-1.400000e+02,-1.400000e+02,-1.400000e+02
3.877767e+00,-1.400000e+02,-1.400000e+02,-1.400000e+02,-1.400000e+02
3.881836e+00,-1.400000e+02,-1.400000e+02,-1.400000e+02,-1.400000e+02
3.885905e+00,-1.400000e+02,-1.400000e+02,-1.400000e+02,-1.400000e+02
3.889974e+00,-1.400000e+02,-1.400000e+02,-1.400000e+02,-1.400000e+02
3.894043e+00,-1.400000e+02,-1.400000e+02,-1.400000e+02,-1.400000e+02
3.898112e+00,-1.400000e+02,-1.400000e+02,-1.400000e+02,-1.400000e+02
3.902181e+00,-1.400000e+02,-1.400000e+02,-1.400000e+02,-1.400000e+02
3.906250e+00,-1.400000e+02,-1.400000e+02,-1.400000e+02,-1.400000e+02
3.910319e+00,-1.400000e+02,-1.400000e+02,-1.400000e+02,-1.400000e+02
3.914388e+00,-1.400000e+02,-1.400000e+02,-1.400000e+02,-1.400000e+02
3.918457e+00,-1.400000e+02,-1.400000e+02,-1.400000e+02,-1.400000e+02
3.922526e+00,-1.400000e+02,-1.400000e+02,-1.400000e+02,-1.400000e+02
3.926595e+00,-1.400000e+02,-1.400000e+02,-1.400000e+02,-1.400000e+02
3.930664e+00,-1.400000e+02,-1.400000e+02,-1.400000e+02,-1.400000e+02
3.934733e+00,-1.400000e+02,-1.400000e+02,-1.400000e+02,-1.400000e+02
3.938802e+00,-1.400000e+02,-1.400000e+02,-1.400000e+02,-1.400000e+02
3.942871e+00,-1.400000e+02,-1.400000e+02,-1.400000e+02,-1.400000e+02
3.946940e+00,-1.400000e+02,-1.400000e+02,-1.400000e+02,-1.400000e+02
3.951009e+00,-1.400000e+02,-1.400000e+02,-1.400000e+02,-1.400000e+02
3.955078e+00,-1.400000e+02,-1.400000e+02,-1.400000e+02,-1.400000e+02
3.959147e+00,-1.400000e+02,-1.400000e+02,-1.400000e+02,-1.400000e+02
3.963216e+00,-1.400000e+02,-1.400000e+02,-1.400000e+02,-1.400000e+02
3.967285e+00,-1.400000e+02,-1.400000e+02,-1.400000e+02,-1.400000e+02
3.971354e+00,-1.400000e+02,-1.400000e+02,-1.400000e+02,-1.400000e+02
3.975423e+00,-1.400000e+02,-1.400000e+02,-1.400000e+02,-1.400000e+02
3.979492e+00,-1.400000e+02,-1.400000e+02,-1.400000e+02,-1.400000e+02
3.983561e+00,-1.400000e+02,-1.400000e+02,-1.400000e+02,-1.400000e+02
3.987630e+00,-1.400000e+02,-1.400000e+02,-1.400000e+02,-1.400000e+02
3.991699e+00,-1.400000e+02,-1.400000e+02,-1.400000e+02,-1.400000e+02
3.995768e+00,-1.400000e+02,-1.400000e+02,-1.400000e+02,-1.400000e+02
3.999837e+00,-1.400000e+02,-1.400000e+02,-1.400000e+02,-1.400000e+02
