time_us,f_lfm_mhz,f_tan_mhz,f_kaiser_mhz,f_fosm_mhz
-3.333500e+01,-1.000000e+01,-1.000000e+01,-1.000000e+01,-1.000000e+01
-3.330245e+01,-9.990234e+00,-9.938665e+00,-8.901156e+00,-9.112648e+00
-3.326989e+01,-9.980469e+00,-9.878042e+00,-8.556592e+00,-8.719384e+00
-3.323734e+01,-9.970703e+00,-9.818119e+00,-8.326114e+00,-8.453567e+00
-3.320479e+01,-9.960938e+00,-9.758883e+00,-8.148693e+00,-8.249386e+00
-3.317223e+01,-9.951172e+00,-9.700322e+00,-8.002710e+00,-8.082139e+00
-3.313968e+01,-9.941406e+00,-9.642424e+00,-7.877776e+00,-7.939701e+00
-3.310712e+01,-9.931641e+00,-9.585179e+00,-7.768032e+00,-7.815164e+00
-3.307457e+01,-9.921875e+00,-9.528574e+00,-7.669822e+00,-7.704202e+00
-3.304202e+01,-9.912109e+00,-9.472600e+00,-7.580702e+00,-7.603919e+00
-3.300946e+01,-9.902344e+00,-9.417245e+00,-7.498949e+00,-7.512271e+00
-3.297691e+01,-9.892578e+00,-9.362499e+00,-7.423303e+00,-7.427766e+00
-3.294436e+01,-9.882812e+00,-9.308352e+00,-7.352807e+00,-7.349274e+00
-3.291180e+01,-9.873047e+00,-9.254794e+00,-7.286723e+00,-7.275921e+00
-3.287925e+01,-9.863281e+00,-9.201815e+00,-7.224462e+00,-7.207014e+00
-3.284669e+01,-9.853516e+00,-9.149405e+00,-7.165552e+00,-7.141994e+00
-3.281414e+01,-9.843750e+00,-9.097556e+00,-7.109604e+00,-7.080406e+00
-3.278159e+01,-9.833984e+00,-9.046258e+00,-7.056296e+00,-7.021870e+00
-3.274903e+01,-9.824219e+00,-8.995502e+00,-7.005356e+00,-6.966069e+00
-3.271648e+01,-9.814453e+00,-8.945280e+00,-6.956555e+00,-6.912732e+00
-3.268393e+01,-9.804688e+00,-8.895582e+00,-6.909697e+00,-6.861629e+00
-3.265137e+01,-9.794922e+00,-8.846402e+00,-6.864610e+00,-6.812562e+00
-3.261882e+01,-9.785156e+00,-8.797730e+00,-6.821148e+00,-6.765356e+00
-3.258626e+01,-9.775391e+00,-8.749558e+00,-6.779180e+00,-6.719862e+00
-3.255371e+01,-9.765625e+00,-8.701879e+00,-6.738592e+00,-6.675946e+00
-3.252116e+01,-9.755859e+00,-8.654684e+00,-6.699283e+00,-6.633490e+00
-3.248860e+01,-9.746094e+00,-8.607967e+00,-6.661163e+00,-6.592390e+00
-3.245605e+01,-9.736328e+00,-8.561720e+00,-6.624152e+00,-6.552553e+00
-3.242350e+01,-9.726563e+00,-8.515936e+00,-6.588177e+00,-6.513894e+00
-3.239094e+01,-9.716797e+00,-8.470608e+00,-6.553173e+00,-6.476337e+00
-3.235839e+01,-9.707031e+00,-8.425729e+00,-6.519080e+00,-6.439815e+00
-3.232583e+01,-9.697266e+00,-8.381291e+00,-6.485846e+00,-6.404266e+00
-3.229328e+01,-9.687500e+00,-8.337289e+00,-6.453420e+00,-6.369633e+00
-3.226073e+01,-9.677734e+00,-8.293716e+00,-6.421759e+00,-6.335864e+00
-3.222817e+01,-9.667969e+00,-8.250565e+00,-6.390822e+00,-6.302912e+00
-3.219562e+01,-9.658203e+00,-8.207830e+00,-6.360570e+00,-6.270735e+00
-3.216307e+01,-9.648438e+00,-8.165506e+00,-6.330969e+00,-6.239291e+00
-3.213051e+01,-9.638672e+00,-8.123585e+00,-6.301988e+00,-6.208545e+00
-3.209796e+01,-9.628906e+00,-8.082063e+00,-6.273596e+00,-6.178462e+00
-3.206541e+01,-9.619141e+00,-8.040933e+00,-6.245766e+00,-6.149011e+00
-3.203285e+01,-9.609375e+00,-8.000189e+00,-6.218472e+00,-6.120162e+00
-3.200030e+01,-9.599609e+00,-7.959827e+00,-6.191691e+00,-6.091888e+00
-3.196774e+01,-9.589844e+00,-7.919841e+00,-6.165400e+00,-6.064164e+00
-3.193519e+01,-9.580078e+00,-7.880224e+00,-6.139579e+00,-6.036966e+00
-3.190264e+01,-9.570312e+00,-7.840973e+00,-6.114208e+00,-6.010273e+00
-3.187008e+01,-9.560547e+00,-7.802082e+00,-6.089269e+00,-5.984062e+00
-3.183753e+01,-9.550781e+00,-7.763545e+00,-6.064745e+00,-5.958315e+00
-3.180498e+01,-9.541016e+00,-7.725359e+00,-6.040620e+00,-5.933013e+00
-3.177242e+01,-9.531250e+00,-7.687517e+00,-6.016880e+00,-5.908140e+00
-3.173987e+01,-9.521484e+00,-7.650015e+00,-5.993508e+00,-5.883678e+00
-3.170731e+01,-9.511719e+00,-7.612850e+00,-5.970493e+00,-5.859614e+00
-3.167476e+01,-9.501953e+00,-7.576014e+00,-5.947822e+00,-5.835931e+00
-3.164221e+01,-9.492188e+00,-7.539506e+00,-5.925482e+00,-5.812617e+00
-3.160965e+01,-9.482422e+00,-7.503319e+00,-5.903463e+00,-5.789659e+00
-3.157710e+01,-9.472656e+00,-7.467450e+00,-5.881753e+00,-5.767044e+00
-3.154455e+01,-9.462891e+00,-7.431894e+00,-5.860342e+00,-5.744762e+00
-3.151199e+01,-9.453125e+00,-7.396647e+00,-5.839221e+00,-5.722800e+00
-3.147944e+01,-9.443359e+00,-7.361705e+00,-5.818380e+00,-5.701149e+00
-3.144688e+01,-9.433594e+00,-7.327064e+00,-5.797811e+00,-5.679798e+00
-3.141433e+01,-9.423828e+00,-7.292720e+00,-5.777505e+00,-5.658738e+00
-3.138178e+01,-9.414062e+00,-7.258668e+00,-5.757455e+00,-5.637960e+00
-3.134922e+01,-9.404297e+00,-7.224906e+00,-5.737652e+00,-5.617456e+00
-3.131667e+01,-9.394531e+00,-7.191430e+00,-5.718090e+00,-5.597217e+00
-3.128412e+01,-9.384766e+00,-7.158234e+00,-5.698761e+00,-5.577236e+00
-3.125156e+01,-9.375000e+00,-7.125317e+00,-5.679659e+00,-5.557505e+00
-3.121901e+01,-9.365234e+00,-7.092674e+00,-5.660778e+00,-5.538016e+00
-3.118646e+01,-9.355469e+00,-7.060302e+00,-5.642111e+00,-5.518764e+00
-3.115390e+01,-9.345703e+00,-7.028198e+00,-5.623653e+00,-5.499741e+00
-3.112135e+01,-9.335938e+00,-6.996357e+00,-5.605399e+00,-5.480942e+00
-3.108879e+01,-9.326172e+00,-6.964777e+00,-5.587342e+00,-5.462359e+00
-3.105624e+01,-9.316406e+00,-6.933455e+00,-5.569478e+00,-5.443988e+00
-3.102369e+01,-9.306641e+00,-6.902386e+00,-5.551802e+00,-5.425823e+00
-3.099113e+01,-9.296875e+00,-6.871568e+00,-5.534309e+00,-5.407859e+00
-3.095858e+01,-9.287109e+00,-6.840998e+00,-5.516994e+00,-5.390090e+00
-3.092603e+01,-9.277344e+00,-6.810673e+00,-5.499854e+00,-5.372512e+00
-3.089347e+01,-9.267578e+00,-6.780590e+00,-5.482883e+00,-5.355120e+00
-3.086092e+01,-9.257812e+00,-6.750745e+00,-5.466079e+00,-5.337909e+00
-3.082836e+01,-9.248047e+00,-6.721136e+00,-5.449436e+00,-5.320875e+00
-3.079581e+01,-9.238281e+00,-6.691759e+00,-5.432952e+00,-5.304014e+00
-3.076326e+01,-9.228516e+00,-6.662613e+00,-5.416623e+00,-5.287322e+00
-3.073070e+01,-9.218750e+00,-6.633694e+00,-5.400444e+00,-5.270794e+00
-3.069815e+01,-9.208984e+00,-6.604999e+00,-5.384414e+00,-5.254428e+00
-3.066560e+01,-9.199219e+00,-6.576527e+00,-5.368528e+00,-5.238219e+00
-3.063304e+01,-9.189453e+00,-6.548273e+00,-5.352783e+00,-5.222163e+00
-3.060049e+01,-9.179688e+00,-6.520236e+00,-5.337176e+00,-5.206258e+00
-3.056793e+01,-9.169922e+00,-6.492412e+00,-5.321705e+00,-5.190501e+00
-3.053538e+01,-9.160156e+00,-6.464801e+00,-5.306366e+00,-5.174887e+00
-3.050283e+01,-9.150391e+00,-6.437398e+00,-5.291158e+00,-5.159414e+00
-3.047027e+01,-9.140625e+00,-6.410201e+00,-5.276076e+00,-5.144079e+00
-3.043772e+01,-9.130859e+00,-6.383209e+00,-5.261118e+00,-5.128879e+00
-3.040517e+01,-9.121094e+00,-6.356418e+00,-5.246283e+00,-5.113812e+00
-3.037261e+01,-9.111328e+00,-6.329826e+00,-5.231567e+00,-5.098874e+00
-3.034006e+01,-9.101562e+00,-6.303432e+00,-5.216968e+00,-5.084062e+00
-3.030750e+01,-9.091797e+00,-6.277232e+00,-5.202485e+00,-5.069376e+00
-3.027495e+01,-9.082031e+00,-6.251225e+00,-5.188114e+00,-5.054811e+00
-3.024240e+01,-9.072266e+00,-6.225408e+00,-5.173853e+00,-5.040366e+00
-3.020984e+01,-9.062500e+00,-6.199779e+00,-5.159701e+00,-5.026038e+00
-3.017729e+01,-9.052734e+00,-6.174336e+00,-5.145655e+00,-5.011824e+00
-3.014474e+01,-9.042969e+00,-6.149077e+00,-5.131714e+00,-4.997724e+00
-3.011218e+01,-9.033203e+00,-6.123999e+00,-5.117876e+00,-4.983735e+00
-3.007963e+01,-9.023438e+00,-6.099102e+00,-5.104138e+00,-4.969854e+00
-3.004708e+01,-9.013672e+00,-6.074382e+00,-5.090499e+00,-4.956079e+00
-3.001452e+01,-9.003906e+00,-6.049838e+00,-5.076957e+00,-4.942410e+00
-2.998197e+01,-8.994141e+00,-6.025468e+00,-5.063511e+00,-4.928843e+00
-2.994941e+01,-8.984375e+00,-6.001270e+00,-5.050158e+00,-4.915377e+00
-2.991686e+01,-8.974609e+00,-5.977241e+00,-5.036898e+00,-4.902010e+00
-2.988431e+01,-8.964844e+00,-5.953381e+00,-5.023728e+00,-4.888740e+00
-2.985175e+01,-8.955078e+00,-5.929687e+00,-5.010647e+00,-4.875567e+00
-2.981920e+01,-8.945312e+00,-5.906158e+00,-4.997654e+00,-4.862487e+00
-2.978665e+01,-8.935547e+00,-5.882791e+00,-4.984746e+00,-4.849499e+00
-2.975409e+01,-8.925781e+00,-5.859585e+00,-4.971924e+00,-4.836603e+00
-2.972154e+01,-8.916016e+00,-5.836539e+00,-4.959185e+00,-4.823796e+00
-2.968898e+01,-8.906250e+00,-5.813650e+00,-4.946527e+00,-4.811077e+00
-2.965643e+01,-8.896484e+00,-5.790916e+00,-4.933951e+00,-4.798444e+00
-2.962388e+01,-8.886719e+00,-5.768337e+00,-4.921453e+00,-4.785896e+00
-2.959132e+01,-8.876953e+00,-5.745910e+00,-4.909034e+00,-4.773432e+00
-2.955877e+01,-8.867188e+00,-5.723634e+00,-4.896692e+00,-4.761050e+00
-2.952622e+01,-8.857422e+00,-5.701508e+00,-4.884425e+00,-4.748749e+00
-2.949366e+01,-8.847656e+00,-5.679529e+00,-4.872233e+00,-4.736528e+00
-2.946111e+01,-8.837891e+00,-5.657696e+00,-4.860114e+00,-4.724385e+00
-2.942855e+01,-8.828125e+00,-5.636008e+00,-4.848067e+00,-4.712319e+00
-2.939600e+01,-8.818359e+00,-5.614463e+00,-4.836092e+00,-4.700329e+00
-2.936345e+01,-8.808594e+00,-5.593060e+00,-4.824187e+00,-4.688414e+00
-2.933089e+01,-8.798828e+00,-5.571796e+00,-4.812351e+00,-4.676573e+00
-2.929834e+01,-8.789062e+00,-5.550672e+00,-4.800583e+00,-4.664805e+00
-2.926579e+01,-8.779297e+00,-5.529685e+00,-4.788882e+00,-4.653107e+00
-2.923323e+01,-8.769531e+00,-5.508833e+00,-4.777247e+00,-4.641481e+00
-2.920068e+01,-8.759766e+00,-5.488116e+00,-4.765677e+00,-4.629924e+00
-2.916812e+01,-8.750000e+00,-5.467533e+00,-4.754172e+00,-4.618435e+00
-2.913557e+01,-8.740234e+00,-5.447081e+00,-4.742730e+00,-4.607013e+00
-2.910302e+01,-8.730469e+00,-5.426759e+00,-4.731350e+00,-4.595658e+00
-2.907046e+01,-8.720703e+00,-5.406567e+00,-4.720033e+00,-4.584369e+00
-2.903791e+01,-8.710938e+00,-5.386503e+00,-4.708775e+00,-4.573144e+00
-2.900536e+01,-8.701172e+00,-5.366565e+00,-4.697578e+00,-4.561982e+00
-2.897280e+01,-8.691406e+00,-5.346752e+00,-4.686440e+00,-4.550884e+00
-2.894025e+01,-8.681641e+00,-5.327064e+00,-4.675360e+00,-4.539847e+00
-2.890770e+01,-8.671875e+00,-5.307498e+00,-4.664338e+00,-4.528871e+00
-2.887514e+01,-8.662109e+00,-5.288054e+00,-4.653373e+00,-4.517955e+00
-2.884259e+01,-8.652344e+00,-5.268730e+00,-4.642463e+00,-4.507099e+00
-2.881003e+01,-8.642578e+00,-5.249525e+00,-4.631609e+00,-4.496302e+00
-2.877748e+01,-8.632812e+00,-5.230439e+00,-4.620810e+00,-4.485562e+00
-2.874493e+01,-8.623047e+00,-5.211469e+00,-4.610064e+00,-4.474879e+00
-2.871237e+01,-8.613281e+00,-5.192616e+00,-4.599371e+00,-4.464252e+00
-2.867982e+01,-8.603516e+00,-5.173877e+00,-4.588732e+00,-4.453681e+00
-2.864727e+01,-8.593750e+00,-5.155251e+00,-4.578143e+00,-4.443165e+00
-2.861471e+01,-8.583984e+00,-5.136738e+00,-4.567607e+00,-4.432703e+00
-2.858216e+01,-8.574219e+00,-5.118336e+00,-4.557120e+00,-4.422294e+00
-2.854960e+01,-8.564453e+00,-5.100045e+00,-4.546684e+00,-4.411938e+00
-2.851705e+01,-8.554688e+00,-5.081863e+00,-4.536297e+00,-4.401634e+00
-2.848450e+01,-8.544922e+00,-5.063789e+00,-4.525959e+00,-4.391381e+00
-2.845194e+01,-8.535156e+00,-5.045822e+00,-4.515668e+00,-4.381179e+00
-2.841939e+01,-8.525391e+00,-5.027962e+00,-4.505426e+00,-4.371027e+00
-2.838684e+01,-8.515625e+00,-5.010206e+00,-4.495230e+00,-4.360925e+00
-2.835428e+01,-8.505859e+00,-4.992555e+00,-4.485081e+00,-4.350872e+00
-2.832173e+01,-8.496094e+00,-4.975007e+00,-4.474977e+00,-4.340866e+00
-2.828917e+01,-8.486328e+00,-4.957561e+00,-4.464919e+00,-4.330909e+00
-2.825662e+01,-8.476562e+00,-4.940217e+00,-4.454906e+00,-4.320999e+00
-2.822407e+01,-8.466797e+00,-4.922973e+00,-4.444937e+00,-4.311135e+00
-2.819151e+01,-8.457031e+00,-4.905828e+00,-4.435012e+00,-4.301317e+00
-2.815896e+01,-8.447266e+00,-4.888782e+00,-4.425130e+00,-4.291544e+00
-2.812641e+01,-8.437500e+00,-4.871834e+00,-4.415291e+00,-4.281817e+00
-2.809385e+01,-8.427734e+00,-4.854982e+00,-4.405494e+00,-4.272134e+00
-2.806130e+01,-8.417969e+00,-4.838226e+00,-4.395739e+00,-4.262495e+00
-2.802875e+01,-8.408203e+00,-4.821565e+00,-4.386026e+00,-4.252899e+00
-2.799619e+01,-8.398438e+00,-4.804999e+00,-4.376353e+00,-4.243346e+00
-2.796364e+01,-8.388672e+00,-4.788525e+00,-4.366721e+00,-4.233835e+00
-2.793108e+01,-8.378906e+00,-4.772144e+00,-4.357129e+00,-4.224367e+00
-2.789853e+01,-8.369141e+00,-4.755854e+00,-4.347576e+00,-4.214939e+00
-2.786598e+01,-8.359375e+00,-4.739655e+00,-4.338062e+00,-4.205553e+00
-2.783342e+01,-8.349609e+00,-4.723546e+00,-4.328588e+00,-4.196207e+00
-2.780087e+01,-8.339844e+00,-4.707527e+00,-4.319151e+00,-4.186901e+00
-2.776832e+01,-8.330078e+00,-4.691595e+00,-4.309752e+00,-4.177635e+00
-2.773576e+01,-8.320312e+00,-4.675751e+00,-4.300391e+00,-4.168408e+00
-2.770321e+01,-8.310547e+00,-4.659994e+00,-4.291067e+00,-4.159220e+00
-2.767065e+01,-8.300781e+00,-4.644323e+00,-4.281780e+00,-4.150070e+00
-2.763810e+01,-8.291016e+00,-4.628737e+00,-4.272529e+00,-4.140958e+00
-2.760555e+01,-8.281250e+00,-4.613236e+00,-4.263314e+00,-4.131883e+00
-2.757299e+01,-8.271484e+00,-4.597819e+00,-4.254134e+00,-4.122846e+00
-2.754044e+01,-8.261719e+00,-4.582484e+00,-4.244990e+00,-4.113845e+00
-2.750789e+01,-8.251953e+00,-4.567232e+00,-4.235880e+00,-4.104881e+00
-2.747533e+01,-8.242188e+00,-4.552062e+00,-4.226805e+00,-4.095952e+00
-2.744278e+01,-8.232422e+00,-4.536972e+00,-4.217764e+00,-4.087059e+00
-2.741022e+01,-8.222656e+00,-4.521963e+00,-4.208757e+00,-4.078202e+00
-2.737767e+01,-8.212891e+00,-4.507033e+00,-4.199784e+00,-4.069379e+00
-2.734512e+01,-8.203125e+00,-4.492182e+00,-4.190843e+00,-4.060590e+00
-2.731256e+01,-8.193359e+00,-4.477409e+00,-4.181936e+00,-4.051836e+00
-2.728001e+01,-8.183594e+00,-4.462713e+00,-4.173061e+00,-4.043115e+00
-2.724746e+01,-8.173828e+00,-4.448095e+00,-4.164218e+00,-4.034428e+00
-2.721490e+01,-8.164063e+00,-4.433552e+00,-4.155407e+00,-4.025774e+00
-2.718235e+01,-8.154297e+00,-4.419086e+00,-4.146627e+00,-4.017153e+00
-2.714979e+01,-8.144531e+00,-4.404694e+00,-4.137879e+00,-4.008564e+00
-2.711724e+01,-8.134766e+00,-4.390376e+00,-4.129161e+00,-4.000007e+00
-2.708469e+01,-8.125000e+00,-4.376132e+00,-4.120475e+00,-3.991482e+00
-2.705213e+01,-8.115234e+00,-4.361961e+00,-4.111818e+00,-3.982988e+00
-2.701958e+01,-8.105469e+00,-4.347863e+00,-4.103192e+00,-3.974526e+00
-2.698703e+01,-8.095703e+00,-4.333836e+00,-4.094595e+00,-3.966095e+00
-2.695447e+01,-8.085938e+00,-4.319881e+00,-4.086028e+00,-3.957694e+00
-2.692192e+01,-8.076172e+00,-4.305996e+00,-4.077490e+00,-3.949323e+00
-2.688937e+01,-8.066406e+00,-4.292181e+00,-4.068982e+00,-3.940982e+00
-2.685681e+01,-8.056641e+00,-4.278436e+00,-4.060501e+00,-3.932671e+00
-2.682426e+01,-8.046875e+00,-4.264759e+00,-4.052050e+00,-3.924390e+00
-2.679170e+01,-8.037109e+00,-4.251151e+00,-4.043626e+00,-3.916137e+00
-2.675915e+01,-8.027344e+00,-4.237611e+00,-4.035231e+00,-3.907913e+00
-2.672660e+01,-8.017578e+00,-4.224138e+00,-4.026863e+00,-3.899718e+00
-2.669404e+01,-8.007813e+00,-4.210732e+00,-4.018522e+00,-3.891552e+00
-2.666149e+01,-7.998047e+00,-4.197392e+00,-4.010209e+00,-3.883413e+00
-2.662894e+01,-7.988281e+00,-4.184117e+00,-4.001922e+00,-3.875302e+00
-2.659638e+01,-7.978516e+00,-4.170908e+00,-3.993663e+00,-3.867219e+00
-2.656383e+01,-7.968750e+00,-4.157763e+00,-3.985429e+00,-3.859163e+00
-2.653127e+01,-7.958984e+00,-4.144682e+00,-3.977222e+00,-3.851133e+00
-2.649872e+01,-7.949219e+00,-4.131664e+00,-3.969041e+00,-3.843131e+00
-2.646617e+01,-7.939453e+00,-4.118710e+00,-3.960886e+00,-3.835156e+00
-2.643361e+01,-7.929688e+00,-4.105818e+00,-3.952756e+00,-3.827206e+00
-2.640106e+01,-7.919922e+00,-4.092989e+00,-3.944652e+00,-3.819283e+00
-2.636851e+01,-7.910156e+00,-4.080220e+00,-3.936572e+00,-3.811385e+00
-2.633595e+01,-7.900391e+00,-4.067513e+00,-3.928518e+00,-3.803513e+00
-2.630340e+01,-7.890625e+00,-4.054867e+00,-3.920488e+00,-3.795667e+00
-2.627084e+01,-7.880859e+00,-4.042280e+00,-3.912483e+00,-3.787845e+00
-2.623829e+01,-7.871094e+00,-4.029753e+00,-3.904502e+00,-3.780049e+00
-2.620574e+01,-7.861328e+00,-4.017286e+00,-3.896545e+00,-3.772277e+00
-2.617318e+01,-7.851563e+00,-4.004877e+00,-3.888612e+00,-3.764530e+00
-2.614063e+01,-7.841797e+00,-3.992526e+00,-3.880702e+00,-3.756807e+00
-2.610808e+01,-7.832031e+00,-3.980233e+00,-3.872816e+00,-3.749108e+00
-2.607552e+01,-7.822266e+00,-3.967997e+00,-3.864953e+00,-3.741433e+00
-2.604297e+01,-7.812500e+00,-3.955819e+00,-3.857114e+00,-3.733782e+00
-2.601042e+01,-7.802734e+00,-3.943696e+00,-3.849297e+00,-3.726154e+00
-2.597786e+01,-7.792969e+00,-3.931630e+00,-3.841503e+00,-3.718550e+00
-2.594531e+01,-7.783203e+00,-3.919620e+00,-3.833731e+00,-3.710968e+00
-2.591275e+01,-7.773438e+00,-3.907664e+00,-3.825982e+00,-3.703410e+00
-2.588020e+01,-7.763672e+00,-3.895763e+00,-3.818255e+00,-3.695874e+00
-2.584765e+01,-7.753906e+00,-3.883917e+00,-3.810550e+00,-3.688360e+00
-2.581509e+01,-7.744141e+00,-3.872125e+00,-3.802867e+00,-3.680869e+00
-2.578254e+01,-7.734375e+00,-3.860386e+00,-3.795205e+00,-3.673400e+00
-2.574999e+01,-7.724609e+00,-3.848700e+00,-3.787565e+00,-3.665953e+00
-2.571743e+01,-7.714844e+00,-3.837067e+00,-3.779946e+00,-3.658528e+00
-2.568488e+01,-7.705078e+00,-3.825486e+00,-3.772348e+00,-3.651124e+00
-2.565232e+01,-7.695312e+00,-3.813957e+00,-3.764771e+00,-3.643742e+00
-2.561977e+01,-7.685547e+00,-3.802480e+00,-3.757215e+00,-3.636381e+00
-2.558722e+01,-7.675781e+00,-3.791054e+00,-3.749680e+00,-3.629041e+00
-2.555466e+01,-7.666016e+00,-3.779678e+00,-3.742165e+00,-3.621722e+00
-2.552211e+01,-7.656250e+00,-3.768353e+00,-3.734670e+00,-3.614424e+00
-2.548956e+01,-7.646484e+00,-3.757079e+00,-3.727196e+00,-3.607146e+00
-2.545700e+01,-7.636719e+00,-3.745853e+00,-3.719741e+00,-3.599888e+00
-2.542445e+01,-7.626953e+00,-3.734677e+00,-3.712307e+00,-3.592651e+00
-2.539189e+01,-7.617188e+00,-3.723550e+00,-3.704892e+00,-3.585434e+00
-2.535934e+01,-7.607422e+00,-3.712472e+00,-3.697496e+00,-3.578237e+00
-2.532679e+01,-7.597656e+00,-3.701441e+00,-3.690120e+00,-3.571060e+00
-2.529423e+01,-7.587891e+00,-3.690459e+00,-3.682763e+00,-3.563902e+00
-2.526168e+01,-7.578125e+00,-3.679524e+00,-3.675426e+00,-3.556763e+00
-2.522913e+01,-7.568359e+00,-3.668636e+00,-3.668107e+00,-3.549644e+00
-2.519657e+01,-7.558594e+00,-3.657795e+00,-3.660807e+00,-3.542544e+00
-2.516402e+01,-7.548828e+00,-3.647001e+00,-3.653526e+00,-3.535463e+00
-2.513146e+01,-7.539063e+00,-3.636252e+00,-3.646264e+00,-3.528401e+00
-2.509891e+01,-7.529297e+00,-3.625550e+00,-3.639019e+00,-3.521358e+00
-2.506636e+01,-7.519531e+00,-3.614893e+00,-3.631794e+00,-3.514333e+00
-2.503380e+01,-7.509766e+00,-3.604281e+00,-3.624586e+00,-3.507327e+00
-2.500125e+01,-7.500000e+00,-3.593714e+00,-3.617396e+00,-3.500339e+00
-2.496870e+01,-7.490234e+00,-3.583191e+00,-3.610224e+00,-3.493369e+00
-2.493614e+01,-7.480469e+00,-3.572713e+00,-3.603070e+00,-3.486417e+00
-2.490359e+01,-7.470703e+00,-3.562278e+00,-3.595934e+00,-3.479483e+00
-2.487104e+01,-7.460938e+00,-3.551888e+00,-3.588815e+00,-3.472567e+00
-2.483848e+01,-7.451172e+00,-3.541540e+00,-3.581713e+00,-3.465668e+00
-2.480593e+01,-7.441406e+00,-3.531235e+00,-3.574629e+00,-3.458787e+00
-2.477337e+01,-7.431641e+00,-3.520973e+00,-3.567562e+00,-3.451923e+00
-2.474082e+01,-7.421875e+00,-3.510754e+00,-3.560511e+00,-3.445077e+00
-2.470827e+01,-7.412109e+00,-3.500576e+00,-3.553478e+00,-3.438247e+00
-2.467571e+01,-7.402344e+00,-3.490440e+00,-3.546462e+00,-3.431435e+00
-2.464316e+01,-7.392578e+00,-3.480346e+00,-3.539462e+00,-3.424639e+00
-2.461061e+01,-7.382812e+00,-3.470293e+00,-3.532478e+00,-3.417860e+00
-2.457805e+01,-7.373047e+00,-3.460281e+00,-3.525512e+00,-3.411098e+00
-2.454550e+01,-7.363281e+00,-3.450309e+00,-3.518561e+00,-3.404352e+00
-2.451294e+01,-7.353516e+00,-3.440378e+00,-3.511627e+00,-3.397623e+00
-2.448039e+01,-7.343750e+00,-3.430486e+00,-3.504708e+00,-3.390909e+00
-2.444784e+01,-7.333984e+00,-3.420635e+00,-3.497806e+00,-3.384212e+00
-2.441528e+01,-7.324219e+00,-3.410823e+00,-3.490920e+00,-3.377531e+00
-2.438273e+01,-7.314453e+00,-3.401050e+00,-3.484049e+00,-3.370866e+00
-2.435018e+01,-7.304688e+00,-3.391317e+00,-3.477194e+00,-3.364217e+00
-2.431762e+01,-7.294922e+00,-3.381621e+00,-3.470354e+00,-3.357583e+00
-2.428507e+01,-7.285156e+00,-3.371965e+00,-3.463530e+00,-3.350965e+00
-2.425251e+01,-7.275391e+00,-3.362346e+00,-3.456722e+00,-3.344362e+00
-2.421996e+01,-7.265625e+00,-3.352766e+00,-3.449928e+00,-3.337775e+00
-2.418741e+01,-7.255859e+00,-3.343223e+00,-3.443150e+00,-3.331203e+00
-2.415485e+01,-7.246094e+00,-3.333718e+00,-3.436387e+00,-3.324646e+00
-2.412230e+01,-7.236328e+00,-3.324249e+00,-3.429638e+00,-3.318105e+00
-2.408975e+01,-7.226562e+00,-3.314818e+00,-3.422905e+00,-3.311578e+00
-2.405719e+01,-7.216797e+00,-3.305423e+00,-3.416186e+00,-3.305066e+00
-2.402464e+01,-7.207031e+00,-3.296065e+00,-3.409482e+00,-3.298568e+00
-2.399208e+01,-7.197266e+00,-3.286743e+00,-3.402792e+00,-3.292086e+00
-2.395953e+01,-7.187500e+00,-3.277456e+00,-3.396117e+00,-3.285618e+00
-2.392698e+01,-7.177734e+00,-3.268206e+00,-3.389456e+00,-3.279164e+00
-2.389442e+01,-7.167969e+00,-3.258991e+00,-3.382810e+00,-3.272724e+00
-2.386187e+01,-7.158203e+00,-3.249811e+00,-3.376177e+00,-3.266299e+00
-2.382932e+01,-7.148438e+00,-3.240666e+00,-3.369559e+00,-3.259888e+00
-2.379676e+01,-7.138672e+00,-3.231556e+00,-3.362955e+00,-3.253491e+00
-2.376421e+01,-7.128906e+00,-3.222480e+00,-3.356365e+00,-3.247108e+00
-2.373166e+01,-7.119141e+00,-3.213439e+00,-3.349788e+00,-3.240739e+00
-2.369910e+01,-7.109375e+00,-3.204431e+00,-3.343225e+00,-3.234384e+00
-2.366655e+01,-7.099609e+00,-3.195458e+00,-3.336676e+00,-3.228042e+00
-2.363399e+01,-7.089844e+00,-3.186518e+00,-3.330140e+00,-3.221714e+00
-2.360144e+01,-7.080078e+00,-3.177611e+00,-3.323618e+00,-3.215400e+00
-2.356889e+01,-7.070312e+00,-3.168738e+00,-3.317109e+00,-3.209098e+00
-2.353633e+01,-7.060547e+00,-3.159898e+00,-3.310614e+00,-3.202811e+00
-2.350378e+01,-7.050781e+00,-3.151090e+00,-3.304132e+00,-3.196536e+00
-2.347123e+01,-7.041016e+00,-3.142315e+00,-3.297663e+00,-3.190274e+00
-2.343867e+01,-7.031250e+00,-3.133573e+00,-3.291207e+00,-3.184026e+00
-2.340612e+01,-7.021484e+00,-3.124862e+00,-3.284763e+00,-3.177791e+00
-2.337356e+01,-7.011719e+00,-3.116184e+00,-3.278333e+00,-3.171568e+00
-2.334101e+01,-7.001953e+00,-3.107537e+00,-3.271916e+00,-3.165358e+00
-2.330846e+01,-6.992188e+00,-3.098921e+00,-3.265511e+00,-3.159161e+00
-2.327590e+01,-6.982422e+00,-3.090337e+00,-3.259119e+00,-3.152977e+00
-2.324335e+01,-6.972656e+00,-3.081784e+00,-3.252740e+00,-3.146805e+00
-2.321080e+01,-6.962891e+00,-3.073262e+00,-3.246373e+00,-3.140646e+00
-2.317824e+01,-6.953125e+00,-3.064771e+00,-3.240018e+00,-3.134499e+00
-2.314569e+01,-6.943359e+00,-3.056310e+00,-3.233676e+00,-3.128364e+00
-2.311313e+01,-6.933594e+00,-3.047879e+00,-3.227346e+00,-3.122242e+00
-2.308058e+01,-6.923828e+00,-3.039479e+00,-3.221028e+00,-3.116132e+00
-2.304803e+01,-6.914062e+00,-3.031108e+00,-3.214723e+00,-3.110034e+00
-2.301547e+01,-6.904297e+00,-3.022768e+00,-3.208429e+00,-3.103948e+00
-2.298292e+01,-6.894531e+00,-3.014457e+00,-3.202148e+00,-3.097874e+00
-2.295037e+01,-6.884766e+00,-3.006175e+00,-3.195878e+00,-3.091812e+00
-2.291781e+01,-6.875000e+00,-2.997922e+00,-3.189620e+00,-3.085761e+00
-2.288526e+01,-6.865234e+00,-2.989699e+00,-3.183374e+00,-3.079723e+00
-2.285271e+01,-6.855469e+00,-2.981504e+00,-3.177140e+00,-3.073696e+00
-2.282015e+01,-6.845703e+00,-2.973338e+00,-3.170917e+00,-3.067680e+00
-2.278760e+01,-6.835938e+00,-2.965200e+00,-3.164706e+00,-3.061676e+00
-2.275504e+01,-6.826172e+00,-2.957091e+00,-3.158507e+00,-3.055684e+00
-2.272249e+01,-6.816406e+00,-2.949010e+00,-3.152319e+00,-3.049703e+00
-2.268994e+01,-6.806641e+00,-2.940957e+00,-3.146142e+00,-3.043733e+00
-2.265738e+01,-6.796875e+00,-2.932931e+00,-3.139976e+00,-3.037774e+00
-2.262483e+01,-6.787109e+00,-2.924933e+00,-3.133822e+00,-3.031827e+00
-2.259228e+01,-6.777344e+00,-2.916963e+00,-3.127679e+00,-3.025890e+00
-2.255972e+01,-6.767578e+00,-2.909020e+00,-3.121547e+00,-3.019965e+00
-2.252717e+01,-6.757812e+00,-2.901104e+00,-3.115426e+00,-3.014051e+00
-2.249461e+01,-6.748047e+00,-2.893214e+00,-3.109316e+00,-3.008147e+00
-2.246206e+01,-6.738281e+00,-2.885352e+00,-3.103217e+00,-3.002255e+00
-2.242951e+01,-6.728516e+00,-2.877516e+00,-3.097128e+00,-2.996373e+00
-2.239695e+01,-6.718750e+00,-2.869707e+00,-3.091051e+00,-2.990502e+00
-2.236440e+01,-6.708984e+00,-2.861924e+00,-3.084984e+00,-2.984641e+00
-2.233185e+01,-6.699219e+00,-2.854167e+00,-3.078928e+00,-2.978791e+00
-2.229929e+01,-6.689453e+00,-2.846436e+00,-3.072882e+00,-2.972952e+00
-2.226674e+01,-6.679688e+00,-2.838731e+00,-3.066848e+00,-2.967123e+00
-2.223418e+01,-6.669922e+00,-2.831051e+00,-3.060823e+00,-2.961304e+00
-2.220163e+01,-6.660156e+00,-2.823397e+00,-3.054809e+00,-2.955496e+00
-2.216908e+01,-6.650391e+00,-2.815769e+00,-3.048805e+00,-2.949698e+00
-2.213652e+01,-6.640625e+00,-2.808165e+00,-3.042812e+00,-2.943910e+00
-2.210397e+01,-6.630859e+00,-2.800587e+00,-3.036829e+00,-2.938133e+00
-2.207142e+01,-6.621094e+00,-2.793033e+00,-3.030856e+00,-2.932365e+00
-2.203886e+01,-6.611328e+00,-2.785504e+00,-3.024893e+00,-2.926608e+00
-2.200631e+01,-6.601562e+00,-2.778000e+00,-3.018941e+00,-2.920860e+00
-2.197375e+01,-6.591797e+00,-2.770521e+00,-3.012998e+00,-2.915123e+00
-2.194120e+01,-6.582031e+00,-2.763065e+00,-3.007065e+00,-2.909395e+00
-2.190865e+01,-6.572266e+00,-2.755634e+00,-3.001142e+00,-2.903677e+00
-2.187609e+01,-6.562500e+00,-2.748227e+00,-2.995230e+00,-2.897969e+00
-2.184354e+01,-6.552734e+00,-2.740843e+00,-2.989326e+00,-2.892270e+00
-2.181099e+01,-6.542969e+00,-2.733484e+00,-2.983433e+00,-2.886581e+00
-2.177843e+01,-6.533203e+00,-2.726147e+00,-2.977549e+00,-2.880902e+00
-2.174588e+01,-6.523438e+00,-2.718835e+00,-2.971675e+00,-2.875232e+00
-2.171333e+01,-6.513672e+00,-2.711546e+00,-2.965811e+00,-2.869572e+00
-2.168077e+01,-6.503906e+00,-2.704279e+00,-2.959956e+00,-2.863921e+00
-2.164822e+01,-6.494141e+00,-2.697036e+00,-2.954111e+00,-2.858279e+00
-2.161566e+01,-6.484375e+00,-2.689816e+00,-2.948275e+00,-2.852647e+00
-2.158311e+01,-6.474609e+00,-2.682619e+00,-2.942448e+00,-2.847024e+00
-2.155056e+01,-6.464844e+00,-2.675444e+00,-2.936631e+00,-2.841410e+00
-2.151800e+01,-6.455078e+00,-2.668292e+00,-2.930823e+00,-2.835806e+00
-2.148545e+01,-6.445312e+00,-2.661162e+00,-2.925025e+00,-2.830210e+00
-2.145290e+01,-6.435547e+00,-2.654055e+00,-2.919235e+00,-2.824624e+00
-2.142034e+01,-6.425781e+00,-2.646969e+00,-2.913455e+00,-2.819046e+00
-2.138779e+01,-6.416016e+00,-2.639906e+00,-2.907684e+00,-2.813478e+00
-2.135523e+01,-6.406250e+00,-2.632864e+00,-2.901922e+00,-2.807918e+00
-2.132268e+01,-6.396484e+00,-2.625844e+00,-2.896168e+00,-2.802368e+00
-2.129013e+01,-6.386719e+00,-2.618846e+00,-2.890424e+00,-2.796826e+00
-2.125757e+01,-6.376953e+00,-2.611869e+00,-2.884689e+00,-2.791292e+00
-2.122502e+01,-6.367188e+00,-2.604914e+00,-2.878962e+00,-2.785768e+00
-2.119247e+01,-6.357422e+00,-2.597980e+00,-2.873245e+00,-2.780252e+00
-2.115991e+01,-6.347656e+00,-2.591067e+00,-2.867536e+00,-2.774745e+00
-2.112736e+01,-6.337891e+00,-2.584175e+00,-2.861836e+00,-2.769246e+00
-2.109480e+01,-6.328125e+00,-2.577304e+00,-2.856144e+00,-2.763756e+00
-2.106225e+01,-6.318359e+00,-2.570454e+00,-2.850462e+00,-2.758275e+00
-2.102970e+01,-6.308594e+00,-2.563624e+00,-2.844787e+00,-2.752801e+00
-2.099714e+01,-6.298828e+00,-2.556815e+00,-2.839122e+00,-2.747337e+00
-2.096459e+01,-6.289062e+00,-2.550026e+00,-2.833464e+00,-2.741880e+00
-2.093204e+01,-6.279297e+00,-2.543258e+00,-2.827816e+00,-2.736432e+00
-2.089948e+01,-6.269531e+00,-2.536510e+00,-2.822175e+00,-2.730992e+00
-2.086693e+01,-6.259766e+00,-2.529782e+00,-2.816543e+00,-2.725560e+00
-2.083438e+01,-6.250000e+00,-2.523073e+00,-2.810920e+00,-2.720136e+00
-2.080182e+01,-6.240234e+00,-2.516385e+00,-2.805304e+00,-2.714721e+00
-2.076927e+01,-6.230469e+00,-2.509717e+00,-2.799697e+00,-2.709314e+00
-2.073671e+01,-6.220703e+00,-2.503068e+00,-2.794098e+00,-2.703914e+00
-2.070416e+01,-6.210938e+00,-2.496438e+00,-2.788507e+00,-2.698523e+00
-2.067161e+01,-6.201172e+00,-2.489828e+00,-2.782925e+00,-2.693139e+00
-2.063905e+01,-6.191406e+00,-2.483238e+00,-2.777350e+00,-2.687764e+00
-2.060650e+01,-6.181641e+00,-2.476666e+00,-2.771784e+00,-2.682396e+00
-2.057395e+01,-6.171875e+00,-2.470114e+00,-2.766225e+00,-2.677036e+00
-2.054139e+01,-6.162109e+00,-2.463580e+00,-2.760674e+00,-2.671684e+00
-2.050884e+01,-6.152344e+00,-2.457066e+00,-2.755132e+00,-2.666340e+00
-2.047628e+01,-6.142578e+00,-2.450570e+00,-2.749597e+00,-2.661003e+00
-2.044373e+01,-6.132812e+00,-2.444093e+00,-2.744070e+00,-2.655674e+00
-2.041118e+01,-6.123047e+00,-2.437634e+00,-2.738551e+00,-2.650353e+00
-2.037862e+01,-6.113281e+00,-2.431194e+00,-2.733039e+00,-2.645039e+00
-2.034607e+01,-6.103516e+00,-2.424773e+00,-2.727535e+00,-2.639733e+00
-2.031352e+01,-6.093750e+00,-2.418369e+00,-2.722039e+00,-2.634434e+00
-2.028096e+01,-6.083984e+00,-2.411984e+00,-2.716551e+00,-2.629142e+00
-2.024841e+01,-6.074219e+00,-2.405617e+00,-2.711070e+00,-2.623859e+00
-2.021585e+01,-6.064453e+00,-2.399268e+00,-2.705597e+00,-2.618582e+00
-2.018330e+01,-6.054688e+00,-2.392936e+00,-2.700131e+00,-2.613313e+00
-2.015075e+01,-6.044922e+00,-2.386623e+00,-2.694673e+00,-2.608051e+00
-2.011819e+01,-6.035156e+00,-2.380327e+00,-2.689222e+00,-2.602796e+00
-2.008564e+01,-6.025391e+00,-2.374049e+00,-2.683779e+00,-2.597549e+00
-2.005309e+01,-6.015625e+00,-2.367788e+00,-2.678343e+00,-2.592309e+00
-2.002053e+01,-6.005859e+00,-2.361544e+00,-2.672914e+00,-2.587076e+00
-1.998798e+01,-5.996094e+00,-2.355318e+00,-2.667493e+00,-2.581850e+00
-1.995542e+01,-5.986328e+00,-2.349109e+00,-2.662079e+00,-2.576631e+00
-1.992287e+01,-5.976562e+00,-2.342917e+00,-2.656672e+00,-2.571419e+00
-1.989032e+01,-5.966797e+00,-2.336743e+00,-2.651273e+00,-2.566214e+00
-1.985776e+01,-5.957031e+00,-2.330585e+00,-2.645880e+00,-2.561017e+00
-1.982521e+01,-5.947266e+00,-2.324444e+00,-2.640495e+00,-2.555826e+00
-1.979266e+01,-5.937500e+00,-2.318319e+00,-2.635117e+00,-2.550642e+00
-1.976010e+01,-5.927734e+00,-2.312212e+00,-2.629746e+00,-2.545465e+00
-1.972755e+01,-5.917969e+00,-2.306121e+00,-2.624382e+00,-2.540294e+00
-1.969500e+01,-5.908203e+00,-2.300046e+00,-2.619025e+00,-2.535131e+00
-1.966244e+01,-5.898438e+00,-2.293988e+00,-2.613675e+00,-2.529974e+00
-1.962989e+01,-5.888672e+00,-2.287946e+00,-2.608332e+00,-2.524824e+00
-1.959733e+01,-5.878906e+00,-2.281920e+00,-2.602995e+00,-2.519681e+00
-1.956478e+01,-5.869141e+00,-2.275911e+00,-2.597666e+00,-2.514545e+00
-1.953223e+01,-5.859375e+00,-2.269917e+00,-2.592343e+00,-2.509415e+00
-1.949967e+01,-5.849609e+00,-2.263940e+00,-2.587028e+00,-2.504291e+00
-1.946712e+01,-5.839844e+00,-2.257978e+00,-2.581719e+00,-2.499175e+00
-1.943457e+01,-5.830078e+00,-2.252032e+00,-2.576416e+00,-2.494064e+00
-1.940201e+01,-5.820312e+00,-2.246102e+00,-2.571121e+00,-2.488961e+00
-1.936946e+01,-5.810547e+00,-2.240188e+00,-2.565832e+00,-2.483863e+00
-1.933690e+01,-5.800781e+00,-2.234289e+00,-2.560550e+00,-2.478773e+00
-1.930435e+01,-5.791016e+00,-2.228405e+00,-2.555274e+00,-2.473688e+00
-1.927180e+01,-5.781250e+00,-2.222537e+00,-2.550005e+00,-2.468610e+00
-1.923924e+01,-5.771484e+00,-2.216684e+00,-2.544743e+00,-2.463538e+00
-1.920669e+01,-5.761719e+00,-2.210846e+00,-2.539487e+00,-2.458473e+00
-1.917414e+01,-5.751953e+00,-2.205024e+00,-2.534237e+00,-2.453414e+00
-1.914158e+01,-5.742188e+00,-2.199216e+00,-2.528994e+00,-2.448361e+00
-1.910903e+01,-5.732422e+00,-2.193424e+00,-2.523758e+00,-2.443315e+00
-1.907647e+01,-5.722656e+00,-2.187646e+00,-2.518527e+00,-2.438274e+00
-1.904392e+01,-5.712891e+00,-2.181884e+00,-2.513304e+00,-2.433240e+00
-1.901137e+01,-5.703125e+00,-2.176136e+00,-2.508086e+00,-2.428212e+00
-1.897881e+01,-5.693359e+00,-2.170403e+00,-2.502875e+00,-2.423190e+00
-1.894626e+01,-5.683594e+00,-2.164684e+00,-2.497670e+00,-2.418174e+00
-1.891371e+01,-5.673828e+00,-2.158980e+00,-2.492471e+00,-2.413164e+00
-1.888115e+01,-5.664062e+00,-2.153290e+00,-2.487279e+00,-2.408160e+00
-1.884860e+01,-5.654297e+00,-2.147615e+00,-2.482093e+00,-2.403162e+00
-1.881604e+01,-5.644531e+00,-2.141954e+00,-2.476913e+00,-2.398170e+00
-1.878349e+01,-5.634766e+00,-2.136307e+00,-2.471739e+00,-2.393184e+00
-1.875094e+01,-5.625000e+00,-2.130674e+00,-2.466571e+00,-2.388204e+00
-1.871838e+01,-5.615234e+00,-2.125056e+00,-2.461409e+00,-2.383229e+00
-1.868583e+01,-5.605469e+00,-2.119451e+00,-2.456254e+00,-2.378261e+00
-1.865328e+01,-5.595703e+00,-2.113860e+00,-2.451104e+00,-2.373298e+00
-1.862072e+01,-5.585938e+00,-2.108284e+00,-2.445960e+00,-2.368342e+00
-1.858817e+01,-5.576172e+00,-2.102721e+00,-2.440823e+00,-2.363390e+00
-1.855562e+01,-5.566406e+00,-2.097171e+00,-2.435691e+00,-2.358445e+00
-1.852306e+01,-5.556641e+00,-2.091636e+00,-2.430565e+00,-2.353505e+00
-1.849051e+01,-5.546875e+00,-2.086114e+00,-2.425445e+00,-2.348571e+00
-1.845795e+01,-5.537109e+00,-2.080605e+00,-2.420331e+00,-2.343643e+00
-1.842540e+01,-5.527344e+00,-2.075110e+00,-2.415223e+00,-2.338720e+00
-1.839285e+01,-5.517578e+00,-2.069629e+00,-2.410121e+00,-2.333803e+00
-1.836029e+01,-5.507812e+00,-2.064160e+00,-2.405024e+00,-2.328892e+00
-1.832774e+01,-5.498047e+00,-2.058705e+00,-2.399933e+00,-2.323986e+00
-1.829519e+01,-5.488281e+00,-2.053263e+00,-2.394848e+00,-2.319085e+00
-1.826263e+01,-5.478516e+00,-2.047834e+00,-2.389769e+00,-2.314190e+00
-1.823008e+01,-5.468750e+00,-2.042419e+00,-2.384695e+00,-2.309301e+00
-1.819752e+01,-5.458984e+00,-2.037016e+00,-2.379627e+00,-2.304417e+00
-1.816497e+01,-5.449219e+00,-2.031626e+00,-2.374564e+00,-2.299538e+00
-1.813242e+01,-5.439453e+00,-2.026249e+00,-2.369508e+00,-2.294665e+00
-1.809986e+01,-5.429687e+00,-2.020885e+00,-2.364456e+00,-2.289797e+00
-1.806731e+01,-5.419922e+00,-2.015533e+00,-2.359411e+00,-2.284934e+00
-1.803476e+01,-5.410156e+00,-2.010194e+00,-2.354370e+00,-2.280077e+00
-1.800220e+01,-5.400391e+00,-2.004868e+00,-2.349336e+00,-2.275225e+00
-1.796965e+01,-5.390625e+00,-1.999554e+00,-2.344307e+00,-2.270378e+00
-1.793709e+01,-5.380859e+00,-1.994253e+00,-2.339283e+00,-2.265537e+00
-1.790454e+01,-5.371094e+00,-1.988964e+00,-2.334265e+00,-2.260701e+00
-1.787199e+01,-5.361328e+00,-1.983687e+00,-2.329252e+00,-2.255870e+00
-1.783943e+01,-5.351562e+00,-1.978423e+00,-2.324244e+00,-2.251044e+00
-1.780688e+01,-5.341797e+00,-1.973171e+00,-2.319242e+00,-2.246223e+00
-1.777433e+01,-5.332031e+00,-1.967931e+00,-2.314245e+00,-2.241407e+00
-1.774177e+01,-5.322266e+00,-1.962703e+00,-2.309254e+00,-2.236597e+00
-1.770922e+01,-5.312500e+00,-1.957488e+00,-2.304268e+00,-2.231791e+00
-1.767667e+01,-5.302734e+00,-1.952284e+00,-2.299287e+00,-2.226991e+00
-1.764411e+01,-5.292969e+00,-1.947092e+00,-2.294311e+00,-2.222195e+00
-1.761156e+01,-5.283203e+00,-1.941912e+00,-2.289341e+00,-2.217405e+00
-1.757900e+01,-5.273438e+00,-1.936744e+00,-2.284376e+00,-2.212620e+00
-1.754645e+01,-5.263672e+00,-1.931587e+00,-2.279416e+00,-2.207839e+00
-1.751390e+01,-5.253906e+00,-1.926443e+00,-2.274461e+00,-2.203064e+00
-1.748134e+01,-5.244141e+00,-1.921309e+00,-2.269511e+00,-2.198293e+00
-1.744879e+01,-5.234375e+00,-1.916188e+00,-2.264566e+00,-2.193527e+00
-1.741624e+01,-5.224609e+00,-1.911078e+00,-2.259627e+00,-2.188767e+00
-1.738368e+01,-5.214844e+00,-1.905979e+00,-2.254692e+00,-2.184011e+00
-1.735113e+01,-5.205078e+00,-1.900892e+00,-2.249763e+00,-2.179259e+00
-1.731857e+01,-5.195312e+00,-1.895816e+00,-2.244838e+00,-2.174513e+00
-1.728602e+01,-5.185547e+00,-1.890752e+00,-2.239919e+00,-2.169771e+00
-1.725347e+01,-5.175781e+00,-1.885698e+00,-2.235004e+00,-2.165035e+00
-1.722091e+01,-5.166016e+00,-1.880656e+00,-2.230095e+00,-2.160302e+00
-1.718836e+01,-5.156250e+00,-1.875625e+00,-2.225190e+00,-2.155575e+00
-1.715581e+01,-5.146484e+00,-1.870605e+00,-2.220291e+00,-2.150852e+00
-1.712325e+01,-5.136719e+00,-1.865597e+00,-2.215396e+00,-2.146134e+00
-1.709070e+01,-5.126953e+00,-1.860599e+00,-2.210506e+00,-2.141421e+00
-1.705814e+01,-5.117188e+00,-1.855612e+00,-2.205621e+00,-2.136712e+00
-1.702559e+01,-5.107422e+00,-1.850635e+00,-2.200741e+00,-2.132008e+00
-1.699304e+01,-5.097656e+00,-1.845670e+00,-2.195866e+00,-2.127308e+00
-1.696048e+01,-5.087891e+00,-1.840716e+00,-2.190995e+00,-2.122613e+00
-1.692793e+01,-5.078125e+00,-1.835772e+00,-2.186129e+00,-2.117923e+00
-1.689538e+01,-5.068359e+00,-1.830838e+00,-2.181268e+00,-2.113237e+00
-1.686282e+01,-5.058594e+00,-1.825916e+00,-2.176412e+00,-2.108556e+00
-1.683027e+01,-5.048828e+00,-1.821004e+00,-2.171560e+00,-2.103879e+00
-1.679771e+01,-5.039062e+00,-1.816102e+00,-2.166713e+00,-2.099206e+00
-1.676516e+01,-5.029297e+00,-1.811211e+00,-2.161871e+00,-2.094538e+00
-1.673261e+01,-5.019531e+00,-1.806330e+00,-2.157033e+00,-2.089875e+00
-1.670005e+01,-5.009766e+00,-1.801460e+00,-2.152200e+00,-2.085216e+00
-1.666750e+01,-5.000000e+00,-1.796600e+00,-2.147372e+00,-2.080561e+00
-1.663495e+01,-4.990234e+00,-1.791750e+00,-2.142548e+00,-2.075910e+00
-1.660239e+01,-4.980469e+00,-1.786910e+00,-2.137729e+00,-2.071264e+00
-1.656984e+01,-4.970703e+00,-1.782080e+00,-2.132914e+00,-2.066623e+00
-1.653729e+01,-4.960938e+00,-1.777261e+00,-2.128104e+00,-2.061985e+00
-1.650473e+01,-4.951172e+00,-1.772452e+00,-2.123298e+00,-2.057352e+00
-1.647218e+01,-4.941406e+00,-1.767652e+00,-2.118497e+00,-2.052723e+00
-1.643962e+01,-4.931641e+00,-1.762863e+00,-2.113700e+00,-2.048099e+00
-1.640707e+01,-4.921875e+00,-1.758083e+00,-2.108908e+00,-2.043478e+00
-1.637452e+01,-4.912109e+00,-1.753314e+00,-2.104120e+00,-2.038862e+00
-1.634196e+01,-4.902344e+00,-1.748554e+00,-2.099337e+00,-2.034250e+00
-1.630941e+01,-4.892578e+00,-1.743804e+00,-2.094558e+00,-2.029642e+00
-1.627686e+01,-4.882812e+00,-1.739063e+00,-2.089784e+00,-2.025039e+00
-1.624430e+01,-4.873047e+00,-1.734333e+00,-2.085013e+00,-2.020439e+00
-1.621175e+01,-4.863281e+00,-1.729612e+00,-2.080247e+00,-2.015844e+00
-1.617919e+01,-4.853516e+00,-1.724900e+00,-2.075486e+00,-2.011252e+00
-1.614664e+01,-4.843750e+00,-1.720198e+00,-2.070729e+00,-2.006665e+00
-1.611409e+01,-4.833984e+00,-1.715506e+00,-2.065976e+00,-2.002082e+00
-1.608153e+01,-4.824219e+00,-1.710823e+00,-2.061227e+00,-1.997503e+00
-1.604898e+01,-4.814453e+00,-1.706149e+00,-2.056483e+00,-1.992928e+00
-1.601643e+01,-4.804688e+00,-1.701485e+00,-2.051742e+00,-1.988357e+00
-1.598387e+01,-4.794922e+00,-1.696830e+00,-2.047006e+00,-1.983790e+00
-1.595132e+01,-4.785156e+00,-1.692185e+00,-2.042275e+00,-1.979227e+00
-1.591876e+01,-4.775391e+00,-1.687548e+00,-2.037547e+00,-1.974668e+00
-1.588621e+01,-4.765625e+00,-1.682921e+00,-2.032823e+00,-1.970113e+00
-1.585366e+01,-4.755859e+00,-1.678303e+00,-2.028104e+00,-1.965561e+00
-1.582110e+01,-4.746094e+00,-1.673694e+00,-2.023389e+00,-1.961014e+00
-1.578855e+01,-4.736328e+00,-1.669094e+00,-2.018678e+00,-1.956471e+00
-1.575600e+01,-4.726562e+00,-1.664503e+00,-2.013971e+00,-1.951931e+00
-1.572344e+01,-4.716797e+00,-1.659921e+00,-2.009268e+00,-1.947396e+00
-1.569089e+01,-4.707031e+00,-1.655348e+00,-2.004569e+00,-1.942864e+00
-1.565833e+01,-4.697266e+00,-1.650784e+00,-1.999875e+00,-1.938336e+00
-1.562578e+01,-4.687500e+00,-1.646228e+00,-1.995184e+00,-1.933812e+00
-1.559323e+01,-4.677734e+00,-1.641682e+00,-1.990497e+00,-1.929291e+00
-1.556067e+01,-4.667969e+00,-1.637144e+00,-1.985814e+00,-1.924775e+00
-1.552812e+01,-4.658203e+00,-1.632615e+00,-1.981136e+00,-1.920262e+00
-1.549557e+01,-4.648438e+00,-1.628095e+00,-1.976461e+00,-1.915753e+00
-1.546301e+01,-4.638672e+00,-1.623583e+00,-1.971790e+00,-1.911247e+00
-1.543046e+01,-4.628906e+00,-1.619080e+00,-1.967123e+00,-1.906745e+00
-1.539791e+01,-4.619141e+00,-1.614585e+00,-1.962460e+00,-1.902248e+00
-1.536535e+01,-4.609375e+00,-1.610099e+00,-1.957801e+00,-1.897753e+00
-1.533280e+01,-4.599609e+00,-1.605622e+00,-1.953146e+00,-1.893263e+00
-1.530024e+01,-4.589844e+00,-1.601152e+00,-1.948494e+00,-1.888776e+00
-1.526769e+01,-4.580078e+00,-1.596692e+00,-1.943847e+00,-1.884292e+00
-1.523514e+01,-4.570312e+00,-1.592239e+00,-1.939203e+00,-1.879812e+00
-1.520258e+01,-4.560547e+00,-1.587795e+00,-1.934563e+00,-1.875336e+00
-1.517003e+01,-4.550781e+00,-1.583359e+00,-1.929927e+00,-1.870864e+00
-1.513748e+01,-4.541016e+00,-1.578932e+00,-1.925295e+00,-1.866395e+00
-1.510492e+01,-4.531250e+00,-1.574513e+00,-1.920667e+00,-1.861929e+00
-1.507237e+01,-4.521484e+00,-1.570101e+00,-1.916042e+00,-1.857467e+00
-1.503981e+01,-4.511719e+00,-1.565698e+00,-1.911421e+00,-1.853009e+00
-1.500726e+01,-4.501953e+00,-1.561303e+00,-1.906804e+00,-1.848554e+00
-1.497471e+01,-4.492188e+00,-1.556917e+00,-1.902190e+00,-1.844103e+00
-1.494215e+01,-4.482422e+00,-1.552538e+00,-1.897580e+00,-1.839655e+00
-1.490960e+01,-4.472656e+00,-1.548167e+00,-1.892974e+00,-1.835211e+00
-1.487705e+01,-4.462891e+00,-1.543804e+00,-1.888371e+00,-1.830770e+00
-1.484449e+01,-4.453125e+00,-1.539449e+00,-1.883773e+00,-1.826332e+00
-1.481194e+01,-4.443359e+00,-1.535102e+00,-1.879177e+00,-1.821898e+00
-1.477938e+01,-4.433594e+00,-1.530762e+00,-1.874586e+00,-1.817467e+00
-1.474683e+01,-4.423828e+00,-1.526431e+00,-1.869998e+00,-1.813040e+00
-1.471428e+01,-4.414062e+00,-1.522107e+00,-1.865413e+00,-1.808616e+00
-1.468172e+01,-4.404297e+00,-1.517791e+00,-1.860832e+00,-1.804195e+00
-1.464917e+01,-4.394531e+00,-1.513482e+00,-1.856255e+00,-1.799778e+00
-1.461662e+01,-4.384766e+00,-1.509182e+00,-1.851681e+00,-1.795364e+00
-1.458406e+01,-4.375000e+00,-1.504889e+00,-1.847111e+00,-1.790954e+00
-1.455151e+01,-4.365234e+00,-1.500603e+00,-1.842544e+00,-1.786546e+00
-1.451896e+01,-4.355469e+00,-1.496325e+00,-1.837981e+00,-1.782142e+00
-1.448640e+01,-4.345703e+00,-1.492055e+00,-1.833421e+00,-1.777742e+00
-1.445385e+01,-4.335938e+00,-1.487792e+00,-1.828865e+00,-1.773344e+00
-1.442129e+01,-4.326172e+00,-1.483536e+00,-1.824312e+00,-1.768950e+00
-1.438874e+01,-4.316406e+00,-1.479288e+00,-1.819763e+00,-1.764559e+00
-1.435619e+01,-4.306641e+00,-1.475047e+00,-1.815217e+00,-1.760171e+00
-1.432363e+01,-4.296875e+00,-1.470814e+00,-1.810675e+00,-1.755787e+00
-1.429108e+01,-4.287109e+00,-1.466588e+00,-1.806135e+00,-1.751405e+00
-1.425853e+01,-4.277344e+00,-1.462369e+00,-1.801600e+00,-1.747027e+00
-1.422597e+01,-4.267578e+00,-1.458157e+00,-1.797067e+00,-1.742652e+00
-1.419342e+01,-4.257812e+00,-1.453953e+00,-1.792538e+00,-1.738280e+00
-1.416086e+01,-4.248047e+00,-1.449756e+00,-1.788013e+00,-1.733911e+00
-1.412831e+01,-4.238281e+00,-1.445565e+00,-1.783490e+00,-1.729546e+00
-1.409576e+01,-4.228516e+00,-1.441383e+00,-1.778972e+00,-1.725183e+00
-1.406320e+01,-4.218750e+00,-1.437207e+00,-1.774456e+00,-1.720824e+00
-1.403065e+01,-4.208984e+00,-1.433038e+00,-1.769943e+00,-1.716468e+00
-1.399810e+01,-4.199219e+00,-1.428876e+00,-1.765434e+00,-1.712114e+00
-1.396554e+01,-4.189453e+00,-1.424721e+00,-1.760929e+00,-1.707764e+00
-1.393299e+01,-4.179688e+00,-1.420573e+00,-1.756426e+00,-1.703417e+00
-1.390043e+01,-4.169922e+00,-1.416432e+00,-1.751927e+00,-1.699073e+00
-1.386788e+01,-4.160156e+00,-1.412298e+00,-1.747431e+00,-1.694732e+00
-1.383533e+01,-4.150391e+00,-1.408171e+00,-1.742938e+00,-1.690394e+00
-1.380277e+01,-4.140625e+00,-1.404050e+00,-1.738448e+00,-1.686059e+00
-1.377022e+01,-4.130859e+00,-1.399937e+00,-1.733961e+00,-1.681726e+00
-1.373767e+01,-4.121094e+00,-1.395830e+00,-1.729478e+00,-1.677397e+00
-1.370511e+01,-4.111328e+00,-1.391730e+00,-1.724998e+00,-1.673071e+00
-1.367256e+01,-4.101562e+00,-1.387636e+00,-1.720521e+00,-1.668748e+00
-1.364000e+01,-4.091797e+00,-1.383550e+00,-1.716047e+00,-1.664428e+00
-1.360745e+01,-4.082031e+00,-1.379469e+00,-1.711576e+00,-1.660110e+00
-1.357490e+01,-4.072266e+00,-1.375396e+00,-1.707109e+00,-1.655796e+00
-1.354234e+01,-4.062500e+00,-1.371329e+00,-1.702644e+00,-1.651484e+00
-1.350979e+01,-4.052734e+00,-1.367268e+00,-1.698183e+00,-1.647175e+00
-1.347724e+01,-4.042969e+00,-1.363215e+00,-1.693724e+00,-1.642870e+00
-1.344468e+01,-4.033203e+00,-1.359167e+00,-1.689269e+00,-1.638567e+00
-1.341213e+01,-4.023438e+00,-1.355126e+00,-1.684817e+00,-1.634267e+00
-1.337958e+01,-4.013672e+00,-1.351092e+00,-1.680367e+00,-1.629969e+00
-1.334702e+01,-4.003906e+00,-1.347064e+00,-1.675921e+00,-1.625675e+00
-1.331447e+01,-3.994141e+00,-1.343042e+00,-1.671478e+00,-1.621383e+00
-1.328191e+01,-3.984375e+00,-1.339026e+00,-1.667038e+00,-1.617094e+00
-1.324936e+01,-3.974609e+00,-1.335017e+00,-1.662600e+00,-1.612808e+00
-1.321681e+01,-3.964844e+00,-1.331014e+00,-1.658166e+00,-1.608525e+00
-1.318425e+01,-3.955078e+00,-1.327018e+00,-1.653735e+00,-1.604244e+00
-1.315170e+01,-3.945312e+00,-1.323027e+00,-1.649306e+00,-1.599967e+00
-1.311915e+01,-3.935547e+00,-1.319043e+00,-1.644881e+00,-1.595691e+00
-1.308659e+01,-3.925781e+00,-1.315065e+00,-1.640459e+00,-1.591419e+00
-1.305404e+01,-3.916016e+00,-1.311094e+00,-1.636039e+00,-1.587149e+00
-1.302148e+01,-3.906250e+00,-1.307128e+00,-1.631622e+00,-1.582883e+00
-1.298893e+01,-3.896484e+00,-1.303168e+00,-1.627208e+00,-1.578618e+00
-1.295638e+01,-3.886719e+00,-1.299215e+00,-1.622798e+00,-1.574357e+00
-1.292382e+01,-3.876953e+00,-1.295267e+00,-1.618390e+00,-1.570098e+00
-1.289127e+01,-3.867188e+00,-1.291325e+00,-1.613984e+00,-1.565842e+00
-1.285872e+01,-3.857422e+00,-1.287390e+00,-1.609582e+00,-1.561588e+00
-1.282616e+01,-3.847656e+00,-1.283460e+00,-1.605182e+00,-1.557337e+00
-1.279361e+01,-3.837891e+00,-1.279536e+00,-1.600786e+00,-1.553089e+00
-1.276105e+01,-3.828125e+00,-1.275619e+00,-1.596392e+00,-1.548843e+00
-1.272850e+01,-3.818359e+00,-1.271707e+00,-1.592001e+00,-1.544600e+00
-1.269595e+01,-3.808594e+00,-1.267801e+00,-1.587612e+00,-1.540360e+00
-1.266339e+01,-3.798828e+00,-1.263900e+00,-1.583227e+00,-1.536122e+00
-1.263084e+01,-3.789062e+00,-1.260006e+00,-1.578844e+00,-1.531886e+00
-1.259829e+01,-3.779297e+00,-1.256117e+00,-1.574464e+00,-1.527653e+00
-1.256573e+01,-3.769531e+00,-1.252234e+00,-1.570087e+00,-1.523423e+00
-1.253318e+01,-3.759766e+00,-1.248357e+00,-1.565712e+00,-1.519195e+00
-1.250062e+01,-3.750000e+00,-1.244485e+00,-1.561341e+00,-1.514970e+00
-1.246807e+01,-3.740234e+00,-1.240619e+00,-1.556971e+00,-1.510748e+00
-1.243552e+01,-3.730469e+00,-1.236759e+00,-1.552605e+00,-1.506527e+00
-1.240296e+01,-3.720703e+00,-1.232904e+00,-1.548241e+00,-1.502310e+00
-1.237041e+01,-3.710938e+00,-1.229055e+00,-1.543880e+00,-1.498095e+00
-1.233786e+01,-3.701172e+00,-1.225211e+00,-1.539522e+00,-1.493882e+00
-1.230530e+01,-3.691406e+00,-1.221373e+00,-1.535166e+00,-1.489672e+00
-1.227275e+01,-3.681641e+00,-1.217541e+00,-1.530813e+00,-1.485464e+00
-1.224020e+01,-3.671875e+00,-1.213713e+00,-1.526462e+00,-1.481258e+00
-1.220764e+01,-3.662109e+00,-1.209892e+00,-1.522115e+00,-1.477055e+00
-1.217509e+01,-3.652344e+00,-1.206076e+00,-1.517769e+00,-1.472855e+00
-1.214253e+01,-3.642578e+00,-1.202265e+00,-1.513427e+00,-1.468657e+00
-1.210998e+01,-3.632813e+00,-1.198459e+00,-1.509087e+00,-1.464461e+00
-1.207743e+01,-3.623047e+00,-1.194659e+00,-1.504749e+00,-1.460268e+00
-1.204487e+01,-3.613281e+00,-1.190864e+00,-1.500414e+00,-1.456077e+00
-1.201232e+01,-3.603516e+00,-1.187075e+00,-1.496082e+00,-1.451888e+00
-1.197977e+01,-3.593750e+00,-1.183291e+00,-1.491752e+00,-1.447702e+00
-1.194721e+01,-3.583984e+00,-1.179512e+00,-1.487425e+00,-1.443518e+00
-1.191466e+01,-3.574219e+00,-1.175738e+00,-1.483100e+00,-1.439336e+00
-1.188210e+01,-3.564453e+00,-1.171970e+00,-1.478778e+00,-1.435157e+00
-1.184955e+01,-3.554688e+00,-1.168207e+00,-1.474458e+00,-1.430980e+00
-1.181700e+01,-3.544922e+00,-1.164448e+00,-1.470141e+00,-1.426806e+00
-1.178444e+01,-3.535156e+00,-1.160695e+00,-1.465826e+00,-1.422633e+00
-1.175189e+01,-3.525391e+00,-1.156948e+00,-1.461513e+00,-1.418463e+00
-1.171934e+01,-3.515625e+00,-1.153205e+00,-1.457204e+00,-1.414296e+00
-1.168678e+01,-3.505859e+00,-1.149467e+00,-1.452896e+00,-1.410130e+00
-1.165423e+01,-3.496094e+00,-1.145734e+00,-1.448591e+00,-1.405967e+00
-1.162167e+01,-3.486328e+00,-1.142007e+00,-1.444289e+00,-1.401806e+00
-1.158912e+01,-3.476563e+00,-1.138284e+00,-1.439989e+00,-1.397647e+00
-1.155657e+01,-3.466797e+00,-1.134566e+00,-1.435691e+00,-1.393491e+00
-1.152401e+01,-3.457031e+00,-1.130854e+00,-1.431396e+00,-1.389336e+00
-1.149146e+01,-3.447266e+00,-1.127146e+00,-1.427103e+00,-1.385184e+00
-1.145891e+01,-3.437500e+00,-1.123443e+00,-1.422812e+00,-1.381035e+00
-1.142635e+01,-3.427734e+00,-1.119745e+00,-1.418524e+00,-1.376887e+00
-1.139380e+01,-3.417969e+00,-1.116052e+00,-1.414238e+00,-1.372741e+00
-1.136125e+01,-3.408203e+00,-1.112363e+00,-1.409955e+00,-1.368598e+00
-1.132869e+01,-3.398438e+00,-1.108680e+00,-1.405674e+00,-1.364457e+00
-1.129614e+01,-3.388672e+00,-1.105001e+00,-1.401395e+00,-1.360318e+00
-1.126358e+01,-3.378906e+00,-1.101327e+00,-1.397118e+00,-1.356181e+00
-1.123103e+01,-3.369141e+00,-1.097658e+00,-1.392844e+00,-1.352046e+00
-1.119848e+01,-3.359375e+00,-1.093994e+00,-1.388572e+00,-1.347914e+00
-1.116592e+01,-3.349609e+00,-1.090334e+00,-1.384303e+00,-1.343783e+00
-1.113337e+01,-3.339844e+00,-1.086679e+00,-1.380036e+00,-1.339655e+00
-1.110082e+01,-3.330078e+00,-1.083028e+00,-1.375771e+00,-1.335528e+00
-1.106826e+01,-3.320313e+00,-1.079383e+00,-1.371508e+00,-1.331404e+00
-1.103571e+01,-3.310547e+00,-1.075742e+00,-1.367247e+00,-1.327282e+00
-1.100315e+01,-3.300781e+00,-1.072105e+00,-1.362989e+00,-1.323162e+00
-1.097060e+01,-3.291016e+00,-1.068473e+00,-1.358733e+00,-1.319044e+00
-1.093805e+01,-3.281250e+00,-1.064846e+00,-1.354479e+00,-1.314928e+00
-1.090549e+01,-3.271484e+00,-1.061223e+00,-1.350228e+00,-1.310814e+00
-1.087294e+01,-3.261719e+00,-1.057604e+00,-1.345978e+00,-1.306702e+00
-1.084039e+01,-3.251953e+00,-1.053991e+00,-1.341731e+00,-1.302593e+00
-1.080783e+01,-3.242188e+00,-1.050381e+00,-1.337486e+00,-1.298485e+00
-1.077528e+01,-3.232422e+00,-1.046776e+00,-1.333244e+00,-1.294379e+00
-1.074272e+01,-3.222656e+00,-1.043176e+00,-1.329003e+00,-1.290275e+00
-1.071017e+01,-3.212891e+00,-1.039580e+00,-1.324765e+00,-1.286173e+00
-1.067762e+01,-3.203125e+00,-1.035988e+00,-1.320528e+00,-1.282073e+00
-1.064506e+01,-3.193359e+00,-1.032401e+00,-1.316294e+00,-1.277976e+00
-1.061251e+01,-3.183594e+00,-1.028818e+00,-1.312062e+00,-1.273880e+00
-1.057996e+01,-3.173828e+00,-1.025239e+00,-1.307832e+00,-1.269786e+00
-1.054740e+01,-3.164063e+00,-1.021664e+00,-1.303604e+00,-1.265694e+00
-1.051485e+01,-3.154297e+00,-1.018094e+00,-1.299379e+00,-1.261604e+00
-1.048229e+01,-3.144531e+00,-1.014529e+00,-1.295155e+00,-1.257515e+00
-1.044974e+01,-3.134766e+00,-1.010967e+00,-1.290934e+00,-1.253429e+00
-1.041719e+01,-3.125000e+00,-1.007410e+00,-1.286714e+00,-1.249345e+00
-1.038463e+01,-3.115234e+00,-1.003857e+00,-1.282497e+00,-1.245262e+00
-1.035208e+01,-3.105469e+00,-1.000308e+00,-1.278281e+00,-1.241182e+00
-1.031953e+01,-3.095703e+00,-9.967629e-01,-1.274068e+00,-1.237103e+00
-1.028697e+01,-3.085938e+00,-9.932222e-01,-1.269857e+00,-1.233027e+00
-1.025442e+01,-3.076172e+00,-9.896857e-01,-1.265648e+00,-1.228952e+00
-1.022187e+01,-3.066406e+00,-9.861533e-01,-1.261441e+00,-1.224879e+00
-1.018931e+01,-3.056641e+00,-9.826251e-01,-1.257236e+00,-1.220808e+00
-1.015676e+01,-3.046875e+00,-9.791008e-01,-1.253032e+00,-1.216738e+00
-1.012420e+01,-3.037109e+00,-9.755807e-01,-1.248831e+00,-1.212671e+00
-1.009165e+01,-3.027344e+00,-9.720645e-01,-1.244632e+00,-1.208605e+00
-1.005910e+01,-3.017578e+00,-9.685524e-01,-1.240435e+00,-1.204541e+00
-1.002654e+01,-3.007813e+00,-9.650442e-01,-1.236240e+00,-1.200479e+00
-9.993989e+00,-2.998047e+00,-9.615401e-01,-1.232047e+00,-1.196419e+00
-9.961436e+00,-2.988281e+00,-9.580399e-01,-1.227855e+00,-1.192360e+00
-9.928882e+00,-2.978516e+00,-9.545436e-01,-1.223666e+00,-1.188304e+00
-9.896328e+00,-2.968750e+00,-9.510513e-01,-1.219479e+00,-1.184249e+00
-9.863774e+00,-2.958984e+00,-9.475628e-01,-1.215293e+00,-1.180196e+00
-9.831221e+00,-2.949219e+00,-9.440782e-01,-1.211110e+00,-1.176145e+00
-9.798667e+00,-2.939453e+00,-9.405975e-01,-1.206928e+00,-1.172095e+00
-9.766113e+00,-2.929688e+00,-9.371207e-01,-1.202749e+00,-1.168047e+00
-9.733560e+00,-2.919922e+00,-9.336476e-01,-1.198571e+00,-1.164001e+00
-9.701006e+00,-2.910156e+00,-9.301784e-01,-1.194395e+00,-1.159957e+00
-9.668452e+00,-2.900391e+00,-9.267129e-01,-1.190221e+00,-1.155914e+00
-9.635898e+00,-2.890625e+00,-9.232513e-01,-1.186049e+00,-1.151873e+00
-9.603345e+00,-2.880859e+00,-9.197934e-01,-1.181878e+00,-1.147834e+00
-9.570791e+00,-2.871094e+00,-9.163392e-01,-1.177710e+00,-1.143796e+00
-9.538237e+00,-2.861328e+00,-9.128887e-01,-1.173543e+00,-1.139761e+00
-9.505684e+00,-2.851563e+00,-9.094419e-01,-1.169379e+00,-1.135726e+00
-9.473130e+00,-2.841797e+00,-9.059988e-01,-1.165216e+00,-1.131694e+00
-9.440576e+00,-2.832031e+00,-9.025594e-01,-1.161054e+00,-1.127663e+00
-9.408022e+00,-2.822266e+00,-8.991236e-01,-1.156895e+00,-1.123634e+00
-9.375469e+00,-2.812500e+00,-8.956915e-01,-1.152738e+00,-1.119606e+00
-9.342915e+00,-2.802734e+00,-8.922629e-01,-1.148582e+00,-1.115581e+00
-9.310361e+00,-2.792969e+00,-8.888380e-01,-1.144428e+00,-1.111556e+00
-9.277808e+00,-2.783203e+00,-8.854166e-01,-1.140276e+00,-1.107534e+00
-9.245254e+00,-2.773438e+00,-8.819988e-01,-1.136126e+00,-1.103513e+00
-9.212700e+00,-2.763672e+00,-8.785845e-01,-1.131977e+00,-1.099494e+00
-9.180146e+00,-2.753906e+00,-8.751737e-01,-1.127830e+00,-1.095476e+00
-9.147593e+00,-2.744141e+00,-8.717665e-01,-1.123685e+00,-1.091460e+00
-9.115039e+00,-2.734375e+00,-8.683627e-01,-1.119542e+00,-1.087445e+00
-9.082485e+00,-2.724609e+00,-8.649624e-01,-1.115400e+00,-1.083432e+00
-9.049932e+00,-2.714844e+00,-8.615655e-01,-1.111260e+00,-1.079421e+00
-9.017378e+00,-2.705078e+00,-8.581721e-01,-1.107122e+00,-1.075411e+00
-8.984824e+00,-2.695313e+00,-8.547821e-01,-1.102986e+00,-1.071403e+00
-8.952271e+00,-2.685547e+00,-8.513955e-01,-1.098851e+00,-1.067396e+00
-8.919717e+00,-2.675781e+00,-8.480123e-01,-1.094718e+00,-1.063391e+00
-8.887163e+00,-2.666016e+00,-8.446325e-01,-1.090586e+00,-1.059387e+00
-8.854609e+00,-2.656250e+00,-8.412560e-01,-1.086457e+00,-1.055385e+00
-8.822056e+00,-2.646484e+00,-8.378829e-01,-1.082329e+00,-1.051385e+00
-8.789502e+00,-2.636719e+00,-8.345130e-01,-1.078202e+00,-1.047386e+00
-8.756948e+00,-2.626953e+00,-8.311465e-01,-1.074078e+00,-1.043388e+00
-8.724395e+00,-2.617188e+00,-8.277833e-01,-1.069954e+00,-1.039392e+00
-8.691841e+00,-2.607422e+00,-8.244233e-01,-1.065833e+00,-1.035397e+00
-8.659287e+00,-2.597656e+00,-8.210666e-01,-1.061713e+00,-1.031404e+00
-8.626733e+00,-2.587891e+00,-8.177131e-01,-1.057595e+00,-1.027413e+00
-8.594180e+00,-2.578125e+00,-8.143628e-01,-1.053478e+00,-1.023423e+00
-8.561626e+00,-2.568359e+00,-8.110158e-01,-1.049363e+00,-1.019434e+00
-8.529072e+00,-2.558594e+00,-8.076719e-01,-1.045250e+00,-1.015447e+00
-8.496519e+00,-2.548828e+00,-8.043312e-01,-1.041138e+00,-1.011461e+00
-8.463965e+00,-2.539063e+00,-8.009936e-01,-1.037028e+00,-1.007477e+00
-8.431411e+00,-2.529297e+00,-7.976592e-01,-1.032920e+00,-1.003494e+00
-8.398857e+00,-2.519531e+00,-7.943279e-01,-1.028813e+00,-9.995129e-01
-8.366304e+00,-2.509766e+00,-7.909998e-01,-1.024707e+00,-9.955330e-01
-8.333750e+00,-2.500000e+00,-7.876747e-01,-1.020603e+00,-9.915544e-01
-8.301196e+00,-2.490234e+00,-7.843527e-01,-1.016501e+00,-9.875773e-01
-8.268643e+00,-2.480469e+00,-7.810337e-01,-1.012400e+00,-9.836016e-01
-8.236089e+00,-2.470703e+00,-7.777178e-01,-1.008301e+00,-9.796273e-01
-8.203535e+00,-2.460938e+00,-7.744049e-01,-1.004203e+00,-9.756543e-01
-8.170981e+00,-2.451172e+00,-7.710950e-01,-1.000107e+00,-9.716828e-01
-8.138428e+00,-2.441406e+00,-7.677882e-01,-9.960119e-01,-9.677126e-01
-8.105874e+00,-2.431641e+00,-7.644843e-01,-9.919187e-01,-9.637438e-01
-8.073320e+00,-2.421875e+00,-7.611833e-01,-9.878269e-01,-9.597763e-01
-8.040767e+00,-2.412109e+00,-7.578854e-01,-9.837367e-01,-9.558103e-01
-8.008213e+00,-2.402344e+00,-7.545903e-01,-9.796479e-01,-9.518455e-01
-7.975659e+00,-2.392578e+00,-7.512982e-01,-9.755606e-01,-9.478821e-01
-7.943105e+00,-2.382813e+00,-7.480090e-01,-9.714748e-01,-9.439201e-01
-7.910552e+00,-2.373047e+00,-7.447227e-01,-9.673904e-01,-9.399593e-01
-7.877998e+00,-2.363281e+00,-7.414392e-01,-9.633075e-01,-9.359999e-01
-7.845444e+00,-2.353516e+00,-7.381586e-01,-9.592260e-01,-9.320418e-01
-7.812891e+00,-2.343750e+00,-7.348809e-01,-9.551460e-01,-9.280850e-01
-7.780337e+00,-2.333984e+00,-7.316059e-01,-9.510674e-01,-9.241295e-01
-7.747783e+00,-2.324219e+00,-7.283338e-01,-9.469902e-01,-9.201754e-01
-7.715229e+00,-2.314453e+00,-7.250645e-01,-9.429144e-01,-9.162225e-01
-7.682676e+00,-2.304688e+00,-7.217980e-01,-9.388401e-01,-9.122708e-01
-7.650122e+00,-2.294922e+00,-7.185342e-01,-9.347671e-01,-9.083205e-01
-7.617568e+00,-2.285156e+00,-7.152732e-01,-9.306956e-01,-9.043714e-01
-7.585015e+00,-2.275391e+00,-7.120150e-01,-9.266254e-01,-9.004236e-01
-7.552461e+00,-2.265625e+00,-7.087594e-01,-9.225566e-01,-8.964770e-01
-7.519907e+00,-2.255859e+00,-7.055066e-01,-9.184892e-01,-8.925317e-01
-7.487354e+00,-2.246094e+00,-7.022564e-01,-9.144231e-01,-8.885877e-01
-7.454800e+00,-2.236328e+00,-6.990090e-01,-9.103584e-01,-8.846448e-01
-7.422246e+00,-2.226563e+00,-6.957642e-01,-9.062951e-01,-8.807032e-01
-7.389692e+00,-2.216797e+00,-6.925220e-01,-9.022331e-01,-8.767629e-01
-7.357139e+00,-2.207031e+00,-6.892825e-01,-8.981724e-01,-8.728237e-01
-7.324585e+00,-2.197266e+00,-6.860456e-01,-8.941131e-01,-8.688857e-01
-7.292031e+00,-2.187500e+00,-6.828114e-01,-8.900551e-01,-8.649490e-01
-7.259478e+00,-2.177734e+00,-6.795797e-01,-8.859984e-01,-8.610134e-01
-7.226924e+00,-2.167969e+00,-6.763506e-01,-8.819431e-01,-8.570791e-01
-7.194370e+00,-2.158203e+00,-6.731240e-01,-8.778890e-01,-8.531459e-01
-7.161816e+00,-2.148437e+00,-6.699001e-01,-8.738362e-01,-8.492139e-01
-7.129263e+00,-2.138672e+00,-6.666786e-01,-8.697848e-01,-8.452831e-01
-7.096709e+00,-2.128906e+00,-6.634597e-01,-8.657346e-01,-8.413534e-01
-7.064155e+00,-2.119141e+00,-6.602432e-01,-8.616856e-01,-8.374249e-01
-7.031602e+00,-2.109375e+00,-6.570293e-01,-8.576380e-01,-8.334975e-01
-6.999048e+00,-2.099609e+00,-6.538179e-01,-8.535916e-01,-8.295713e-01
-6.966494e+00,-2.089844e+00,-6.506089e-01,-8.495465e-01,-8.256463e-01
-6.933940e+00,-2.080078e+00,-6.474023e-01,-8.455026e-01,-8.217223e-01
-6.901387e+00,-2.070313e+00,-6.441982e-01,-8.414599e-01,-8.177995e-01
-6.868833e+00,-2.060547e+00,-6.409966e-01,-8.374185e-01,-8.138778e-01
-6.836279e+00,-2.050781e+00,-6.377973e-01,-8.333784e-01,-8.099573e-01
-6.803726e+00,-2.041016e+00,-6.346004e-01,-8.293394e-01,-8.060378e-01
-6.771172e+00,-2.031250e+00,-6.314060e-01,-8.253017e-01,-8.021194e-01
-6.738618e+00,-2.021484e+00,-6.282138e-01,-8.212651e-01,-7.982022e-01
-6.706064e+00,-2.011719e+00,-6.250241e-01,-8.172298e-01,-7.942860e-01
-6.673511e+00,-2.001953e+00,-6.218367e-01,-8.131957e-01,-7.903709e-01
-6.640957e+00,-1.992187e+00,-6.186516e-01,-8.091627e-01,-7.864569e-01
-6.608403e+00,-1.982422e+00,-6.154688e-01,-8.051310e-01,-7.825440e-01
-6.575850e+00,-1.972656e+00,-6.122883e-01,-8.011004e-01,-7.786321e-01
-6.543296e+00,-1.962891e+00,-6.091101e-01,-7.970710e-01,-7.747213e-01
-6.510742e+00,-1.953125e+00,-6.059342e-01,-7.930427e-01,-7.708115e-01
-6.478188e+00,-1.943359e+00,-6.027606e-01,-7.890156e-01,-7.669028e-01
-6.445635e+00,-1.933594e+00,-5.995891e-01,-7.849897e-01,-7.629951e-01
-6.413081e+00,-1.923828e+00,-5.964200e-01,-7.809649e-01,-7.590885e-01
-6.380527e+00,-1.914063e+00,-5.932530e-01,-7.769412e-01,-7.551829e-01
-6.347974e+00,-1.904297e+00,-5.900883e-01,-7.729187e-01,-7.512783e-01
-6.315420e+00,-1.894531e+00,-5.869257e-01,-7.688972e-01,-7.473747e-01
-6.282866e+00,-1.884766e+00,-5.837653e-01,-7.648769e-01,-7.434722e-01
-6.250313e+00,-1.875000e+00,-5.806071e-01,-7.608577e-01,-7.395706e-01
-6.217759e+00,-1.865234e+00,-5.774510e-01,-7.568397e-01,-7.356700e-01
-6.185205e+00,-1.855469e+00,-5.742971e-01,-7.528227e-01,-7.317705e-01
-6.152651e+00,-1.845703e+00,-5.711453e-01,-7.488068e-01,-7.278719e-01
-6.120098e+00,-1.835937e+00,-5.679956e-01,-7.447919e-01,-7.239743e-01
-6.087544e+00,-1.826172e+00,-5.648481e-01,-7.407782e-01,-7.200777e-01
-6.054990e+00,-1.816406e+00,-5.617026e-01,-7.367655e-01,-7.161820e-01
-6.022437e+00,-1.806641e+00,-5.585592e-01,-7.327539e-01,-7.122874e-01
-5.989883e+00,-1.796875e+00,-5.554178e-01,-7.287434e-01,-7.083936e-01
-5.957329e+00,-1.787109e+00,-5.522785e-01,-7.247339e-01,-7.045009e-01
-5.924775e+00,-1.777344e+00,-5.491412e-01,-7.207254e-01,-7.006090e-01
-5.892222e+00,-1.767578e+00,-5.460060e-01,-7.167180e-01,-6.967181e-01
-5.859668e+00,-1.757813e+00,-5.428728e-01,-7.127117e-01,-6.928282e-01
-5.827114e+00,-1.748047e+00,-5.397415e-01,-7.087063e-01,-6.889392e-01
-5.794561e+00,-1.738281e+00,-5.366123e-01,-7.047020e-01,-6.850511e-01
-5.762007e+00,-1.728516e+00,-5.334850e-01,-7.006987e-01,-6.811639e-01
-5.729453e+00,-1.718750e+00,-5.303597e-01,-6.966964e-01,-6.772776e-01
-5.696899e+00,-1.708984e+00,-5.272363e-01,-6.926950e-01,-6.733922e-01
-5.664346e+00,-1.699219e+00,-5.241149e-01,-6.886947e-01,-6.695077e-01
-5.631792e+00,-1.689453e+00,-5.209953e-01,-6.846954e-01,-6.656242e-01
-5.599238e+00,-1.679687e+00,-5.178777e-01,-6.806971e-01,-6.617415e-01
-5.566685e+00,-1.669922e+00,-5.147620e-01,-6.766997e-01,-6.578597e-01
-5.534131e+00,-1.660156e+00,-5.116482e-01,-6.727033e-01,-6.539787e-01
-5.501577e+00,-1.650391e+00,-5.085362e-01,-6.687079e-01,-6.500987e-01
-5.469023e+00,-1.640625e+00,-5.054261e-01,-6.647134e-01,-6.462195e-01
-5.436470e+00,-1.630859e+00,-5.023179e-01,-6.607199e-01,-6.423411e-01
-5.403916e+00,-1.621094e+00,-4.992114e-01,-6.567273e-01,-6.384637e-01
-5.371362e+00,-1.611328e+00,-4.961068e-01,-6.527357e-01,-6.345870e-01
-5.338809e+00,-1.601563e+00,-4.930040e-01,-6.487450e-01,-6.307112e-01
-5.306255e+00,-1.591797e+00,-4.899030e-01,-6.447552e-01,-6.268363e-01
-5.273701e+00,-1.582031e+00,-4.868038e-01,-6.407663e-01,-6.229622e-01
-5.241147e+00,-1.572266e+00,-4.837064e-01,-6.367784e-01,-6.190889e-01
-5.208594e+00,-1.562500e+00,-4.806107e-01,-6.327913e-01,-6.152164e-01
-5.176040e+00,-1.552734e+00,-4.775168e-01,-6.288052e-01,-6.113447e-01
-5.143486e+00,-1.542969e+00,-4.744246e-01,-6.248199e-01,-6.074738e-01
-5.110933e+00,-1.533203e+00,-4.713341e-01,-6.208356e-01,-6.036038e-01
-5.078379e+00,-1.523437e+00,-4.682453e-01,-6.168521e-01,-5.997345e-01
-5.045825e+00,-1.513672e+00,-4.651583e-01,-6.128695e-01,-5.958661e-01
-5.013271e+00,-1.503906e+00,-4.620729e-01,-6.088878e-01,-5.919984e-01
-4.980718e+00,-1.494141e+00,-4.589892e-01,-6.049070e-01,-5.881315e-01
-4.948164e+00,-1.484375e+00,-4.559071e-01,-6.009270e-01,-5.842654e-01
-4.915610e+00,-1.474609e+00,-4.528268e-01,-5.969478e-01,-5.804000e-01
-4.883057e+00,-1.464844e+00,-4.497480e-01,-5.929695e-01,-5.765354e-01
-4.850503e+00,-1.455078e+00,-4.466709e-01,-5.889921e-01,-5.726716e-01
-4.817949e+00,-1.445312e+00,-4.435954e-01,-5.850154e-01,-5.688085e-01
-4.785396e+00,-1.435547e+00,-4.405214e-01,-5.810397e-01,-5.649462e-01
-4.752842e+00,-1.425781e+00,-4.374491e-01,-5.770647e-01,-5.610846e-01
-4.720288e+00,-1.416016e+00,-4.343784e-01,-5.730905e-01,-5.572238e-01
-4.687734e+00,-1.406250e+00,-4.313092e-01,-5.691172e-01,-5.533636e-01
-4.655181e+00,-1.396484e+00,-4.282416e-01,-5.651447e-01,-5.495043e-01
-4.622627e+00,-1.386719e+00,-4.251755e-01,-5.611729e-01,-5.456456e-01
-4.590073e+00,-1.376953e+00,-4.221109e-01,-5.572020e-01,-5.417876e-01
-4.557520e+00,-1.367187e+00,-4.190479e-01,-5.532318e-01,-5.379304e-01
-4.524966e+00,-1.357422e+00,-4.159864e-01,-5.492624e-01,-5.340738e-01
-4.492412e+00,-1.347656e+00,-4.129264e-01,-5.452938e-01,-5.302180e-01
-4.459858e+00,-1.337891e+00,-4.098678e-01,-5.413260e-01,-5.263628e-01
-4.427305e+00,-1.328125e+00,-4.068108e-01,-5.373589e-01,-5.225084e-01
-4.394751e+00,-1.318359e+00,-4.037551e-01,-5.333926e-01,-5.186546e-01
-4.362197e+00,-1.308594e+00,-4.007010e-01,-5.294271e-01,-5.148015e-01
-4.329644e+00,-1.298828e+00,-3.976483e-01,-5.254623e-01,-5.109491e-01
-4.297090e+00,-1.289062e+00,-3.945970e-01,-5.214982e-01,-5.070973e-01
-4.264536e+00,-1.279297e+00,-3.915471e-01,-5.175348e-01,-5.032462e-01
-4.231982e+00,-1.269531e+00,-3.884986e-01,-5.135722e-01,-4.993957e-01
-4.199429e+00,-1.259766e+00,-3.854515e-01,-5.096103e-01,-4.955459e-01
-4.166875e+00,-1.250000e+00,-3.824058e-01,-5.056491e-01,-4.916968e-01
-4.134321e+00,-1.240234e+00,-3.793615e-01,-5.016887e-01,-4.878483e-01
-4.101768e+00,-1.230469e+00,-3.763185e-01,-4.977289e-01,-4.840004e-01
-4.069214e+00,-1.220703e+00,-3.732768e-01,-4.937699e-01,-4.801531e-01
-4.036660e+00,-1.210938e+00,-3.702365e-01,-4.898115e-01,-4.763065e-01
-4.004106e+00,-1.201172e+00,-3.671975e-01,-4.858538e-01,-4.724605e-01
-3.971553e+00,-1.191406e+00,-3.641599e-01,-4.818968e-01,-4.686151e-01
-3.938999e+00,-1.181641e+00,-3.611235e-01,-4.779405e-01,-4.647703e-01
-3.906445e+00,-1.171875e+00,-3.580884e-01,-4.739848e-01,-4.609261e-01
-3.873892e+00,-1.162109e+00,-3.550546e-01,-4.700298e-01,-4.570825e-01
-3.841338e+00,-1.152344e+00,-3.520220e-01,-4.660755e-01,-4.532396e-01
-3.808784e+00,-1.142578e+00,-3.489907e-01,-4.621218e-01,-4.493971e-01
-3.776230e+00,-1.132812e+00,-3.459607e-01,-4.581687e-01,-4.455553e-01
-3.743677e+00,-1.123047e+00,-3.429319e-01,-4.542163e-01,-4.417141e-01
-3.711123e+00,-1.113281e+00,-3.399043e-01,-4.502646e-01,-4.378734e-01
-3.678569e+00,-1.103516e+00,-3.368779e-01,-4.463134e-01,-4.340333e-01
-3.646016e+00,-1.093750e+00,-3.338527e-01,-4.423629e-01,-4.301937e-01
-3.613462e+00,-1.083984e+00,-3.308287e-01,-4.384130e-01,-4.263547e-01
-3.580908e+00,-1.074219e+00,-3.278059e-01,-4.344637e-01,-4.225163e-01
-3.548354e+00,-1.064453e+00,-3.247842e-01,-4.305151e-01,-4.186784e-01
-3.515801e+00,-1.054688e+00,-3.217637e-01,-4.265670e-01,-4.148410e-01
-3.483247e+00,-1.044922e+00,-3.187443e-01,-4.226195e-01,-4.110042e-01
-3.450693e+00,-1.035156e+00,-3.157260e-01,-4.186726e-01,-4.071679e-01
-3.418140e+00,-1.025391e+00,-3.127089e-01,-4.147263e-01,-4.033321e-01
-3.385586e+00,-1.015625e+00,-3.096929e-01,-4.107805e-01,-3.994969e-01
-3.353032e+00,-1.005859e+00,-3.066780e-01,-4.068354e-01,-3.956621e-01
-3.320479e+00,-9.960938e-01,-3.036642e-01,-4.028908e-01,-3.918279e-01
-3.287925e+00,-9.863281e-01,-3.006514e-01,-3.989467e-01,-3.879942e-01
-3.255371e+00,-9.765625e-01,-2.976397e-01,-3.950033e-01,-3.841609e-01
-3.222817e+00,-9.667969e-01,-2.946291e-01,-3.910603e-01,-3.803282e-01
-3.190264e+00,-9.570312e-01,-2.916195e-01,-3.871179e-01,-3.764960e-01
-3.157710e+00,-9.472656e-01,-2.886109e-01,-3.831761e-01,-3.726642e-01
-3.125156e+00,-9.375000e-01,-2.856033e-01,-3.792347e-01,-3.688329e-01
-3.092603e+00,-9.277344e-01,-2.825968e-01,-3.752940e-01,-3.650021e-01
-3.060049e+00,-9.179687e-01,-2.795913e-01,-3.713537e-01,-3.611718e-01
-3.027495e+00,-9.082031e-01,-2.765867e-01,-3.674139e-01,-3.573419e-01
-2.994941e+00,-8.984375e-01,-2.735831e-01,-3.634747e-01,-3.535125e-01
-2.962388e+00,-8.886719e-01,-2.705805e-01,-3.595359e-01,-3.496835e-01
-2.929834e+00,-8.789063e-01,-2.675788e-01,-3.555977e-01,-3.458550e-01
-2.897280e+00,-8.691406e-01,-2.645781e-01,-3.516599e-01,-3.420269e-01
-2.864727e+00,-8.593750e-01,-2.615783e-01,-3.477226e-01,-3.381992e-01
-2.832173e+00,-8.496094e-01,-2.585795e-01,-3.437858e-01,-3.343720e-01
-2.799619e+00,-8.398437e-01,-2.555815e-01,-3.398495e-01,-3.305453e-01
-2.767065e+00,-8.300781e-01,-2.525845e-01,-3.359137e-01,-3.267189e-01
-2.734512e+00,-8.203125e-01,-2.495883e-01,-3.319783e-01,-3.228930e-01
-2.701958e+00,-8.105469e-01,-2.465930e-01,-3.280434e-01,-3.190674e-01
-2.669404e+00,-8.007813e-01,-2.435986e-01,-3.241089e-01,-3.152423e-01
-2.636851e+00,-7.910156e-01,-2.406050e-01,-3.201749e-01,-3.114176e-01
-2.604297e+00,-7.812500e-01,-2.376123e-01,-3.162413e-01,-3.075933e-01
-2.571743e+00,-7.714844e-01,-2.346205e-01,-3.123081e-01,-3.037693e-01
-2.539189e+00,-7.617187e-01,-2.316294e-01,-3.083754e-01,-2.999458e-01
-2.506636e+00,-7.519531e-01,-2.286392e-01,-3.044431e-01,-2.961226e-01
-2.474082e+00,-7.421875e-01,-2.256497e-01,-3.005113e-01,-2.922998e-01
-2.441528e+00,-7.324219e-01,-2.226611e-01,-2.965798e-01,-2.884774e-01
-2.408975e+00,-7.226562e-01,-2.196732e-01,-2.926488e-01,-2.846554e-01
-2.376421e+00,-7.128906e-01,-2.166861e-01,-2.887181e-01,-2.808337e-01
-2.343867e+00,-7.031250e-01,-2.136998e-01,-2.847879e-01,-2.770124e-01
-2.311313e+00,-6.933594e-01,-2.107142e-01,-2.808580e-01,-2.731914e-01
-2.278760e+00,-6.835938e-01,-2.077294e-01,-2.769286e-01,-2.693708e-01
-2.246206e+00,-6.738281e-01,-2.047452e-01,-2.729995e-01,-2.655505e-01
-2.213652e+00,-6.640625e-01,-2.017618e-01,-2.690708e-01,-2.617305e-01
-2.181099e+00,-6.542969e-01,-1.987792e-01,-2.651424e-01,-2.579109e-01
-2.148545e+00,-6.445312e-01,-1.957972e-01,-2.612144e-01,-2.540916e-01
-2.115991e+00,-6.347656e-01,-1.928158e-01,-2.572868e-01,-2.502727e-01
-2.083438e+00,-6.250000e-01,-1.898352e-01,-2.533596e-01,-2.464540e-01
-2.050884e+00,-6.152344e-01,-1.868552e-01,-2.494326e-01,-2.426357e-01
-2.018330e+00,-6.054688e-01,-1.838759e-01,-2.455061e-01,-2.388176e-01
-1.985776e+00,-5.957031e-01,-1.808973e-01,-2.415798e-01,-2.349999e-01
-1.953223e+00,-5.859375e-01,-1.779192e-01,-2.376539e-01,-2.311825e-01
-1.920669e+00,-5.761719e-01,-1.749418e-01,-2.337283e-01,-2.273653e-01
-1.888115e+00,-5.664062e-01,-1.719650e-01,-2.298031e-01,-2.235485e-01
-1.855562e+00,-5.566406e-01,-1.689888e-01,-2.258781e-01,-2.197319e-01
-1.823008e+00,-5.468750e-01,-1.660132e-01,-2.219535e-01,-2.159156e-01
-1.790454e+00,-5.371094e-01,-1.630381e-01,-2.180292e-01,-2.120996e-01
-1.757900e+00,-5.273437e-01,-1.600637e-01,-2.141051e-01,-2.082839e-01
-1.725347e+00,-5.175781e-01,-1.570898e-01,-2.101814e-01,-2.044684e-01
-1.692793e+00,-5.078125e-01,-1.541164e-01,-2.062579e-01,-2.006531e-01
-1.660239e+00,-4.980469e-01,-1.511436e-01,-2.023348e-01,-1.968382e-01
-1.627686e+00,-4.882813e-01,-1.481713e-01,-1.984119e-01,-1.930234e-01
-1.595132e+00,-4.785156e-01,-1.451996e-01,-1.944892e-01,-1.892090e-01
-1.562578e+00,-4.687500e-01,-1.422283e-01,-1.905669e-01,-1.853947e-01
-1.530024e+00,-4.589844e-01,-1.392575e-01,-1.866448e-01,-1.815807e-01
-1.497471e+00,-4.492187e-01,-1.362872e-01,-1.827229e-01,-1.777669e-01
-1.464917e+00,-4.394531e-01,-1.333174e-01,-1.788013e-01,-1.739534e-01
-1.432363e+00,-4.296875e-01,-1.303481e-01,-1.748800e-01,-1.701400e-01
-1.399810e+00,-4.199219e-01,-1.273792e-01,-1.709589e-01,-1.663269e-01
-1.367256e+00,-4.101563e-01,-1.244108e-01,-1.670380e-01,-1.625140e-01
-1.334702e+00,-4.003906e-01,-1.214427e-01,-1.631173e-01,-1.587012e-01
-1.302148e+00,-3.906250e-01,-1.184752e-01,-1.591969e-01,-1.548887e-01
-1.269595e+00,-3.808594e-01,-1.155080e-01,-1.552767e-01,-1.510764e-01
-1.237041e+00,-3.710938e-01,-1.125412e-01,-1.513567e-01,-1.472643e-01
-1.204487e+00,-3.613281e-01,-1.095748e-01,-1.474369e-01,-1.434523e-01
-1.171934e+00,-3.515625e-01,-1.066088e-01,-1.435173e-01,-1.396406e-01
-1.139380e+00,-3.417969e-01,-1.036432e-01,-1.395979e-01,-1.358290e-01
-1.106826e+00,-3.320312e-01,-1.006780e-01,-1.356786e-01,-1.320175e-01
-1.074272e+00,-3.222656e-01,-9.771305e-02,-1.317596e-01,-1.282063e-01
-1.041719e+00,-3.125000e-01,-9.474847e-02,-1.278407e-01,-1.243952e-01
-1.009165e+00,-3.027344e-01,-9.178423e-02,-1.239221e-01,-1.205842e-01
-9.766113e-01,-2.929688e-01,-8.882031e-02,-1.200036e-01,-1.167734e-01
-9.440576e-01,-2.832031e-01,-8.585669e-02,-1.160852e-01,-1.129628e-01
-9.115039e-01,-2.734375e-01,-8.289338e-02,-1.121670e-01,-1.091523e-01
-8.789502e-01,-2.636719e-01,-7.993035e-02,-1.082490e-01,-1.053419e-01
-8.463965e-01,-2.539062e-01,-7.696760e-02,-1.043311e-01,-1.015317e-01
-8.138428e-01,-2.441406e-01,-7.400512e-02,-1.004133e-01,-9.772156e-02
-7.812891e-01,-2.343750e-01,-7.104290e-02,-9.649568e-02,-9.391157e-02
-7.487354e-01,-2.246094e-01,-6.808093e-02,-9.257819e-02,-9.010169e-02
-7.161816e-01,-2.148437e-01,-6.511919e-02,-8.866082e-02,-8.629193e-02
-6.836279e-01,-2.050781e-01,-6.215767e-02,-8.474357e-02,-8.248227e-02
-6.510742e-01,-1.953125e-01,-5.919638e-02,-8.082644e-02,-7.867271e-02
-6.185205e-01,-1.855469e-01,-5.623529e-02,-7.690941e-02,-7.486325e-02
-5.859668e-01,-1.757813e-01,-5.327439e-02,-7.299248e-02,-7.105388e-02
-5.534131e-01,-1.660156e-01,-5.031369e-02,-6.907565e-02,-6.724460e-02
-5.208594e-01,-1.562500e-01,-4.735315e-02,-6.515892e-02,-6.343540e-02
-4.883057e-01,-1.464844e-01,-4.439278e-02,-6.124227e-02,-5.962628e-02
-4.557520e-01,-1.367187e-01,-4.143257e-02,-5.732570e-02,-5.581723e-02
-4.231982e-01,-1.269531e-01,-3.847250e-02,-5.340920e-02,-5.200825e-02
-3.906445e-01,-1.171875e-01,-3.551256e-02,-4.949278e-02,-4.819933e-02
-3.580908e-01,-1.074219e-01,-3.255275e-02,-4.557642e-02,-4.439047e-02
-3.255371e-01,-9.765625e-02,-2.959304e-02,-4.166012e-02,-4.058166e-02
-2.929834e-01,-8.789063e-02,-2.663345e-02,-3.774387e-02,-3.677291e-02
-2.604297e-01,-7.812500e-02,-2.367394e-02,-3.382768e-02,-3.296419e-02
-2.278760e-01,-6.835938e-02,-2.071452e-02,-2.991152e-02,-2.915551e-02
-1.953223e-01,-5.859375e-02,-1.775517e-02,-2.599541e-02,-2.534687e-02
-1.627686e-01,-4.882812e-02,-1.479588e-02,-2.207932e-02,-2.153826e-02
-1.302148e-01,-3.906250e-02,-1.183664e-02,-1.816326e-02,-1.772967e-02
-9.766113e-02,-2.929688e-02,-8.877445e-03,-1.424723e-02,-1.392110e-02
-6.510742e-02,-1.953125e-02,-5.918280e-03,-1.033121e-02,-1.011255e-02
-3.255371e-02,-9.765625e-03,-2.959135e-03,-6.415202e-03,-6.304000e-03
0.000000e+00,0.000000e+00,0.000000e+00,-2.499199e-03,-2.495460e-03
3.255371e-02,9.765625e-03,2.959135e-03,1.416804e-03,1.313081e-03
6.510742e-02,1.953125e-02,5.918280e-03,5.332812e-03,5.121627e-03
9.766113e-02,2.929688e-02,8.877445e-03,9.248831e-03,8.930182e-03
1.302148e-01,3.906250e-02,1.183664e-02,1.316487e-02,1.273875e-02
1.627686e-01,4.882812e-02,1.479588e-02,1.708092e-02,1.654734e-02
1.953223e-01,5.859375e-02,1.775517e-02,2.099701e-02,2.035595e-02
2.278760e-01,6.835938e-02,2.071452e-02,2.491312e-02,2.416460e-02
2.604297e-01,7.812500e-02,2.367394e-02,2.882928e-02,2.797327e-02
2.929834e-01,8.789063e-02,2.663345e-02,3.274548e-02,3.178199e-02
3.255371e-01,9.765625e-02,2.959304e-02,3.666172e-02,3.559075e-02
3.580908e-01,1.074219e-01,3.255275e-02,4.057802e-02,3.939955e-02
3.906445e-01,1.171875e-01,3.551256e-02,4.449438e-02,4.320841e-02
4.231982e-01,1.269531e-01,3.847250e-02,4.841080e-02,4.701733e-02
4.557520e-01,1.367187e-01,4.143257e-02,5.232730e-02,5.082631e-02
4.883057e-01,1.464844e-01,4.439278e-02,5.624387e-02,5.463536e-02
5.208594e-01,1.562500e-01,4.735315e-02,6.016052e-02,5.844448e-02
5.534131e-01,1.660156e-01,5.031369e-02,6.407726e-02,6.225368e-02
5.859668e-01,1.757813e-01,5.327439e-02,6.799408e-02,6.606296e-02
6.185205e-01,1.855469e-01,5.623529e-02,7.191101e-02,6.987233e-02
6.510742e-01,1.953125e-01,5.919638e-02,7.582804e-02,7.368179e-02
6.836279e-01,2.050781e-01,6.215767e-02,7.974518e-02,7.749135e-02
7.161816e-01,2.148437e-01,6.511919e-02,8.366243e-02,8.130101e-02
7.487354e-01,2.246094e-01,6.808093e-02,8.757979e-02,8.511078e-02
7.812891e-01,2.343750e-01,7.104290e-02,9.149729e-02,8.892066e-02
8.138428e-01,2.441406e-01,7.400512e-02,9.541491e-02,9.273065e-02
8.463965e-01,2.539062e-01,7.696760e-02,9.933267e-02,9.654076e-02
8.789502e-01,2.636719e-01,7.993035e-02,1.032506e-01,1.003510e-01
9.115039e-01,2.734375e-01,8.289338e-02,1.071686e-01,1.041614e-01
9.440576e-01,2.832031e-01,8.585669e-02,1.110868e-01,1.079719e-01
9.766113e-01,2.929688e-01,8.882031e-02,1.150052e-01,1.117825e-01
1.009165e+00,3.027344e-01,9.178423e-02,1.189237e-01,1.155933e-01
1.041719e+00,3.125000e-01,9.474847e-02,1.228424e-01,1.194043e-01
1.074272e+00,3.222656e-01,9.771305e-02,1.267612e-01,1.232154e-01
1.106826e+00,3.320312e-01,1.006780e-01,1.306802e-01,1.270266e-01
1.139380e+00,3.417969e-01,1.036432e-01,1.345995e-01,1.308381e-01
1.171934e+00,3.515625e-01,1.066088e-01,1.385189e-01,1.346497e-01
1.204487e+00,3.613281e-01,1.095748e-01,1.424385e-01,1.384614e-01
1.237041e+00,3.710938e-01,1.125412e-01,1.463583e-01,1.422734e-01
1.269595e+00,3.808594e-01,1.155080e-01,1.502783e-01,1.460855e-01
1.302148e+00,3.906250e-01,1.184752e-01,1.541985e-01,1.498978e-01
1.334702e+00,4.003906e-01,1.214427e-01,1.581189e-01,1.537103e-01
1.367256e+00,4.101563e-01,1.244108e-01,1.620396e-01,1.575231e-01
1.399810e+00,4.199219e-01,1.273792e-01,1.659605e-01,1.613360e-01
1.432363e+00,4.296875e-01,1.303481e-01,1.698816e-01,1.651491e-01
1.464917e+00,4.394531e-01,1.333174e-01,1.738029e-01,1.689624e-01
1.497471e+00,4.492187e-01,1.362872e-01,1.777245e-01,1.727760e-01
1.530024e+00,4.589844e-01,1.392575e-01,1.816464e-01,1.765898e-01
1.562578e+00,4.687500e-01,1.422283e-01,1.855685e-01,1.804038e-01
1.595132e+00,4.785156e-01,1.451996e-01,1.894908e-01,1.842181e-01
1.627686e+00,4.882813e-01,1.481713e-01,1.934135e-01,1.880325e-01
1.660239e+00,4.980469e-01,1.511436e-01,1.973364e-01,1.918473e-01
1.692793e+00,5.078125e-01,1.541164e-01,2.012595e-01,1.956622e-01
1.725347e+00,5.175781e-01,1.570898e-01,2.051830e-01,1.994775e-01
1.757900e+00,5.273437e-01,1.600637e-01,2.091067e-01,2.032930e-01
1.790454e+00,5.371094e-01,1.630381e-01,2.130308e-01,2.071087e-01
1.823008e+00,5.468750e-01,1.660132e-01,2.169551e-01,2.109247e-01
1.855562e+00,5.566406e-01,1.689888e-01,2.208797e-01,2.147410e-01
1.888115e+00,5.664062e-01,1.719650e-01,2.248047e-01,2.185576e-01
1.920669e+00,5.761719e-01,1.749418e-01,2.287299e-01,2.223744e-01
1.953223e+00,5.859375e-01,1.779192e-01,2.326555e-01,2.261916e-01
1.985776e+00,5.957031e-01,1.808973e-01,2.365814e-01,2.300090e-01
2.018330e+00,6.054688e-01,1.838759e-01,2.405077e-01,2.338267e-01
2.050884e+00,6.152344e-01,1.868552e-01,2.444343e-01,2.376448e-01
2.083438e+00,6.250000e-01,1.898352e-01,2.483612e-01,2.414631e-01
2.115991e+00,6.347656e-01,1.928158e-01,2.522884e-01,2.452818e-01
2.148545e+00,6.445312e-01,1.957972e-01,2.562161e-01,2.491007e-01
2.181099e+00,6.542969e-01,1.987792e-01,2.601440e-01,2.529200e-01
2.213652e+00,6.640625e-01,2.017618e-01,2.640724e-01,2.567396e-01
2.246206e+00,6.738281e-01,2.047452e-01,2.680011e-01,2.605596e-01
2.278760e+00,6.835938e-01,2.077294e-01,2.719302e-01,2.643799e-01
2.311313e+00,6.933594e-01,2.107142e-01,2.758596e-01,2.682005e-01
2.343867e+00,7.031250e-01,2.136998e-01,2.797895e-01,2.720215e-01
2.376421e+00,7.128906e-01,2.166861e-01,2.837197e-01,2.758428e-01
2.408975e+00,7.226562e-01,2.196732e-01,2.876504e-01,2.796645e-01
2.441528e+00,7.324219e-01,2.226611e-01,2.915814e-01,2.834865e-01
2.474082e+00,7.421875e-01,2.256497e-01,2.955129e-01,2.873090e-01
2.506636e+00,7.519531e-01,2.286392e-01,2.994448e-01,2.911317e-01
2.539189e+00,7.617187e-01,2.316294e-01,3.033770e-01,2.949549e-01
2.571743e+00,7.714844e-01,2.346205e-01,3.073098e-01,2.987784e-01
2.604297e+00,7.812500e-01,2.376123e-01,3.112429e-01,3.026024e-01
2.636851e+00,7.910156e-01,2.406050e-01,3.151765e-01,3.064267e-01
2.669404e+00,8.007813e-01,2.435986e-01,3.191105e-01,3.102514e-01
2.701958e+00,8.105469e-01,2.465930e-01,3.230450e-01,3.140766e-01
2.734512e+00,8.203125e-01,2.495883e-01,3.269799e-01,3.179021e-01
2.767065e+00,8.300781e-01,2.525845e-01,3.309153e-01,3.217280e-01
2.799619e+00,8.398437e-01,2.555815e-01,3.348511e-01,3.255544e-01
2.832173e+00,8.496094e-01,2.585795e-01,3.387874e-01,3.293812e-01
2.864727e+00,8.593750e-01,2.615783e-01,3.427242e-01,3.332084e-01
2.897280e+00,8.691406e-01,2.645781e-01,3.466615e-01,3.370360e-01
2.929834e+00,8.789063e-01,2.675788e-01,3.505993e-01,3.408641e-01
2.962388e+00,8.886719e-01,2.705805e-01,3.545375e-01,3.446926e-01
2.994941e+00,8.984375e-01,2.735831e-01,3.584763e-01,3.485216e-01
3.027495e+00,9.082031e-01,2.765867e-01,3.624155e-01,3.523510e-01
3.060049e+00,9.179688e-01,2.795913e-01,3.663553e-01,3.561809e-01
3.092603e+00,9.277344e-01,2.825968e-01,3.702956e-01,3.600112e-01
3.125156e+00,9.375000e-01,2.856033e-01,3.742364e-01,3.638421e-01
3.157710e+00,9.472656e-01,2.886109e-01,3.781777e-01,3.676733e-01
3.190264e+00,9.570312e-01,2.916195e-01,3.821195e-01,3.715051e-01
3.222817e+00,9.667969e-01,2.946291e-01,3.860619e-01,3.753374e-01
3.255371e+00,9.765625e-01,2.976397e-01,3.900049e-01,3.791701e-01
3.287925e+00,9.863281e-01,3.006514e-01,3.939484e-01,3.830033e-01
3.320479e+00,9.960938e-01,3.036642e-01,3.978924e-01,3.868370e-01
3.353032e+00,1.005859e+00,3.066780e-01,4.018370e-01,3.906713e-01
3.385586e+00,1.015625e+00,3.096929e-01,4.057822e-01,3.945060e-01
3.418140e+00,1.025391e+00,3.127089e-01,4.097279e-01,3.983413e-01
3.450693e+00,1.035156e+00,3.157260e-01,4.136742e-01,4.021770e-01
3.483247e+00,1.044922e+00,3.187443e-01,4.176211e-01,4.060133e-01
3.515801e+00,1.054688e+00,3.217637e-01,4.215686e-01,4.098502e-01
3.548354e+00,1.064453e+00,3.247842e-01,4.255167e-01,4.136875e-01
3.580908e+00,1.074219e+00,3.278059e-01,4.294654e-01,4.175254e-01
3.613462e+00,1.083984e+00,3.308287e-01,4.334146e-01,4.213639e-01
3.646016e+00,1.093750e+00,3.338527e-01,4.373645e-01,4.252029e-01
3.678569e+00,1.103516e+00,3.368779e-01,4.413151e-01,4.290424e-01
3.711123e+00,1.113281e+00,3.399043e-01,4.452662e-01,4.328826e-01
3.743677e+00,1.123047e+00,3.429319e-01,4.492180e-01,4.367232e-01
3.776230e+00,1.132812e+00,3.459607e-01,4.531704e-01,4.405645e-01
3.808784e+00,1.142578e+00,3.489907e-01,4.571234e-01,4.444063e-01
3.841338e+00,1.152344e+00,3.520220e-01,4.610771e-01,4.482487e-01
3.873892e+00,1.162109e+00,3.550546e-01,4.650314e-01,4.520917e-01
3.906445e+00,1.171875e+00,3.580884e-01,4.689864e-01,4.559353e-01
3.938999e+00,1.181641e+00,3.611235e-01,4.729421e-01,4.597795e-01
3.971553e+00,1.191406e+00,3.641599e-01,4.768984e-01,4.636243e-01
4.004106e+00,1.201172e+00,3.671975e-01,4.808554e-01,4.674697e-01
4.036660e+00,1.210937e+00,3.702365e-01,4.848131e-01,4.713157e-01
4.069214e+00,1.220703e+00,3.732768e-01,4.887715e-01,4.751623e-01
4.101768e+00,1.230469e+00,3.763185e-01,4.927305e-01,4.790096e-01
4.134321e+00,1.240234e+00,3.793615e-01,4.966903e-01,4.828575e-01
4.166875e+00,1.250000e+00,3.824058e-01,5.006508e-01,4.867060e-01
4.199429e+00,1.259766e+00,3.854515e-01,5.046120e-01,4.905551e-01
4.231982e+00,1.269531e+00,3.884986e-01,5.085739e-01,4.944049e-01
4.264536e+00,1.279297e+00,3.915471e-01,5.125365e-01,4.982554e-01
4.297090e+00,1.289062e+00,3.945970e-01,5.164998e-01,5.021065e-01
4.329644e+00,1.298828e+00,3.976483e-01,5.204639e-01,5.059583e-01
4.362197e+00,1.308594e+00,4.007010e-01,5.244287e-01,5.098107e-01
4.394751e+00,1.318359e+00,4.037551e-01,5.283943e-01,5.136638e-01
4.427305e+00,1.328125e+00,4.068108e-01,5.323606e-01,5.175176e-01
4.459858e+00,1.337891e+00,4.098678e-01,5.363276e-01,5.213720e-01
4.492412e+00,1.347656e+00,4.129264e-01,5.402955e-01,5.252272e-01
4.524966e+00,1.357422e+00,4.159864e-01,5.442641e-01,5.290830e-01
4.557520e+00,1.367188e+00,4.190479e-01,5.482335e-01,5.329396e-01
4.590073e+00,1.376953e+00,4.221109e-01,5.522036e-01,5.367968e-01
4.622627e+00,1.386719e+00,4.251755e-01,5.561746e-01,5.406548e-01
4.655181e+00,1.396484e+00,4.282416e-01,5.601463e-01,5.445135e-01
4.687734e+00,1.406250e+00,4.313092e-01,5.641188e-01,5.483729e-01
4.720288e+00,1.416016e+00,4.343784e-01,5.680922e-01,5.522330e-01
4.752842e+00,1.425781e+00,4.374491e-01,5.720663e-01,5.560938e-01
4.785396e+00,1.435547e+00,4.405214e-01,5.760413e-01,5.599554e-01
4.817949e+00,1.445312e+00,4.435954e-01,5.800171e-01,5.638178e-01
4.850503e+00,1.455078e+00,4.466709e-01,5.839937e-01,5.676808e-01
4.883057e+00,1.464844e+00,4.497480e-01,5.879712e-01,5.715447e-01
4.915610e+00,1.474609e+00,4.528268e-01,5.919495e-01,5.754093e-01
4.948164e+00,1.484375e+00,4.559071e-01,5.959286e-01,5.792746e-01
4.980718e+00,1.494141e+00,4.589892e-01,5.999086e-01,5.831407e-01
5.013271e+00,1.503906e+00,4.620729e-01,6.038895e-01,5.870076e-01
5.045825e+00,1.513672e+00,4.651583e-01,6.078712e-01,5.908753e-01
5.078379e+00,1.523437e+00,4.682453e-01,6.118538e-01,5.947438e-01
5.110933e+00,1.533203e+00,4.713341e-01,6.158372e-01,5.986130e-01
5.143486e+00,1.542969e+00,4.744246e-01,6.198216e-01,6.024831e-01
5.176040e+00,1.552734e+00,4.775168e-01,6.238068e-01,6.063540e-01
5.208594e+00,1.562500e+00,4.806107e-01,6.277930e-01,6.102256e-01
5.241147e+00,1.572266e+00,4.837064e-01,6.317800e-01,6.140981e-01
5.273701e+00,1.582031e+00,4.868038e-01,6.357680e-01,6.179714e-01
5.306255e+00,1.591797e+00,4.899030e-01,6.397568e-01,6.218455e-01
5.338809e+00,1.601562e+00,4.930040e-01,6.437466e-01,6.257205e-01
5.371362e+00,1.611328e+00,4.961068e-01,6.477373e-01,6.295963e-01
5.403916e+00,1.621094e+00,4.992114e-01,6.517290e-01,6.334729e-01
5.436470e+00,1.630859e+00,5.023179e-01,6.557215e-01,6.373504e-01
5.469023e+00,1.640625e+00,5.054261e-01,6.597151e-01,6.412288e-01
5.501577e+00,1.650391e+00,5.085362e-01,6.637095e-01,6.451079e-01
5.534131e+00,1.660156e+00,5.116482e-01,6.677050e-01,6.489880e-01
5.566685e+00,1.669922e+00,5.147620e-01,6.717014e-01,6.528689e-01
5.599238e+00,1.679688e+00,5.178777e-01,6.756987e-01,6.567508e-01
5.631792e+00,1.689453e+00,5.209953e-01,6.796971e-01,6.606335e-01
5.664346e+00,1.699219e+00,5.241149e-01,6.836964e-01,6.645170e-01
5.696899e+00,1.708984e+00,5.272363e-01,6.876967e-01,6.684015e-01
5.729453e+00,1.718750e+00,5.303597e-01,6.916980e-01,6.722869e-01
5.762007e+00,1.728516e+00,5.334850e-01,6.957003e-01,6.761732e-01
5.794561e+00,1.738281e+00,5.366123e-01,6.997036e-01,6.800603e-01
5.827114e+00,1.748047e+00,5.397415e-01,7.037080e-01,6.839485e-01
5.859668e+00,1.757813e+00,5.428728e-01,7.077133e-01,6.878375e-01
5.892222e+00,1.767578e+00,5.460060e-01,7.117197e-01,6.917274e-01
5.924775e+00,1.777344e+00,5.491412e-01,7.157271e-01,6.956183e-01
5.957329e+00,1.787109e+00,5.522785e-01,7.197356e-01,6.995102e-01
5.989883e+00,1.796875e+00,5.554178e-01,7.237451e-01,7.034029e-01
6.022437e+00,1.806641e+00,5.585592e-01,7.277556e-01,7.072967e-01
6.054990e+00,1.816406e+00,5.617026e-01,7.317672e-01,7.111914e-01
6.087544e+00,1.826172e+00,5.648481e-01,7.357799e-01,7.150870e-01
6.120098e+00,1.835937e+00,5.679956e-01,7.397936e-01,7.189836e-01
6.152651e+00,1.845703e+00,5.711453e-01,7.438084e-01,7.228812e-01
6.185205e+00,1.855469e+00,5.742971e-01,7.478243e-01,7.267798e-01
6.217759e+00,1.865234e+00,5.774510e-01,7.518413e-01,7.306794e-01
6.250313e+00,1.875000e+00,5.806071e-01,7.558594e-01,7.345799e-01
6.282866e+00,1.884766e+00,5.837653e-01,7.598786e-01,7.384815e-01
6.315420e+00,1.894531e+00,5.869257e-01,7.638989e-01,7.423840e-01
6.347974e+00,1.904297e+00,5.900883e-01,7.679203e-01,7.462876e-01
6.380527e+00,1.914062e+00,5.932530e-01,7.719429e-01,7.501922e-01
6.413081e+00,1.923828e+00,5.964200e-01,7.759665e-01,7.540978e-01
6.445635e+00,1.933594e+00,5.995891e-01,7.799914e-01,7.580045e-01
6.478188e+00,1.943359e+00,6.027606e-01,7.840173e-01,7.619121e-01
6.510742e+00,1.953125e+00,6.059342e-01,7.880444e-01,7.658209e-01
6.543296e+00,1.962891e+00,6.091101e-01,7.920727e-01,7.697306e-01
6.575850e+00,1.972656e+00,6.122883e-01,7.961021e-01,7.736414e-01
6.608403e+00,1.982422e+00,6.154688e-01,8.001327e-01,7.775533e-01
6.640957e+00,1.992188e+00,6.186516e-01,8.041644e-01,7.814663e-01
6.673511e+00,2.001953e+00,6.218367e-01,8.081974e-01,7.853803e-01
6.706064e+00,2.011719e+00,6.250241e-01,8.122315e-01,7.892954e-01
6.738618e+00,2.021484e+00,6.282138e-01,8.162668e-01,7.932115e-01
6.771172e+00,2.031250e+00,6.314060e-01,8.203034e-01,7.971288e-01
6.803726e+00,2.041016e+00,6.346004e-01,8.243411e-01,8.010472e-01
6.836279e+00,2.050781e+00,6.377973e-01,8.283801e-01,8.049666e-01
6.868833e+00,2.060547e+00,6.409966e-01,8.324202e-01,8.088872e-01
6.901387e+00,2.070313e+00,6.441982e-01,8.364616e-01,8.128089e-01
6.933940e+00,2.080078e+00,6.474023e-01,8.405043e-01,8.167317e-01
6.966494e+00,2.089844e+00,6.506089e-01,8.445482e-01,8.206557e-01
6.999048e+00,2.099609e+00,6.538179e-01,8.485933e-01,8.245807e-01
7.031602e+00,2.109375e+00,6.570293e-01,8.526397e-01,8.285069e-01
7.064155e+00,2.119141e+00,6.602432e-01,8.566873e-01,8.324343e-01
7.096709e+00,2.128906e+00,6.634597e-01,8.607363e-01,8.363628e-01
7.129263e+00,2.138672e+00,6.666786e-01,8.647865e-01,8.402925e-01
7.161816e+00,2.148437e+00,6.699001e-01,8.688379e-01,8.442233e-01
7.194370e+00,2.158203e+00,6.731240e-01,8.728907e-01,8.481553e-01
7.226924e+00,2.167969e+00,6.763506e-01,8.769448e-01,8.520885e-01
7.259478e+00,2.177734e+00,6.795797e-01,8.810001e-01,8.560229e-01
7.292031e+00,2.187500e+00,6.828114e-01,8.850568e-01,8.599584e-01
7.324585e+00,2.197266e+00,6.860456e-01,8.891148e-01,8.638952e-01
7.357139e+00,2.207031e+00,6.892825e-01,8.931742e-01,8.678331e-01
7.389692e+00,2.216797e+00,6.925220e-01,8.972348e-01,8.717723e-01
7.422246e+00,2.226562e+00,6.957642e-01,9.012968e-01,8.757127e-01
7.454800e+00,2.236328e+00,6.990090e-01,9.053601e-01,8.796543e-01
7.487354e+00,2.246094e+00,7.022564e-01,9.094248e-01,8.835971e-01
7.519907e+00,2.255859e+00,7.055066e-01,9.134909e-01,8.875412e-01
7.552461e+00,2.265625e+00,7.087594e-01,9.175583e-01,8.914865e-01
7.585015e+00,2.275391e+00,7.120150e-01,9.216271e-01,8.954331e-01
7.617568e+00,2.285156e+00,7.152732e-01,9.256973e-01,8.993809e-01
7.650122e+00,2.294922e+00,7.185342e-01,9.297688e-01,9.033300e-01
7.682676e+00,2.304688e+00,7.217980e-01,9.338418e-01,9.072803e-01
7.715229e+00,2.314453e+00,7.250645e-01,9.379162e-01,9.112319e-01
7.747783e+00,2.324219e+00,7.283338e-01,9.419919e-01,9.151848e-01
7.780337e+00,2.333984e+00,7.316059e-01,9.460691e-01,9.191390e-01
7.812891e+00,2.343750e+00,7.348809e-01,9.501477e-01,9.230945e-01
7.845444e+00,2.353516e+00,7.381586e-01,9.542278e-01,9.270513e-01
7.877998e+00,2.363281e+00,7.414392e-01,9.583092e-01,9.310094e-01
7.910552e+00,2.373047e+00,7.447227e-01,9.623922e-01,9.349688e-01
7.943105e+00,2.382813e+00,7.480090e-01,9.664765e-01,9.389296e-01
7.975659e+00,2.392578e+00,7.512982e-01,9.705624e-01,9.428916e-01
8.008213e+00,2.402344e+00,7.545903e-01,9.746497e-01,9.468550e-01
8.040767e+00,2.412109e+00,7.578854e-01,9.787384e-01,9.508198e-01
8.073320e+00,2.421875e+00,7.611833e-01,9.828287e-01,9.547859e-01
8.105874e+00,2.431641e+00,7.644843e-01,9.869204e-01,9.587533e-01
8.138428e+00,2.441406e+00,7.677882e-01,9.910137e-01,9.627221e-01
8.170981e+00,2.451172e+00,7.710950e-01,9.951084e-01,9.666923e-01
8.203535e+00,2.460938e+00,7.744049e-01,9.992047e-01,9.706638e-01
8.236089e+00,2.470703e+00,7.777178e-01,1.003302e+00,9.746368e-01
8.268643e+00,2.480469e+00,7.810337e-01,1.007402e+00,9.786111e-01
8.301196e+00,2.490234e+00,7.843527e-01,1.011503e+00,9.825868e-01
8.333750e+00,2.500000e+00,7.876747e-01,1.015605e+00,9.865640e-01
8.366304e+00,2.509766e+00,7.909998e-01,1.019709e+00,9.905425e-01
8.398857e+00,2.519531e+00,7.943279e-01,1.023814e+00,9.945225e-01
8.431411e+00,2.529297e+00,7.976592e-01,1.027921e+00,9.985039e-01
8.463965e+00,2.539062e+00,8.009936e-01,1.032030e+00,1.002487e+00
8.496519e+00,2.548828e+00,8.043312e-01,1.036140e+00,1.006471e+00
8.529072e+00,2.558594e+00,8.076719e-01,1.040252e+00,1.010457e+00
8.561626e+00,2.568359e+00,8.110158e-01,1.044365e+00,1.014444e+00
8.594180e+00,2.578125e+00,8.143628e-01,1.048480e+00,1.018432e+00
8.626733e+00,2.587891e+00,8.177131e-01,1.052597e+00,1.022422e+00
8.659287e+00,2.597656e+00,8.210666e-01,1.056715e+00,1.026414e+00
8.691841e+00,2.607422e+00,8.244233e-01,1.060835e+00,1.030407e+00
8.724395e+00,2.617188e+00,8.277833e-01,1.064956e+00,1.034402e+00
8.756948e+00,2.626953e+00,8.311465e-01,1.069079e+00,1.038398e+00
8.789502e+00,2.636719e+00,8.345130e-01,1.073204e+00,1.042395e+00
8.822056e+00,2.646484e+00,8.378829e-01,1.077330e+00,1.046394e+00
8.854609e+00,2.656250e+00,8.412560e-01,1.081458e+00,1.050395e+00
8.887163e+00,2.666016e+00,8.446325e-01,1.085588e+00,1.054397e+00
8.919717e+00,2.675781e+00,8.480123e-01,1.089720e+00,1.058400e+00
8.952271e+00,2.685547e+00,8.513955e-01,1.093853e+00,1.062406e+00
8.984824e+00,2.695313e+00,8.547821e-01,1.097987e+00,1.066412e+00
9.017378e+00,2.705078e+00,8.581721e-01,1.102124e+00,1.070421e+00
9.049932e+00,2.714844e+00,8.615655e-01,1.106262e+00,1.074430e+00
9.082485e+00,2.724609e+00,8.649624e-01,1.110402e+00,1.078442e+00
9.115039e+00,2.734375e+00,8.683627e-01,1.114543e+00,1.082455e+00
9.147593e+00,2.744141e+00,8.717665e-01,1.118687e+00,1.086469e+00
9.180146e+00,2.753906e+00,8.751737e-01,1.122832e+00,1.090485e+00
9.212700e+00,2.763672e+00,8.785845e-01,1.126979e+00,1.094503e+00
9.245254e+00,2.773438e+00,8.819988e-01,1.131127e+00,1.098523e+00
9.277808e+00,2.783203e+00,8.854166e-01,1.135278e+00,1.102543e+00
9.310361e+00,2.792969e+00,8.888380e-01,1.139430e+00,1.106566e+00
9.342915e+00,2.802734e+00,8.922629e-01,1.143584e+00,1.110590e+00
9.375469e+00,2.812500e+00,8.956915e-01,1.147739e+00,1.114616e+00
9.408022e+00,2.822266e+00,8.991236e-01,1.151897e+00,1.118644e+00
9.440576e+00,2.832031e+00,9.025594e-01,1.156056e+00,1.122673e+00
9.473130e+00,2.841797e+00,9.059988e-01,1.160217e+00,1.126704e+00
9.505684e+00,2.851562e+00,9.094419e-01,1.164380e+00,1.130736e+00
9.538237e+00,2.861328e+00,9.128887e-01,1.168545e+00,1.134770e+00
9.570791e+00,2.871094e+00,9.163392e-01,1.172712e+00,1.138806e+00
9.603345e+00,2.880859e+00,9.197934e-01,1.176880e+00,1.142844e+00
9.635898e+00,2.890625e+00,9.232513e-01,1.181050e+00,1.146883e+00
9.668452e+00,2.900391e+00,9.267129e-01,1.185223e+00,1.150924e+00
9.701006e+00,2.910156e+00,9.301784e-01,1.189397e+00,1.154966e+00
9.733560e+00,2.919922e+00,9.336476e-01,1.193573e+00,1.159011e+00
9.766113e+00,2.929688e+00,9.371207e-01,1.197750e+00,1.163057e+00
9.798667e+00,2.939453e+00,9.405975e-01,1.201930e+00,1.167105e+00
9.831221e+00,2.949219e+00,9.440782e-01,1.206112e+00,1.171154e+00
9.863774e+00,2.958984e+00,9.475628e-01,1.210295e+00,1.175206e+00
9.896328e+00,2.968750e+00,9.510513e-01,1.214481e+00,1.179259e+00
9.928882e+00,2.978516e+00,9.545436e-01,1.218668e+00,1.183314e+00
9.961436e+00,2.988281e+00,9.580399e-01,1.222857e+00,1.187370e+00
9.993989e+00,2.998047e+00,9.615401e-01,1.227049e+00,1.191429e+00
1.002654e+01,3.007813e+00,9.650442e-01,1.231242e+00,1.195489e+00
1.005910e+01,3.017578e+00,9.685524e-01,1.235437e+00,1.199551e+00
1.009165e+01,3.027344e+00,9.720645e-01,1.239634e+00,1.203615e+00
1.012420e+01,3.037109e+00,9.755807e-01,1.243833e+00,1.207680e+00
1.015676e+01,3.046875e+00,9.791008e-01,1.248034e+00,1.211748e+00
1.018931e+01,3.056641e+00,9.826251e-01,1.252237e+00,1.215817e+00
1.022187e+01,3.066406e+00,9.861533e-01,1.256443e+00,1.219888e+00
1.025442e+01,3.076172e+00,9.896857e-01,1.260650e+00,1.223962e+00
1.028697e+01,3.085938e+00,9.932222e-01,1.264859e+00,1.228036e+00
1.031953e+01,3.095703e+00,9.967629e-01,1.269070e+00,1.232113e+00
1.035208e+01,3.105469e+00,1.000308e+00,1.273283e+00,1.236192e+00
1.038463e+01,3.115234e+00,1.003857e+00,1.277499e+00,1.240272e+00
1.041719e+01,3.125000e+00,1.007410e+00,1.281716e+00,1.244355e+00
1.044974e+01,3.134766e+00,1.010967e+00,1.285935e+00,1.248439e+00
1.048229e+01,3.144531e+00,1.014529e+00,1.290157e+00,1.252525e+00
1.051485e+01,3.154297e+00,1.018094e+00,1.294380e+00,1.256613e+00
1.054740e+01,3.164062e+00,1.021664e+00,1.298606e+00,1.260704e+00
1.057996e+01,3.173828e+00,1.025239e+00,1.302834e+00,1.264796e+00
1.061251e+01,3.183594e+00,1.028818e+00,1.307064e+00,1.268889e+00
1.064506e+01,3.193359e+00,1.032401e+00,1.311296e+00,1.272985e+00
1.067762e+01,3.203125e+00,1.035988e+00,1.315530e+00,1.277083e+00
1.071017e+01,3.212891e+00,1.039580e+00,1.319766e+00,1.281183e+00
1.074272e+01,3.222656e+00,1.043176e+00,1.324005e+00,1.285285e+00
1.077528e+01,3.232422e+00,1.046776e+00,1.328245e+00,1.289389e+00
1.080783e+01,3.242188e+00,1.050381e+00,1.332488e+00,1.293495e+00
1.084039e+01,3.251953e+00,1.053991e+00,1.336733e+00,1.297602e+00
1.087294e+01,3.261719e+00,1.057604e+00,1.340980e+00,1.301712e+00
1.090549e+01,3.271484e+00,1.061223e+00,1.345230e+00,1.305824e+00
1.093805e+01,3.281250e+00,1.064846e+00,1.349481e+00,1.309938e+00
1.097060e+01,3.291016e+00,1.068473e+00,1.353735e+00,1.314054e+00
1.100315e+01,3.300781e+00,1.072105e+00,1.357991e+00,1.318172e+00
1.103571e+01,3.310547e+00,1.075742e+00,1.362249e+00,1.322292e+00
1.106826e+01,3.320313e+00,1.079383e+00,1.366510e+00,1.326414e+00
1.110082e+01,3.330078e+00,1.083028e+00,1.370772e+00,1.330538e+00
1.113337e+01,3.339844e+00,1.086679e+00,1.375037e+00,1.334665e+00
1.116592e+01,3.349609e+00,1.090334e+00,1.379305e+00,1.338793e+00
1.119848e+01,3.359375e+00,1.093994e+00,1.383574e+00,1.342924e+00
1.123103e+01,3.369141e+00,1.097658e+00,1.387846e+00,1.347056e+00
1.126358e+01,3.378906e+00,1.101327e+00,1.392120e+00,1.351191e+00
1.129614e+01,3.388672e+00,1.105001e+00,1.396397e+00,1.355328e+00
1.132869e+01,3.398438e+00,1.108680e+00,1.400675e+00,1.359467e+00
1.136125e+01,3.408203e+00,1.112363e+00,1.404957e+00,1.363608e+00
1.139380e+01,3.417969e+00,1.116052e+00,1.409240e+00,1.367751e+00
1.142635e+01,3.427734e+00,1.119745e+00,1.413526e+00,1.371897e+00
1.145891e+01,3.437500e+00,1.123443e+00,1.417814e+00,1.376045e+00
1.149146e+01,3.447266e+00,1.127146e+00,1.422105e+00,1.380194e+00
1.152401e+01,3.457031e+00,1.130854e+00,1.426397e+00,1.384346e+00
1.155657e+01,3.466797e+00,1.134566e+00,1.430693e+00,1.388501e+00
1.158912e+01,3.476562e+00,1.138284e+00,1.434990e+00,1.392657e+00
1.162167e+01,3.486328e+00,1.142007e+00,1.439291e+00,1.396816e+00
1.165423e+01,3.496094e+00,1.145734e+00,1.443593e+00,1.400977e+00
1.168678e+01,3.505859e+00,1.149467e+00,1.447898e+00,1.405140e+00
1.171934e+01,3.515625e+00,1.153205e+00,1.452205e+00,1.409306e+00
1.175189e+01,3.525391e+00,1.156948e+00,1.456515e+00,1.413473e+00
1.178444e+01,3.535156e+00,1.160695e+00,1.460828e+00,1.417643e+00
1.181700e+01,3.544922e+00,1.164448e+00,1.465142e+00,1.421816e+00
1.184955e+01,3.554688e+00,1.168207e+00,1.469460e+00,1.425990e+00
1.188210e+01,3.564453e+00,1.171970e+00,1.473779e+00,1.430167e+00
1.191466e+01,3.574219e+00,1.175738e+00,1.478102e+00,1.434346e+00
1.194721e+01,3.583984e+00,1.179512e+00,1.482427e+00,1.438528e+00
1.197977e+01,3.593750e+00,1.183291e+00,1.486754e+00,1.442712e+00
1.201232e+01,3.603516e+00,1.187075e+00,1.491084e+00,1.446898e+00
1.204487e+01,3.613281e+00,1.190864e+00,1.495416e+00,1.451087e+00
1.207743e+01,3.623047e+00,1.194659e+00,1.499751e+00,1.455278e+00
1.210998e+01,3.632813e+00,1.198459e+00,1.504088e+00,1.459471e+00
1.214253e+01,3.642578e+00,1.202265e+00,1.508429e+00,1.463667e+00
1.217509e+01,3.652344e+00,1.206076e+00,1.512771e+00,1.467865e+00
1.220764e+01,3.662109e+00,1.209892e+00,1.517116e+00,1.472066e+00
1.224020e+01,3.671875e+00,1.213713e+00,1.521464e+00,1.476268e+00
1.227275e+01,3.681641e+00,1.217541e+00,1.525815e+00,1.480474e+00
1.230530e+01,3.691406e+00,1.221373e+00,1.530168e+00,1.484682e+00
1.233786e+01,3.701172e+00,1.225211e+00,1.534524e+00,1.488892e+00
1.237041e+01,3.710938e+00,1.229055e+00,1.538882e+00,1.493105e+00
1.240296e+01,3.720703e+00,1.232904e+00,1.543243e+00,1.497320e+00
1.243552e+01,3.730469e+00,1.236759e+00,1.547607e+00,1.501538e+00
1.246807e+01,3.740234e+00,1.240619e+00,1.551973e+00,1.505758e+00
1.250063e+01,3.750000e+00,1.244485e+00,1.556342e+00,1.509980e+00
1.253318e+01,3.759766e+00,1.248357e+00,1.560714e+00,1.514206e+00
1.256573e+01,3.769531e+00,1.252234e+00,1.565089e+00,1.518433e+00
1.259829e+01,3.779297e+00,1.256117e+00,1.569466e+00,1.522664e+00
1.263084e+01,3.789062e+00,1.260006e+00,1.573846e+00,1.526897e+00
1.266339e+01,3.798828e+00,1.263900e+00,1.578229e+00,1.531132e+00
1.269595e+01,3.808594e+00,1.267801e+00,1.582614e+00,1.535370e+00
1.272850e+01,3.818359e+00,1.271707e+00,1.587003e+00,1.539610e+00
1.276105e+01,3.828125e+00,1.275619e+00,1.591394e+00,1.543853e+00
1.279361e+01,3.837891e+00,1.279536e+00,1.595788e+00,1.548099e+00
1.282616e+01,3.847656e+00,1.283460e+00,1.600184e+00,1.552347e+00
1.285872e+01,3.857422e+00,1.287390e+00,1.604584e+00,1.556598e+00
1.289127e+01,3.867187e+00,1.291325e+00,1.608986e+00,1.560852e+00
1.292382e+01,3.876953e+00,1.295267e+00,1.613391e+00,1.565108e+00
1.295638e+01,3.886719e+00,1.299215e+00,1.617800e+00,1.569367e+00
1.298893e+01,3.896484e+00,1.303168e+00,1.622210e+00,1.573629e+00
1.302148e+01,3.906250e+00,1.307128e+00,1.626624e+00,1.577893e+00
1.305404e+01,3.916016e+00,1.311094e+00,1.631041e+00,1.582160e+00
1.308659e+01,3.925781e+00,1.315065e+00,1.635460e+00,1.586429e+00
1.311915e+01,3.935547e+00,1.319043e+00,1.639883e+00,1.590702e+00
1.315170e+01,3.945313e+00,1.323027e+00,1.644308e+00,1.594977e+00
1.318425e+01,3.955078e+00,1.327018e+00,1.648737e+00,1.599255e+00
1.321681e+01,3.964844e+00,1.331014e+00,1.653168e+00,1.603535e+00
1.324936e+01,3.974609e+00,1.335017e+00,1.657602e+00,1.607819e+00
1.328191e+01,3.984375e+00,1.339026e+00,1.662040e+00,1.612105e+00
1.331447e+01,3.994141e+00,1.343042e+00,1.666480e+00,1.616394e+00
1.334702e+01,4.003906e+00,1.347064e+00,1.670923e+00,1.620685e+00
1.337958e+01,4.013672e+00,1.351092e+00,1.675369e+00,1.624980e+00
1.341213e+01,4.023438e+00,1.355126e+00,1.679819e+00,1.629277e+00
1.344468e+01,4.033203e+00,1.359167e+00,1.684271e+00,1.633577e+00
1.347724e+01,4.042969e+00,1.363215e+00,1.688726e+00,1.637880e+00
1.350979e+01,4.052734e+00,1.367268e+00,1.693185e+00,1.642186e+00
1.354234e+01,4.062500e+00,1.371329e+00,1.697646e+00,1.646495e+00
1.357490e+01,4.072266e+00,1.375396e+00,1.702111e+00,1.650806e+00
1.360745e+01,4.082031e+00,1.379469e+00,1.706578e+00,1.655121e+00
1.364000e+01,4.091797e+00,1.383550e+00,1.711049e+00,1.659438e+00
1.367256e+01,4.101562e+00,1.387636e+00,1.715523e+00,1.663758e+00
1.370511e+01,4.111328e+00,1.391730e+00,1.720000e+00,1.668082e+00
1.373767e+01,4.121094e+00,1.395830e+00,1.724480e+00,1.672408e+00
1.377022e+01,4.130859e+00,1.399937e+00,1.728963e+00,1.676737e+00
1.380277e+01,4.140625e+00,1.404050e+00,1.733450e+00,1.681069e+00
1.383533e+01,4.150391e+00,1.408171e+00,1.737940e+00,1.685404e+00
1.386788e+01,4.160156e+00,1.412298e+00,1.742433e+00,1.689742e+00
1.390043e+01,4.169922e+00,1.416432e+00,1.746929e+00,1.694083e+00
1.393299e+01,4.179687e+00,1.420573e+00,1.751428e+00,1.698427e+00
1.396554e+01,4.189453e+00,1.424721e+00,1.755931e+00,1.702775e+00
1.399810e+01,4.199219e+00,1.428876e+00,1.760436e+00,1.707125e+00
1.403065e+01,4.208984e+00,1.433038e+00,1.764946e+00,1.711478e+00
1.406320e+01,4.218750e+00,1.437207e+00,1.769458e+00,1.715834e+00
1.409576e+01,4.228516e+00,1.441383e+00,1.773974e+00,1.720194e+00
1.412831e+01,4.238281e+00,1.445565e+00,1.778493e+00,1.724556e+00
1.416086e+01,4.248047e+00,1.449756e+00,1.783015e+00,1.728922e+00
1.419342e+01,4.257813e+00,1.453953e+00,1.787540e+00,1.733291e+00
1.422597e+01,4.267578e+00,1.458157e+00,1.792069e+00,1.737663e+00
1.425853e+01,4.277344e+00,1.462369e+00,1.796602e+00,1.742038e+00
1.429108e+01,4.287109e+00,1.466588e+00,1.801137e+00,1.746416e+00
1.432363e+01,4.296875e+00,1.470814e+00,1.805677e+00,1.750797e+00
1.435619e+01,4.306641e+00,1.475047e+00,1.810219e+00,1.755182e+00
1.438874e+01,4.316406e+00,1.479288e+00,1.814765e+00,1.759570e+00
1.442129e+01,4.326172e+00,1.483536e+00,1.819314e+00,1.763961e+00
1.445385e+01,4.335938e+00,1.487792e+00,1.823867e+00,1.768355e+00
1.448640e+01,4.345703e+00,1.492055e+00,1.828423e+00,1.772752e+00
1.451896e+01,4.355469e+00,1.496325e+00,1.832983e+00,1.777153e+00
1.455151e+01,4.365234e+00,1.500603e+00,1.837546e+00,1.781557e+00
1.458406e+01,4.375000e+00,1.504889e+00,1.842113e+00,1.785964e+00
1.461662e+01,4.384766e+00,1.509182e+00,1.846683e+00,1.790375e+00
1.464917e+01,4.394531e+00,1.513482e+00,1.851257e+00,1.794789e+00
1.468172e+01,4.404297e+00,1.517791e+00,1.855834e+00,1.799206e+00
1.471428e+01,4.414062e+00,1.522107e+00,1.860415e+00,1.803627e+00
1.474683e+01,4.423828e+00,1.526431e+00,1.865000e+00,1.808051e+00
1.477938e+01,4.433594e+00,1.530762e+00,1.869588e+00,1.812478e+00
1.481194e+01,4.443359e+00,1.535102e+00,1.874179e+00,1.816909e+00
1.484449e+01,4.453125e+00,1.539449e+00,1.878775e+00,1.821343e+00
1.487705e+01,4.462891e+00,1.543804e+00,1.883374e+00,1.825780e+00
1.490960e+01,4.472656e+00,1.548167e+00,1.887976e+00,1.830221e+00
1.494215e+01,4.482422e+00,1.552538e+00,1.892582e+00,1.834666e+00
1.497471e+01,4.492187e+00,1.556917e+00,1.897192e+00,1.839114e+00
1.500726e+01,4.501953e+00,1.561303e+00,1.901806e+00,1.843565e+00
1.503981e+01,4.511719e+00,1.565698e+00,1.906423e+00,1.848020e+00
1.507237e+01,4.521484e+00,1.570101e+00,1.911044e+00,1.852478e+00
1.510492e+01,4.531250e+00,1.574513e+00,1.915669e+00,1.856940e+00
1.513748e+01,4.541016e+00,1.578932e+00,1.920297e+00,1.861406e+00
1.517003e+01,4.550781e+00,1.583359e+00,1.924930e+00,1.865875e+00
1.520258e+01,4.560547e+00,1.587795e+00,1.929566e+00,1.870347e+00
1.523514e+01,4.570313e+00,1.592239e+00,1.934205e+00,1.874823e+00
1.526769e+01,4.580078e+00,1.596692e+00,1.938849e+00,1.879303e+00
1.530024e+01,4.589844e+00,1.601152e+00,1.943497e+00,1.883787e+00
1.533280e+01,4.599609e+00,1.605622e+00,1.948148e+00,1.888274e+00
1.536535e+01,4.609375e+00,1.610099e+00,1.952803e+00,1.892764e+00
1.539791e+01,4.619141e+00,1.614585e+00,1.957462e+00,1.897258e+00
1.543046e+01,4.628906e+00,1.619080e+00,1.962125e+00,1.901756e+00
1.546301e+01,4.638672e+00,1.623583e+00,1.966792e+00,1.906258e+00
1.549557e+01,4.648438e+00,1.628095e+00,1.971463e+00,1.910764e+00
1.552812e+01,4.658203e+00,1.632615e+00,1.976138e+00,1.915273e+00
1.556067e+01,4.667969e+00,1.637144e+00,1.980817e+00,1.919786e+00
1.559323e+01,4.677734e+00,1.641682e+00,1.985499e+00,1.924302e+00
1.562578e+01,4.687500e+00,1.646228e+00,1.990186e+00,1.928823e+00
1.565833e+01,4.697266e+00,1.650784e+00,1.994877e+00,1.933347e+00
1.569089e+01,4.707031e+00,1.655348e+00,1.999572e+00,1.937875e+00
1.572344e+01,4.716797e+00,1.659921e+00,2.004270e+00,1.942407e+00
1.575600e+01,4.726562e+00,1.664503e+00,2.008973e+00,1.946942e+00
1.578855e+01,4.736328e+00,1.669094e+00,2.013680e+00,1.951482e+00
1.582110e+01,4.746094e+00,1.673694e+00,2.018391e+00,1.956025e+00
1.585366e+01,4.755859e+00,1.678303e+00,2.023106e+00,1.960573e+00
1.588621e+01,4.765625e+00,1.682921e+00,2.027826e+00,1.965124e+00
1.591876e+01,4.775391e+00,1.687548e+00,2.032549e+00,1.969679e+00
1.595132e+01,4.785156e+00,1.692185e+00,2.037277e+00,1.974238e+00
1.598387e+01,4.794922e+00,1.696830e+00,2.042009e+00,1.978801e+00
1.601643e+01,4.804687e+00,1.701485e+00,2.046745e+00,1.983368e+00
1.604898e+01,4.814453e+00,1.706149e+00,2.051485e+00,1.987939e+00
1.608153e+01,4.824219e+00,1.710823e+00,2.056229e+00,1.992514e+00
1.611409e+01,4.833984e+00,1.715506e+00,2.060978e+00,1.997093e+00
1.614664e+01,4.843750e+00,1.720198e+00,2.065731e+00,2.001676e+00
1.617919e+01,4.853516e+00,1.724900e+00,2.070488e+00,2.006264e+00
1.621175e+01,4.863281e+00,1.729612e+00,2.075250e+00,2.010855e+00
1.624430e+01,4.873047e+00,1.734333e+00,2.080016e+00,2.015450e+00
1.627686e+01,4.882813e+00,1.739063e+00,2.084786e+00,2.020050e+00
1.630941e+01,4.892578e+00,1.743804e+00,2.089560e+00,2.024653e+00
1.634196e+01,4.902344e+00,1.748554e+00,2.094339e+00,2.029261e+00
1.637452e+01,4.912109e+00,1.753314e+00,2.099123e+00,2.033873e+00
1.640707e+01,4.921875e+00,1.758083e+00,2.103910e+00,2.038489e+00
1.643962e+01,4.931641e+00,1.762863e+00,2.108703e+00,2.043110e+00
1.647218e+01,4.941406e+00,1.767652e+00,2.113499e+00,2.047734e+00
1.650473e+01,4.951172e+00,1.772452e+00,2.118301e+00,2.052363e+00
1.653729e+01,4.960938e+00,1.777261e+00,2.123106e+00,2.056996e+00
1.656984e+01,4.970703e+00,1.782080e+00,2.127916e+00,2.061634e+00
1.660239e+01,4.980469e+00,1.786910e+00,2.132731e+00,2.066276e+00
1.663495e+01,4.990234e+00,1.791750e+00,2.137550e+00,2.070922e+00
1.666750e+01,5.000000e+00,1.796600e+00,2.142374e+00,2.075572e+00
1.670005e+01,5.009766e+00,1.801460e+00,2.147202e+00,2.080227e+00
1.673261e+01,5.019531e+00,1.806330e+00,2.152035e+00,2.084886e+00
1.676516e+01,5.029297e+00,1.811211e+00,2.156873e+00,2.089550e+00
1.679771e+01,5.039062e+00,1.816102e+00,2.161715e+00,2.094218e+00
1.683027e+01,5.048828e+00,1.821004e+00,2.166562e+00,2.098890e+00
1.686282e+01,5.058594e+00,1.825916e+00,2.171414e+00,2.103567e+00
1.689538e+01,5.068359e+00,1.830838e+00,2.176270e+00,2.108249e+00
1.692793e+01,5.078125e+00,1.835772e+00,2.181131e+00,2.112935e+00
1.696048e+01,5.087891e+00,1.840716e+00,2.185997e+00,2.117625e+00
1.699304e+01,5.097656e+00,1.845670e+00,2.190868e+00,2.122320e+00
1.702559e+01,5.107422e+00,1.850635e+00,2.195743e+00,2.127020e+00
1.705814e+01,5.117187e+00,1.855612e+00,2.200623e+00,2.131724e+00
1.709070e+01,5.126953e+00,1.860599e+00,2.205508e+00,2.136432e+00
1.712325e+01,5.136719e+00,1.865597e+00,2.210398e+00,2.141146e+00
1.715581e+01,5.146484e+00,1.870605e+00,2.215293e+00,2.145864e+00
1.718836e+01,5.156250e+00,1.875625e+00,2.220193e+00,2.150587e+00
1.722091e+01,5.166016e+00,1.880656e+00,2.225097e+00,2.155314e+00
1.725347e+01,5.175781e+00,1.885698e+00,2.230007e+00,2.160046e+00
1.728602e+01,5.185547e+00,1.890752e+00,2.234921e+00,2.164783e+00
1.731857e+01,5.195313e+00,1.895816e+00,2.239841e+00,2.169525e+00
1.735113e+01,5.205078e+00,1.900892e+00,2.244765e+00,2.174271e+00
1.738368e+01,5.214844e+00,1.905979e+00,2.249695e+00,2.179022e+00
1.741624e+01,5.224609e+00,1.911078e+00,2.254629e+00,2.183778e+00
1.744879e+01,5.234375e+00,1.916188e+00,2.259569e+00,2.188539e+00
1.748134e+01,5.244141e+00,1.921309e+00,2.264513e+00,2.193305e+00
1.751390e+01,5.253906e+00,1.926443e+00,2.269463e+00,2.198075e+00
1.754645e+01,5.263672e+00,1.931587e+00,2.274418e+00,2.202851e+00
1.757900e+01,5.273438e+00,1.936744e+00,2.279378e+00,2.207631e+00
1.761156e+01,5.283203e+00,1.941912e+00,2.284343e+00,2.212417e+00
1.764411e+01,5.292969e+00,1.947092e+00,2.289314e+00,2.217207e+00
1.767667e+01,5.302734e+00,1.952284e+00,2.294289e+00,2.222003e+00
1.770922e+01,5.312500e+00,1.957488e+00,2.299270e+00,2.226803e+00
1.774177e+01,5.322266e+00,1.962703e+00,2.304256e+00,2.231609e+00
1.777433e+01,5.332031e+00,1.967931e+00,2.309248e+00,2.236419e+00
1.780688e+01,5.341797e+00,1.973171e+00,2.314245e+00,2.241235e+00
1.783943e+01,5.351562e+00,1.978423e+00,2.319247e+00,2.246056e+00
1.787199e+01,5.361328e+00,1.983687e+00,2.324254e+00,2.250881e+00
1.790454e+01,5.371094e+00,1.988964e+00,2.329267e+00,2.255712e+00
1.793709e+01,5.380859e+00,1.994253e+00,2.334285e+00,2.260549e+00
1.796965e+01,5.390625e+00,1.999554e+00,2.339309e+00,2.265390e+00
1.800220e+01,5.400391e+00,2.004868e+00,2.344338e+00,2.270237e+00
1.803476e+01,5.410156e+00,2.010194e+00,2.349373e+00,2.275089e+00
1.806731e+01,5.419922e+00,2.015533e+00,2.354413e+00,2.279946e+00
1.809986e+01,5.429687e+00,2.020885e+00,2.359459e+00,2.284809e+00
1.813242e+01,5.439453e+00,2.026249e+00,2.364510e+00,2.289677e+00
1.816497e+01,5.449219e+00,2.031626e+00,2.369567e+00,2.294550e+00
1.819752e+01,5.458984e+00,2.037016e+00,2.374629e+00,2.299429e+00
1.823008e+01,5.468750e+00,2.042419e+00,2.379697e+00,2.304313e+00
1.826263e+01,5.478516e+00,2.047834e+00,2.384771e+00,2.309202e+00
1.829519e+01,5.488281e+00,2.053263e+00,2.389850e+00,2.314097e+00
1.832774e+01,5.498047e+00,2.058705e+00,2.394936e+00,2.318998e+00
1.836029e+01,5.507813e+00,2.064160e+00,2.400026e+00,2.323904e+00
1.839285e+01,5.517578e+00,2.069629e+00,2.405123e+00,2.328815e+00
1.842540e+01,5.527344e+00,2.075110e+00,2.410225e+00,2.333733e+00
1.845795e+01,5.537109e+00,2.080605e+00,2.415334e+00,2.338655e+00
1.849051e+01,5.546875e+00,2.086114e+00,2.420448e+00,2.343584e+00
1.852306e+01,5.556641e+00,2.091636e+00,2.425568e+00,2.348518e+00
1.855562e+01,5.566406e+00,2.097171e+00,2.430693e+00,2.353457e+00
1.858817e+01,5.576172e+00,2.102721e+00,2.435825e+00,2.358403e+00
1.862072e+01,5.585938e+00,2.108284e+00,2.440963e+00,2.363354e+00
1.865328e+01,5.595703e+00,2.113860e+00,2.446106e+00,2.368311e+00
1.868583e+01,5.605469e+00,2.119451e+00,2.451256e+00,2.373273e+00
1.871838e+01,5.615234e+00,2.125056e+00,2.456412e+00,2.378242e+00
1.875094e+01,5.625000e+00,2.130674e+00,2.461573e+00,2.383216e+00
1.878349e+01,5.634766e+00,2.136307e+00,2.466741e+00,2.388196e+00
1.881604e+01,5.644531e+00,2.141954e+00,2.471915e+00,2.393182e+00
1.884860e+01,5.654297e+00,2.147615e+00,2.477095e+00,2.398174e+00
1.888115e+01,5.664062e+00,2.153290e+00,2.482281e+00,2.403172e+00
1.891371e+01,5.673828e+00,2.158980e+00,2.487474e+00,2.408176e+00
1.894626e+01,5.683594e+00,2.164684e+00,2.492673e+00,2.413186e+00
1.897881e+01,5.693359e+00,2.170403e+00,2.497877e+00,2.418202e+00
1.901137e+01,5.703125e+00,2.176136e+00,2.503089e+00,2.423224e+00
1.904392e+01,5.712891e+00,2.181884e+00,2.508306e+00,2.428252e+00
1.907647e+01,5.722656e+00,2.187646e+00,2.513530e+00,2.433286e+00
1.910903e+01,5.732422e+00,2.193424e+00,2.518760e+00,2.438327e+00
1.914158e+01,5.742188e+00,2.199216e+00,2.523997e+00,2.443374e+00
1.917414e+01,5.751953e+00,2.205024e+00,2.529240e+00,2.448426e+00
1.920669e+01,5.761719e+00,2.210846e+00,2.534489e+00,2.453486e+00
1.923924e+01,5.771484e+00,2.216684e+00,2.539745e+00,2.458551e+00
1.927180e+01,5.781250e+00,2.222537e+00,2.545008e+00,2.463623e+00
1.930435e+01,5.791016e+00,2.228405e+00,2.550277e+00,2.468701e+00
1.933690e+01,5.800781e+00,2.234289e+00,2.555552e+00,2.473785e+00
1.936946e+01,5.810547e+00,2.240188e+00,2.560835e+00,2.478876e+00
1.940201e+01,5.820313e+00,2.246102e+00,2.566123e+00,2.483973e+00
1.943457e+01,5.830078e+00,2.252032e+00,2.571419e+00,2.489077e+00
1.946712e+01,5.839844e+00,2.257978e+00,2.576721e+00,2.494187e+00
1.949967e+01,5.849609e+00,2.263940e+00,2.582030e+00,2.499304e+00
1.953223e+01,5.859375e+00,2.269917e+00,2.587346e+00,2.504427e+00
1.956478e+01,5.869141e+00,2.275911e+00,2.592668e+00,2.509557e+00
1.959733e+01,5.878906e+00,2.281920e+00,2.597998e+00,2.514694e+00
1.962989e+01,5.888672e+00,2.287946e+00,2.603334e+00,2.519837e+00
1.966244e+01,5.898438e+00,2.293988e+00,2.608677e+00,2.524987e+00
1.969500e+01,5.908203e+00,2.300046e+00,2.614027e+00,2.530144e+00
1.972755e+01,5.917969e+00,2.306121e+00,2.619384e+00,2.535307e+00
1.976010e+01,5.927734e+00,2.312212e+00,2.624749e+00,2.540478e+00
1.979266e+01,5.937500e+00,2.318319e+00,2.630120e+00,2.545655e+00
1.982521e+01,5.947266e+00,2.324444e+00,2.635498e+00,2.550839e+00
1.985776e+01,5.957031e+00,2.330585e+00,2.640883e+00,2.556029e+00
1.989032e+01,5.966797e+00,2.336743e+00,2.646276e+00,2.561227e+00
1.992287e+01,5.976562e+00,2.342917e+00,2.651675e+00,2.566432e+00
1.995542e+01,5.986328e+00,2.349109e+00,2.657082e+00,2.571644e+00
1.998798e+01,5.996094e+00,2.355318e+00,2.662496e+00,2.576863e+00
2.002053e+01,6.005859e+00,2.361544e+00,2.667917e+00,2.582089e+00
2.005309e+01,6.015625e+00,2.367788e+00,2.673346e+00,2.587322e+00
2.008564e+01,6.025391e+00,2.374049e+00,2.678782e+00,2.592562e+00
2.011819e+01,6.035156e+00,2.380327e+00,2.684225e+00,2.597809e+00
2.015075e+01,6.044922e+00,2.386623e+00,2.689676e+00,2.603064e+00
2.018330e+01,6.054688e+00,2.392936e+00,2.695134e+00,2.608326e+00
2.021585e+01,6.064453e+00,2.399268e+00,2.700600e+00,2.613595e+00
2.024841e+01,6.074219e+00,2.405617e+00,2.706073e+00,2.618872e+00
2.028096e+01,6.083984e+00,2.411984e+00,2.711554e+00,2.624156e+00
2.031352e+01,6.093750e+00,2.418369e+00,2.717042e+00,2.629447e+00
2.034607e+01,6.103516e+00,2.424773e+00,2.722538e+00,2.634746e+00
2.037862e+01,6.113281e+00,2.431194e+00,2.728042e+00,2.640052e+00
2.041118e+01,6.123047e+00,2.437634e+00,2.733553e+00,2.645366e+00
2.044373e+01,6.132813e+00,2.444093e+00,2.739073e+00,2.650687e+00
2.047628e+01,6.142578e+00,2.450570e+00,2.744600e+00,2.656016e+00
2.050884e+01,6.152344e+00,2.457066e+00,2.750134e+00,2.661353e+00
2.054139e+01,6.162109e+00,2.463580e+00,2.755677e+00,2.666697e+00
2.057395e+01,6.171875e+00,2.470114e+00,2.761228e+00,2.672049e+00
2.060650e+01,6.181641e+00,2.476666e+00,2.766786e+00,2.677409e+00
2.063905e+01,6.191406e+00,2.483238e+00,2.772353e+00,2.682777e+00
2.067161e+01,6.201172e+00,2.489828e+00,2.777927e+00,2.688153e+00
2.070416e+01,6.210938e+00,2.496438e+00,2.783510e+00,2.693536e+00
2.073671e+01,6.220703e+00,2.503068e+00,2.789101e+00,2.698928e+00
2.076927e+01,6.230469e+00,2.509717e+00,2.794700e+00,2.704327e+00
2.080182e+01,6.240234e+00,2.516385e+00,2.800307e+00,2.709734e+00
2.083437e+01,6.250000e+00,2.523073e+00,2.805922e+00,2.715150e+00
2.086693e+01,6.259766e+00,2.529782e+00,2.811546e+00,2.720574e+00
2.089948e+01,6.269531e+00,2.536510e+00,2.817178e+00,2.726005e+00
2.093204e+01,6.279297e+00,2.543258e+00,2.822818e+00,2.731445e+00
2.096459e+01,6.289062e+00,2.550026e+00,2.828467e+00,2.736894e+00
2.099714e+01,6.298828e+00,2.556815e+00,2.834124e+00,2.742350e+00
2.102970e+01,6.308594e+00,2.563624e+00,2.839790e+00,2.747815e+00
2.106225e+01,6.318359e+00,2.570454e+00,2.845464e+00,2.753288e+00
2.109480e+01,6.328125e+00,2.577304e+00,2.851147e+00,2.758770e+00
2.112736e+01,6.337891e+00,2.584175e+00,2.856839e+00,2.764260e+00
2.115991e+01,6.347656e+00,2.591067e+00,2.862539e+00,2.769759e+00
2.119247e+01,6.357422e+00,2.597980e+00,2.868248e+00,2.775266e+00
2.122502e+01,6.367188e+00,2.604914e+00,2.873965e+00,2.780782e+00
2.125757e+01,6.376953e+00,2.611869e+00,2.879692e+00,2.786306e+00
2.129013e+01,6.386719e+00,2.618846e+00,2.885427e+00,2.791839e+00
2.132268e+01,6.396484e+00,2.625844e+00,2.891171e+00,2.797381e+00
2.135523e+01,6.406250e+00,2.632864e+00,2.896925e+00,2.802932e+00
2.138779e+01,6.416016e+00,2.639906e+00,2.902687e+00,2.808492e+00
2.142034e+01,6.425781e+00,2.646969e+00,2.908458e+00,2.814060e+00
2.145290e+01,6.435547e+00,2.654055e+00,2.914238e+00,2.819638e+00
2.148545e+01,6.445312e+00,2.661162e+00,2.920028e+00,2.825224e+00
2.151800e+01,6.455078e+00,2.668292e+00,2.925826e+00,2.830820e+00
2.155056e+01,6.464844e+00,2.675444e+00,2.931634e+00,2.836424e+00
2.158311e+01,6.474609e+00,2.682619e+00,2.937451e+00,2.842038e+00
2.161566e+01,6.484375e+00,2.689816e+00,2.943278e+00,2.847661e+00
2.164822e+01,6.494141e+00,2.697036e+00,2.949114e+00,2.853293e+00
2.168077e+01,6.503906e+00,2.704279e+00,2.954959e+00,2.858935e+00
2.171333e+01,6.513672e+00,2.711546e+00,2.960814e+00,2.864586e+00
2.174588e+01,6.523438e+00,2.718835e+00,2.966679e+00,2.870246e+00
2.177843e+01,6.533203e+00,2.726147e+00,2.972553e+00,2.875916e+00
2.181099e+01,6.542969e+00,2.733484e+00,2.978436e+00,2.881595e+00
2.184354e+01,6.552734e+00,2.740843e+00,2.984329e+00,2.887284e+00
2.187609e+01,6.562500e+00,2.748227e+00,2.990233e+00,2.892983e+00
2.190865e+01,6.572266e+00,2.755634e+00,2.996146e+00,2.898691e+00
2.194120e+01,6.582031e+00,2.763065e+00,3.002068e+00,2.904409e+00
2.197375e+01,6.591797e+00,2.770521e+00,3.008001e+00,2.910137e+00
2.200631e+01,6.601562e+00,2.778000e+00,3.013944e+00,2.915875e+00
2.203886e+01,6.611328e+00,2.785504e+00,3.019896e+00,2.921622e+00
2.207142e+01,6.621094e+00,2.793033e+00,3.025859e+00,2.927380e+00
2.210397e+01,6.630859e+00,2.800587e+00,3.031832e+00,2.933147e+00
2.213652e+01,6.640625e+00,2.808165e+00,3.037815e+00,2.938925e+00
2.216908e+01,6.650391e+00,2.815769e+00,3.043808e+00,2.944713e+00
2.220163e+01,6.660156e+00,2.823397e+00,3.049812e+00,2.950511e+00
2.223418e+01,6.669922e+00,2.831051e+00,3.055826e+00,2.956319e+00
2.226674e+01,6.679688e+00,2.838731e+00,3.061851e+00,2.962138e+00
2.229929e+01,6.689453e+00,2.846436e+00,3.067886e+00,2.967967e+00
2.233185e+01,6.699219e+00,2.854167e+00,3.073931e+00,2.973806e+00
2.236440e+01,6.708984e+00,2.861924e+00,3.079987e+00,2.979656e+00
2.239695e+01,6.718750e+00,2.869707e+00,3.086054e+00,2.985516e+00
2.242951e+01,6.728516e+00,2.877516e+00,3.092131e+00,2.991388e+00
2.246206e+01,6.738281e+00,2.885352e+00,3.098220e+00,2.997270e+00
2.249461e+01,6.748047e+00,2.893214e+00,3.104319e+00,3.003162e+00
2.252717e+01,6.757812e+00,2.901104e+00,3.110429e+00,3.009066e+00
2.255972e+01,6.767578e+00,2.909020e+00,3.116550e+00,3.014980e+00
2.259228e+01,6.777344e+00,2.916963e+00,3.122682e+00,3.020905e+00
2.262483e+01,6.787109e+00,2.924933e+00,3.128825e+00,3.026842e+00
2.265738e+01,6.796875e+00,2.932931e+00,3.134979e+00,3.032789e+00
2.268994e+01,6.806641e+00,2.940957e+00,3.141145e+00,3.038748e+00
2.272249e+01,6.816406e+00,2.949010e+00,3.147322e+00,3.044718e+00
2.275504e+01,6.826172e+00,2.957091e+00,3.153510e+00,3.050699e+00
2.278760e+01,6.835938e+00,2.965200e+00,3.159710e+00,3.056691e+00
2.282015e+01,6.845703e+00,2.973338e+00,3.165921e+00,3.062695e+00
2.285271e+01,6.855469e+00,2.981504e+00,3.172143e+00,3.068711e+00
2.288526e+01,6.865234e+00,2.989699e+00,3.178378e+00,3.074738e+00
2.291781e+01,6.875000e+00,2.997922e+00,3.184624e+00,3.080776e+00
2.295037e+01,6.884766e+00,3.006175e+00,3.190882e+00,3.086827e+00
2.298292e+01,6.894531e+00,3.014457e+00,3.197151e+00,3.092889e+00
2.301547e+01,6.904297e+00,3.022768e+00,3.203433e+00,3.098963e+00
2.304803e+01,6.914062e+00,3.031108e+00,3.209726e+00,3.105049e+00
2.308058e+01,6.923828e+00,3.039479e+00,3.216032e+00,3.111147e+00
2.311313e+01,6.933594e+00,3.047879e+00,3.222349e+00,3.117257e+00
2.314569e+01,6.943359e+00,3.056310e+00,3.228679e+00,3.123380e+00
2.317824e+01,6.953125e+00,3.064771e+00,3.235022e+00,3.129514e+00
2.321080e+01,6.962891e+00,3.073262e+00,3.241376e+00,3.135661e+00
2.324335e+01,6.972656e+00,3.081784e+00,3.247743e+00,3.141821e+00
2.327590e+01,6.982422e+00,3.090337e+00,3.254123e+00,3.147992e+00
2.330846e+01,6.992188e+00,3.098921e+00,3.260515e+00,3.154177e+00
2.334101e+01,7.001953e+00,3.107537e+00,3.266919e+00,3.160374e+00
2.337356e+01,7.011719e+00,3.116184e+00,3.273337e+00,3.166584e+00
2.340612e+01,7.021484e+00,3.124862e+00,3.279767e+00,3.172806e+00
2.343867e+01,7.031250e+00,3.133573e+00,3.286210e+00,3.179042e+00
2.347123e+01,7.041016e+00,3.142315e+00,3.292666e+00,3.185290e+00
2.350378e+01,7.050781e+00,3.151090e+00,3.299135e+00,3.191552e+00
2.353633e+01,7.060547e+00,3.159898e+00,3.305617e+00,3.197826e+00
2.356889e+01,7.070312e+00,3.168738e+00,3.312113e+00,3.204114e+00
2.360144e+01,7.080078e+00,3.177611e+00,3.318622e+00,3.210415e+00
2.363399e+01,7.089844e+00,3.186518e+00,3.325144e+00,3.216730e+00
2.366655e+01,7.099609e+00,3.195458e+00,3.331680e+00,3.223058e+00
2.369910e+01,7.109375e+00,3.204431e+00,3.338229e+00,3.229400e+00
2.373166e+01,7.119141e+00,3.213439e+00,3.344792e+00,3.235755e+00
2.376421e+01,7.128906e+00,3.222480e+00,3.351368e+00,3.242124e+00
2.379676e+01,7.138672e+00,3.231556e+00,3.357959e+00,3.248508e+00
2.382932e+01,7.148438e+00,3.240666e+00,3.364563e+00,3.254904e+00
2.386187e+01,7.158203e+00,3.249811e+00,3.371181e+00,3.261316e+00
2.389442e+01,7.167969e+00,3.258991e+00,3.377813e+00,3.267741e+00
2.392698e+01,7.177734e+00,3.268206e+00,3.384460e+00,3.274180e+00
2.395953e+01,7.187500e+00,3.277456e+00,3.391121e+00,3.280634e+00
2.399208e+01,7.197266e+00,3.286743e+00,3.397796e+00,3.287102e+00
2.402464e+01,7.207031e+00,3.296065e+00,3.404485e+00,3.293585e+00
2.405719e+01,7.216797e+00,3.305423e+00,3.411190e+00,3.300082e+00
2.408975e+01,7.226562e+00,3.314818e+00,3.417908e+00,3.306594e+00
2.412230e+01,7.236328e+00,3.324249e+00,3.424642e+00,3.313121e+00
2.415485e+01,7.246094e+00,3.333718e+00,3.431390e+00,3.319663e+00
2.418741e+01,7.255859e+00,3.343223e+00,3.438154e+00,3.326220e+00
2.421996e+01,7.265625e+00,3.352766e+00,3.444932e+00,3.332792e+00
2.425251e+01,7.275391e+00,3.362346e+00,3.451725e+00,3.339379e+00
2.428507e+01,7.285156e+00,3.371965e+00,3.458534e+00,3.345982e+00
2.431762e+01,7.294922e+00,3.381621e+00,3.465358e+00,3.352600e+00
2.435018e+01,7.304688e+00,3.391317e+00,3.472198e+00,3.359234e+00
2.438273e+01,7.314453e+00,3.401050e+00,3.479053e+00,3.365883e+00
2.441528e+01,7.324219e+00,3.410823e+00,3.485923e+00,3.372548e+00
2.444784e+01,7.333984e+00,3.420635e+00,3.492810e+00,3.379229e+00
2.448039e+01,7.343750e+00,3.430486e+00,3.499712e+00,3.385926e+00
2.451294e+01,7.353516e+00,3.440378e+00,3.506630e+00,3.392640e+00
2.454550e+01,7.363281e+00,3.450309e+00,3.513565e+00,3.399369e+00
2.457805e+01,7.373047e+00,3.460281e+00,3.520515e+00,3.406115e+00
2.461061e+01,7.382812e+00,3.470293e+00,3.527482e+00,3.412877e+00
2.464316e+01,7.392578e+00,3.480346e+00,3.534466e+00,3.419656e+00
2.467571e+01,7.402344e+00,3.490440e+00,3.541465e+00,3.426452e+00
2.470827e+01,7.412109e+00,3.500576e+00,3.548482e+00,3.433264e+00
2.474082e+01,7.421875e+00,3.510754e+00,3.555515e+00,3.440094e+00
2.477337e+01,7.431641e+00,3.520973e+00,3.562566e+00,3.446941e+00
2.480593e+01,7.441406e+00,3.531235e+00,3.569633e+00,3.453804e+00
2.483848e+01,7.451172e+00,3.541540e+00,3.576717e+00,3.460686e+00
2.487104e+01,7.460938e+00,3.551888e+00,3.583819e+00,3.467584e+00
2.490359e+01,7.470703e+00,3.562278e+00,3.590938e+00,3.474501e+00
2.493614e+01,7.480469e+00,3.572713e+00,3.598074e+00,3.481435e+00
2.496870e+01,7.490234e+00,3.583191e+00,3.605228e+00,3.488387e+00
2.500125e+01,7.500000e+00,3.593714e+00,3.612400e+00,3.495357e+00
2.503380e+01,7.509766e+00,3.604281e+00,3.619590e+00,3.502345e+00
2.506636e+01,7.519531e+00,3.614893e+00,3.626798e+00,3.509351e+00
2.509891e+01,7.529297e+00,3.625550e+00,3.634023e+00,3.516376e+00
2.513146e+01,7.539063e+00,3.636252e+00,3.641268e+00,3.523419e+00
2.516402e+01,7.548828e+00,3.647001e+00,3.648530e+00,3.530481e+00
2.519657e+01,7.558594e+00,3.657795e+00,3.655811e+00,3.537562e+00
2.522913e+01,7.568359e+00,3.668636e+00,3.663111e+00,3.544662e+00
2.526168e+01,7.578125e+00,3.679524e+00,3.670430e+00,3.551781e+00
2.529423e+01,7.587891e+00,3.690459e+00,3.677768e+00,3.558920e+00
2.532679e+01,7.597656e+00,3.701441e+00,3.685124e+00,3.566078e+00
2.535934e+01,7.607422e+00,3.712472e+00,3.692500e+00,3.573255e+00
2.539189e+01,7.617188e+00,3.723550e+00,3.699896e+00,3.580453e+00
2.542445e+01,7.626953e+00,3.734677e+00,3.707311e+00,3.587670e+00
2.545700e+01,7.636719e+00,3.745853e+00,3.714745e+00,3.594907e+00
2.548956e+01,7.646484e+00,3.757079e+00,3.722200e+00,3.602164e+00
2.552211e+01,7.656250e+00,3.768353e+00,3.729674e+00,3.609442e+00
2.555466e+01,7.666016e+00,3.779678e+00,3.737169e+00,3.616741e+00
2.558722e+01,7.675781e+00,3.791054e+00,3.744684e+00,3.624060e+00
2.561977e+01,7.685547e+00,3.802480e+00,3.752219e+00,3.631400e+00
2.565232e+01,7.695312e+00,3.813957e+00,3.759776e+00,3.638761e+00
2.568488e+01,7.705078e+00,3.825486e+00,3.767352e+00,3.646143e+00
2.571743e+01,7.714844e+00,3.837067e+00,3.774950e+00,3.653547e+00
2.574999e+01,7.724609e+00,3.848700e+00,3.782569e+00,3.660972e+00
2.578254e+01,7.734375e+00,3.860386e+00,3.790209e+00,3.668419e+00
2.581509e+01,7.744141e+00,3.872125e+00,3.797871e+00,3.675888e+00
2.584765e+01,7.753906e+00,3.883917e+00,3.805554e+00,3.683380e+00
2.588020e+01,7.763672e+00,3.895763e+00,3.813259e+00,3.690893e+00
2.591275e+01,7.773438e+00,3.907664e+00,3.820987e+00,3.698429e+00
2.594531e+01,7.783203e+00,3.919620e+00,3.828736e+00,3.705988e+00
2.597786e+01,7.792969e+00,3.931630e+00,3.836507e+00,3.713569e+00
2.601042e+01,7.802734e+00,3.943696e+00,3.844301e+00,3.721174e+00
2.604297e+01,7.812500e+00,3.955819e+00,3.852118e+00,3.728802e+00
2.607552e+01,7.822266e+00,3.967997e+00,3.859958e+00,3.736453e+00
2.610808e+01,7.832031e+00,3.980233e+00,3.867821e+00,3.744128e+00
2.614063e+01,7.841797e+00,3.992526e+00,3.875707e+00,3.751827e+00
2.617318e+01,7.851563e+00,4.004877e+00,3.883616e+00,3.759550e+00
2.620574e+01,7.861328e+00,4.017286e+00,3.891549e+00,3.767297e+00
2.623829e+01,7.871094e+00,4.029753e+00,3.899506e+00,3.775069e+00
2.627084e+01,7.880859e+00,4.042280e+00,3.907487e+00,3.782865e+00
2.630340e+01,7.890625e+00,4.054867e+00,3.915493e+00,3.790687e+00
2.633595e+01,7.900391e+00,4.067513e+00,3.923522e+00,3.798533e+00
2.636851e+01,7.910156e+00,4.080220e+00,3.931577e+00,3.806405e+00
2.640106e+01,7.919922e+00,4.092989e+00,3.939656e+00,3.814303e+00
2.643361e+01,7.929688e+00,4.105818e+00,3.947761e+00,3.822226e+00
2.646617e+01,7.939453e+00,4.118710e+00,3.955891e+00,3.830176e+00
2.649872e+01,7.949219e+00,4.131664e+00,3.964046e+00,3.838152e+00
2.653127e+01,7.958984e+00,4.144682e+00,3.972227e+00,3.846154e+00
2.656383e+01,7.968750e+00,4.157763e+00,3.980434e+00,3.854183e+00
2.659638e+01,7.978516e+00,4.170908e+00,3.988667e+00,3.862239e+00
2.662894e+01,7.988281e+00,4.184117e+00,3.996927e+00,3.870323e+00
2.666149e+01,7.998047e+00,4.197392e+00,4.005214e+00,3.878434e+00
2.669404e+01,8.007812e+00,4.210732e+00,4.013527e+00,3.886572e+00
2.672660e+01,8.017578e+00,4.224138e+00,4.021867e+00,3.894739e+00
2.675915e+01,8.027344e+00,4.237611e+00,4.030235e+00,3.902934e+00
2.679170e+01,8.037109e+00,4.251151e+00,4.038631e+00,3.911158e+00
2.682426e+01,8.046875e+00,4.264759e+00,4.047055e+00,3.919411e+00
2.685681e+01,8.056641e+00,4.278436e+00,4.055506e+00,3.927692e+00
2.688937e+01,8.066406e+00,4.292181e+00,4.063987e+00,3.936004e+00
2.692192e+01,8.076172e+00,4.305996e+00,4.072495e+00,3.944344e+00
2.695447e+01,8.085938e+00,4.319881e+00,4.081033e+00,3.952715e+00
2.698703e+01,8.095703e+00,4.333836e+00,4.089600e+00,3.961116e+00
2.701958e+01,8.105469e+00,4.347863e+00,4.098197e+00,3.969548e+00
2.705213e+01,8.115234e+00,4.361961e+00,4.106823e+00,3.978010e+00
2.708469e+01,8.125000e+00,4.376132e+00,4.115480e+00,3.986504e+00
2.711724e+01,8.134766e+00,4.390376e+00,4.124166e+00,3.995029e+00
2.714979e+01,8.144531e+00,4.404694e+00,4.132884e+00,4.003586e+00
2.718235e+01,8.154297e+00,4.419086e+00,4.141632e+00,4.012175e+00
2.721490e+01,8.164063e+00,4.433552e+00,4.150412e+00,4.020796e+00
2.724746e+01,8.173828e+00,4.448095e+00,4.159223e+00,4.029450e+00
2.728001e+01,8.183594e+00,4.462713e+00,4.168066e+00,4.038138e+00
2.731256e+01,8.193359e+00,4.477409e+00,4.176941e+00,4.046858e+00
2.734512e+01,8.203125e+00,4.492182e+00,4.185849e+00,4.055613e+00
2.737767e+01,8.212891e+00,4.507033e+00,4.194789e+00,4.064401e+00
2.741022e+01,8.222656e+00,4.521963e+00,4.203763e+00,4.073224e+00
2.744278e+01,8.232422e+00,4.536972e+00,4.212770e+00,4.082082e+00
2.747533e+01,8.242188e+00,4.552062e+00,4.221811e+00,4.090975e+00
2.750789e+01,8.251953e+00,4.567232e+00,4.230886e+00,4.099904e+00
2.754044e+01,8.261719e+00,4.582484e+00,4.239995e+00,4.108868e+00
2.757299e+01,8.271484e+00,4.597819e+00,4.249140e+00,4.117869e+00
2.760555e+01,8.281250e+00,4.613236e+00,4.258319e+00,4.126907e+00
2.763810e+01,8.291016e+00,4.628737e+00,4.267534e+00,4.135981e+00
2.767065e+01,8.300781e+00,4.644323e+00,4.276785e+00,4.145093e+00
2.770321e+01,8.310547e+00,4.659994e+00,4.286073e+00,4.154243e+00
2.773576e+01,8.320313e+00,4.675751e+00,4.295397e+00,4.163432e+00
2.776832e+01,8.330078e+00,4.691595e+00,4.304758e+00,4.172659e+00
2.780087e+01,8.339844e+00,4.707527e+00,4.314157e+00,4.181925e+00
2.783342e+01,8.349609e+00,4.723546e+00,4.323593e+00,4.191231e+00
2.786598e+01,8.359375e+00,4.739655e+00,4.333068e+00,4.200577e+00
2.789853e+01,8.369141e+00,4.755854e+00,4.342582e+00,4.209964e+00
2.793108e+01,8.378906e+00,4.772144e+00,4.352134e+00,4.219391e+00
2.796364e+01,8.388672e+00,4.788525e+00,4.361727e+00,4.228860e+00
2.799619e+01,8.398438e+00,4.804999e+00,4.371359e+00,4.238370e+00
2.802875e+01,8.408203e+00,4.821565e+00,4.381032e+00,4.247924e+00
2.806130e+01,8.417969e+00,4.838226e+00,4.390745e+00,4.257520e+00
2.809385e+01,8.427734e+00,4.854982e+00,4.400500e+00,4.267159e+00
2.812641e+01,8.437500e+00,4.871834e+00,4.410297e+00,4.276842e+00
2.815896e+01,8.447266e+00,4.888782e+00,4.420136e+00,4.286570e+00
2.819151e+01,8.457031e+00,4.905828e+00,4.430018e+00,4.296342e+00
2.822407e+01,8.466797e+00,4.922973e+00,4.439943e+00,4.306160e+00
2.825662e+01,8.476562e+00,4.940217e+00,4.449912e+00,4.316024e+00
2.828917e+01,8.486328e+00,4.957561e+00,4.459925e+00,4.325935e+00
2.832173e+01,8.496094e+00,4.975007e+00,4.469984e+00,4.335892e+00
2.835428e+01,8.505859e+00,4.992555e+00,4.480087e+00,4.345898e+00
2.838684e+01,8.515625e+00,5.010206e+00,4.490236e+00,4.355951e+00
2.841939e+01,8.525391e+00,5.027962e+00,4.500432e+00,4.366054e+00
2.845194e+01,8.535156e+00,5.045822e+00,4.510675e+00,4.376206e+00
2.848450e+01,8.544922e+00,5.063789e+00,4.520965e+00,4.386408e+00
2.851705e+01,8.554688e+00,5.081863e+00,4.531303e+00,4.396661e+00
2.854960e+01,8.564453e+00,5.100045e+00,4.541690e+00,4.406965e+00
2.858216e+01,8.574219e+00,5.118336e+00,4.552127e+00,4.417321e+00
2.861471e+01,8.583984e+00,5.136738e+00,4.562613e+00,4.427730e+00
2.864727e+01,8.593750e+00,5.155251e+00,4.573150e+00,4.438192e+00
2.867982e+01,8.603516e+00,5.173877e+00,4.583738e+00,4.448709e+00
2.871237e+01,8.613281e+00,5.192616e+00,4.594378e+00,4.459280e+00
2.874493e+01,8.623047e+00,5.211469e+00,4.605070e+00,4.469907e+00
2.877748e+01,8.632812e+00,5.230439e+00,4.615816e+00,4.480590e+00
2.881003e+01,8.642578e+00,5.249525e+00,4.626616e+00,4.491330e+00
2.884259e+01,8.652344e+00,5.268730e+00,4.637470e+00,4.502127e+00
2.887514e+01,8.662109e+00,5.288054e+00,4.648379e+00,4.512984e+00
2.890770e+01,8.671875e+00,5.307498e+00,4.659345e+00,4.523899e+00
2.894025e+01,8.681641e+00,5.327064e+00,4.670367e+00,4.534875e+00
2.897280e+01,8.691406e+00,5.346752e+00,4.681447e+00,4.545912e+00
2.900536e+01,8.701172e+00,5.366565e+00,4.692585e+00,4.557011e+00
2.903791e+01,8.710938e+00,5.386503e+00,4.703782e+00,4.568173e+00
2.907046e+01,8.720703e+00,5.406567e+00,4.715039e+00,4.579398e+00
2.910302e+01,8.730469e+00,5.426759e+00,4.726357e+00,4.590688e+00
2.913557e+01,8.740234e+00,5.447081e+00,4.737737e+00,4.602043e+00
2.916812e+01,8.750000e+00,5.467533e+00,4.749179e+00,4.613465e+00
2.920068e+01,8.759766e+00,5.488116e+00,4.760684e+00,4.624954e+00
2.923323e+01,8.769531e+00,5.508833e+00,4.772254e+00,4.636511e+00
2.926579e+01,8.779297e+00,5.529685e+00,4.783889e+00,4.648138e+00
2.929834e+01,8.789062e+00,5.550672e+00,4.795590e+00,4.659835e+00
2.933089e+01,8.798828e+00,5.571796e+00,4.807358e+00,4.671604e+00
2.936345e+01,8.808594e+00,5.593060e+00,4.819194e+00,4.683445e+00
2.939600e+01,8.818359e+00,5.614463e+00,4.831099e+00,4.695360e+00
2.942855e+01,8.828125e+00,5.636008e+00,4.843075e+00,4.707350e+00
2.946111e+01,8.837891e+00,5.657696e+00,4.855121e+00,4.719416e+00
2.949366e+01,8.847656e+00,5.679529e+00,4.867240e+00,4.731559e+00
2.952622e+01,8.857422e+00,5.701508e+00,4.879433e+00,4.743781e+00
2.955877e+01,8.867188e+00,5.723634e+00,4.891699e+00,4.756082e+00
2.959132e+01,8.876953e+00,5.745910e+00,4.904042e+00,4.768464e+00
2.962388e+01,8.886719e+00,5.768337e+00,4.916461e+00,4.780929e+00
2.965643e+01,8.896484e+00,5.790916e+00,4.928958e+00,4.793477e+00
2.968898e+01,8.906250e+00,5.813650e+00,4.941535e+00,4.806110e+00
2.972154e+01,8.916016e+00,5.836539e+00,4.954193e+00,4.818829e+00
2.975409e+01,8.925781e+00,5.859585e+00,4.966932e+00,4.831637e+00
2.978665e+01,8.935547e+00,5.882791e+00,4.979755e+00,4.844533e+00
2.981920e+01,8.945313e+00,5.906158e+00,4.992662e+00,4.857521e+00
2.985175e+01,8.955078e+00,5.929687e+00,5.005655e+00,4.870601e+00
2.988431e+01,8.964844e+00,5.953381e+00,5.018736e+00,4.883775e+00
2.991686e+01,8.974609e+00,5.977241e+00,5.031906e+00,4.897045e+00
2.994941e+01,8.984375e+00,6.001270e+00,5.045167e+00,4.910412e+00
2.998197e+01,8.994141e+00,6.025468e+00,5.058519e+00,4.923878e+00
3.001452e+01,9.003906e+00,6.049838e+00,5.071966e+00,4.937445e+00
3.004708e+01,9.013672e+00,6.074382e+00,5.085508e+00,4.951115e+00
3.007963e+01,9.023438e+00,6.099102e+00,5.099147e+00,4.964890e+00
3.011218e+01,9.033203e+00,6.123999e+00,5.112885e+00,4.978771e+00
3.014474e+01,9.042969e+00,6.149077e+00,5.126723e+00,4.992761e+00
3.017729e+01,9.052734e+00,6.174336e+00,5.140664e+00,5.006862e+00
3.020984e+01,9.062500e+00,6.199779e+00,5.154710e+00,5.021075e+00
3.024240e+01,9.072266e+00,6.225408e+00,5.168862e+00,5.035403e+00
3.027495e+01,9.082031e+00,6.251225e+00,5.183123e+00,5.049849e+00
3.030750e+01,9.091797e+00,6.277232e+00,5.197494e+00,5.064414e+00
3.034006e+01,9.101562e+00,6.303432e+00,5.211978e+00,5.079101e+00
3.037261e+01,9.111328e+00,6.329826e+00,5.226576e+00,5.093913e+00
3.040517e+01,9.121094e+00,6.356418e+00,5.241292e+00,5.108851e+00
3.043772e+01,9.130859e+00,6.383209e+00,5.256128e+00,5.123919e+00
3.047027e+01,9.140625e+00,6.410201e+00,5.271085e+00,5.139119e+00
3.050283e+01,9.150391e+00,6.437398e+00,5.286167e+00,5.154455e+00
3.053538e+01,9.160156e+00,6.464801e+00,5.301376e+00,5.169928e+00
3.056793e+01,9.169922e+00,6.492412e+00,5.316715e+00,5.185542e+00
3.060049e+01,9.179687e+00,6.520236e+00,5.332186e+00,5.201300e+00
3.063304e+01,9.189453e+00,6.548273e+00,5.347793e+00,5.217205e+00
3.066560e+01,9.199219e+00,6.576527e+00,5.363538e+00,5.233261e+00
3.069815e+01,9.208984e+00,6.604999e+00,5.379424e+00,5.249471e+00
3.073070e+01,9.218750e+00,6.633694e+00,5.395455e+00,5.265838e+00
3.076326e+01,9.228516e+00,6.662613e+00,5.411633e+00,5.282366e+00
3.079581e+01,9.238281e+00,6.691759e+00,5.427963e+00,5.299059e+00
3.082836e+01,9.248047e+00,6.721136e+00,5.444447e+00,5.315920e+00
3.086092e+01,9.257812e+00,6.750745e+00,5.461090e+00,5.332954e+00
3.089347e+01,9.267578e+00,6.780590e+00,5.477894e+00,5.350166e+00
3.092603e+01,9.277344e+00,6.810673e+00,5.494865e+00,5.367558e+00
3.095858e+01,9.287109e+00,6.840998e+00,5.512005e+00,5.385137e+00
3.099113e+01,9.296875e+00,6.871568e+00,5.529320e+00,5.402906e+00
3.102369e+01,9.306641e+00,6.902386e+00,5.546813e+00,5.420871e+00
3.105624e+01,9.316406e+00,6.933455e+00,5.564490e+00,5.439037e+00
3.108879e+01,9.326172e+00,6.964777e+00,5.582354e+00,5.457408e+00
3.112135e+01,9.335938e+00,6.996357e+00,5.600411e+00,5.475991e+00
3.115390e+01,9.345703e+00,7.028198e+00,5.618666e+00,5.494791e+00
3.118646e+01,9.355469e+00,7.060302e+00,5.637124e+00,5.513815e+00
3.121901e+01,9.365234e+00,7.092674e+00,5.655790e+00,5.533068e+00
3.125156e+01,9.375000e+00,7.125317e+00,5.674672e+00,5.552557e+00
3.128412e+01,9.384766e+00,7.158234e+00,5.693774e+00,5.572289e+00
3.131667e+01,9.394531e+00,7.191430e+00,5.713103e+00,5.592271e+00
3.134922e+01,9.404297e+00,7.224906e+00,5.732665e+00,5.612510e+00
3.138178e+01,9.414062e+00,7.258668e+00,5.752468e+00,5.633015e+00
3.141433e+01,9.423828e+00,7.292720e+00,5.772519e+00,5.653793e+00
3.144688e+01,9.433594e+00,7.327064e+00,5.792825e+00,5.674854e+00
3.147944e+01,9.443359e+00,7.361705e+00,5.813394e+00,5.696206e+00
3.151199e+01,9.453125e+00,7.396647e+00,5.834235e+00,5.717858e+00
3.154455e+01,9.462891e+00,7.431894e+00,5.855357e+00,5.739820e+00
3.157710e+01,9.472656e+00,7.467450e+00,5.876767e+00,5.762104e+00
3.160965e+01,9.482422e+00,7.503319e+00,5.898478e+00,5.784720e+00
3.164221e+01,9.492188e+00,7.539506e+00,5.920497e+00,5.807679e+00
3.167476e+01,9.501953e+00,7.576014e+00,5.942837e+00,5.830994e+00
3.170731e+01,9.511719e+00,7.612850e+00,5.965509e+00,5.854677e+00
3.173987e+01,9.521484e+00,7.650015e+00,5.988524e+00,5.878743e+00
3.177242e+01,9.531250e+00,7.687517e+00,6.011895e+00,5.903206e+00
3.180498e+01,9.541016e+00,7.725359e+00,6.035637e+00,5.928080e+00
3.183753e+01,9.550781e+00,7.763545e+00,6.059762e+00,5.953383e+00
3.187008e+01,9.560547e+00,7.802082e+00,6.084286e+00,5.979131e+00
3.190264e+01,9.570313e+00,7.840973e+00,6.109225e+00,6.005343e+00
3.193519e+01,9.580078e+00,7.880224e+00,6.134596e+00,6.032038e+00
3.196774e+01,9.589844e+00,7.919841e+00,6.160417e+00,6.059237e+00
3.200030e+01,9.599609e+00,7.959827e+00,6.186709e+00,6.086963e+00
3.203285e+01,9.609375e+00,8.000189e+00,6.213490e+00,6.115238e+00
3.206541e+01,9.619141e+00,8.040933e+00,6.240784e+00,6.144088e+00
3.209796e+01,9.628906e+00,8.082063e+00,6.268615e+00,6.173541e+00
3.213051e+01,9.638672e+00,8.123585e+00,6.297008e+00,6.203626e+00
3.216307e+01,9.648438e+00,8.165506e+00,6.325989e+00,6.234374e+00
3.219562e+01,9.658203e+00,8.207830e+00,6.355591e+00,6.265820e+00
3.222817e+01,9.667969e+00,8.250565e+00,6.385843e+00,6.297999e+00
3.226073e+01,9.677734e+00,8.293716e+00,6.416781e+00,6.330953e+00
3.229328e+01,9.687500e+00,8.337289e+00,6.448442e+00,6.364724e+00
3.232583e+01,9.697266e+00,8.381291e+00,6.480868e+00,6.399360e+00
3.235839e+01,9.707031e+00,8.425729e+00,6.514103e+00,6.434912e+00
3.239094e+01,9.716797e+00,8.470608e+00,6.548197e+00,6.471437e+00
3.242350e+01,9.726563e+00,8.515936e+00,6.583202e+00,6.508996e+00
3.245605e+01,9.736328e+00,8.561720e+00,6.619177e+00,6.547658e+00
3.248860e+01,9.746094e+00,8.607967e+00,6.656190e+00,6.587499e+00
3.252116e+01,9.755859e+00,8.654684e+00,6.694310e+00,6.628602e+00
3.255371e+01,9.765625e+00,8.701879e+00,6.733620e+00,6.671062e+00
3.258626e+01,9.775391e+00,8.749558e+00,6.774209e+00,6.714982e+00
3.261882e+01,9.785156e+00,8.797730e+00,6.816178e+00,6.760481e+00
3.265137e+01,9.794922e+00,8.846402e+00,6.859641e+00,6.807691e+00
3.268393e+01,9.804687e+00,8.895582e+00,6.904729e+00,6.856764e+00
3.271648e+01,9.814453e+00,8.945280e+00,6.951589e+00,6.907872e+00
3.274903e+01,9.824219e+00,8.995502e+00,7.000391e+00,6.961215e+00
3.278159e+01,9.833984e+00,9.046258e+00,7.051332e+00,7.017024e+00
3.281414e+01,9.843750e+00,9.097556e+00,7.104642e+00,7.075568e+00
3.284669e+01,9.853516e+00,9.149405e+00,7.160593e+00,7.137165e+00
3.287925e+01,9.863281e+00,9.201815e+00,7.219505e+00,7.202194e+00
3.291180e+01,9.873047e+00,9.254794e+00,7.281768e+00,7.271112e+00
3.294436e+01,9.882812e+00,9.308352e+00,7.347856e+00,7.344478e+00
3.297691e+01,9.892578e+00,9.362499e+00,7.418354e+00,7.422985e+00
3.300946e+01,9.902344e+00,9.417245e+00,7.494005e+00,7.507508e+00
3.304202e+01,9.912109e+00,9.472600e+00,7.575762e+00,7.599177e+00
3.307457e+01,9.921875e+00,9.528574e+00,7.664888e+00,7.699487e+00
3.310712e+01,9.931641e+00,9.585179e+00,7.763106e+00,7.810481e+00
3.313968e+01,9.941406e+00,9.642424e+00,7.872860e+00,7.935059e+00
3.317223e+01,9.951172e+00,9.700322e+00,7.997806e+00,8.077554e+00
3.320479e+01,9.960938e+00,9.758883e+00,8.143808e+00,8.244881e+00
3.323734e+01,9.970703e+00,9.818119e+00,8.321258e+00,8.449188e+00
3.326989e+01,9.980469e+00,9.878042e+00,8.551788e+00,8.715229e+00
3.330245e+01,9.990234e+00,9.938665e+00,8.896486e+00,9.109031e+00
